,TrackID,Age,Frame,is_Team_A,is_Team_B,is_Basketball,state_tentative,state_confirmed,time_since_start,OcclusionFrequency,DetectionConsistency,prev_vel_y,prev_vel_height,Normalized_Time_Frame,Temporal_TrackID,pos_x_rolling_avg,pos_y_rolling_avg,aspect_ratio_rolling_avg,height_rolling_avg,vel_x_rolling_avg,vel_y_rolling_avg,vel_aspect_rolling_avg,vel_height_rolling_avg,feature_mean_rolling_avg,feature_std_rolling_avg,feature_max_rolling_avg,cov_determinant_rolling_avg,prev_vel_x_rolling_avg,prev_vel_aspect_rolling_avg,accel_x_rolling_avg,accel_y_rolling_avg,accel_aspect_rolling_avg,accel_height_rolling_avg,distance,rank
0,9,2,1,False,False,True,True,False,0.03333333333333333,0.0,1.0,0.7386492524488744,0.7355399012396837,0.013333333333333334,0.6653543307086613,0.13829834130586013,0.927252952427907,0.019607685261020164,0.9285172573772484,0.5901884835863559,0.8318063746138725,0.8009964813326705,0.8290331424038451,0.7503026731297996,0.9630073467925939,0.49639894156735576,0.0005253728904423207,0.5860900934107377,0.8045279144806964,0.6935955270606657,0.13233315774952753,0.8777520769109728,0.12351953190455485,0.0,0
1,10,2,1,True,False,False,True,False,0.03333333333333333,0.0,1.0,0.7386492524488744,0.7355399012396837,0.013333333333333334,0.7391732283464566,0.1380478222583486,0.9271593694791767,0.019597808523774546,0.9284111160757849,0.5876701955105736,0.8309767855471311,0.8009817618297945,0.8283672612312035,0.7478405585932826,0.963097500573356,0.4983685812625587,0.0005266479452411043,0.5859638165641095,0.8045158628310897,0.6940839842585892,0.1303350758669248,0.8780808917731504,0.10877581179565418,0.00026743,2
2,7,2,1,True,False,False,True,False,0.03333333333333333,0.0,1.0,0.7386492524488744,0.7355399012396837,0.013333333333333334,0.5177165354330708,0.1419120516864878,0.9240608608718279,0.020261911747702623,0.9258739965795111,0.5842522142685365,0.8275739492651877,0.8013461738050872,0.8298007489413329,0.686469582844587,0.969976069973205,0.49676700555080266,0.0004717414003135626,0.5821959884917426,0.8048548545631626,0.694016150551649,0.12728967315525663,0.8808174049554663,0.12309532220721622,0.00482165,3
3,6,2,1,False,True,False,True,False,0.03333333333333333,0.0,1.0,0.7386492524488744,0.7355399012396837,0.013333333333333334,0.4438976377952756,0.14386674537050478,0.922677659239376,0.020583013064024776,0.9246157085702251,0.5824076300802815,0.8268988111953571,0.8015036007768656,0.8306333337221918,0.6516946609649407,0.9734857448931598,0.5161351292203011,0.00044765965500278675,0.5805910780288526,0.8050020498899962,0.6940596437515134,0.1267387402408091,0.8829800869734421,0.13403237244391025,0.00720697,4
4,5,2,1,True,False,False,True,False,0.03333333333333333,0.0,1.0,0.7386492524488744,0.7355399012396837,0.013333333333333334,0.3700787401574803,0.14586659699441656,0.9211506594174117,0.02090121577267702,0.9232084803475957,0.5808035325961818,0.8248579518861743,0.8016473844280906,0.8303215081485283,0.6302187977642019,0.9757221991498519,0.5406561486580588,0.0004265648721979425,0.5821959884917426,0.8051366886599278,0.6947120594715211,0.12442623094422102,0.885621394902792,0.12486088754143282,0.00972196,5
5,4,2,1,False,True,False,True,False,0.03333333333333333,0.0,1.0,0.7386492524488744,0.7355399012396837,0.013333333333333334,0.296259842519685,0.14818900533186247,0.9198188142812145,0.021216197806140473,0.9219142412523305,0.5824076300802815,0.8243243938968455,0.8017789025567814,0.8310172536484642,0.6042114122883308,0.978077051905053,0.5606211328412549,0.0004081646481214394,0.5852931841218811,0.8052556119801444,0.6950170062100747,0.12572911584407243,0.8882752599880624,0.15666948523758514,0.01237302,6
6,3,2,1,True,False,False,True,False,0.03333333333333333,0.0,1.0,0.7386492524488744,0.7355399012396837,0.013333333333333334,0.22244094488188973,0.15061463181763937,0.9181856777003248,0.021518941273886545,0.9202348119501411,0.5855032568039827,0.8207172610689881,0.8018950694865635,0.828049486123587,0.5897979369039588,0.9792337260565085,0.5855201639376877,0.0003949042622809691,0.5887743296235244,0.8053573673315453,0.6951008952345934,0.12304931323864006,0.8905432216515434,0.12263965051354535,0.015294,7
7,2,2,1,True,False,False,True,False,0.03333333333333333,0.0,1.0,0.7386492524488744,0.7355399012396837,0.013333333333333334,0.14862204724409447,0.15303380716914555,0.916959969323053,0.021801394487943243,0.9189867956797064,0.5889826389066553,0.8205092202564823,0.8019944663646494,0.8287742793481178,0.5549423018791219,0.982537014810644,0.6286433360523647,0.000386341925784029,0.5926138283385721,0.8054428036980956,0.6951719043422206,0.1251527320606327,0.8931231058439201,0.14801424226425253,0.01797441,8
8,1,2,1,False,True,False,True,False,0.03333333333333333,0.0,1.0,0.7386492524488744,0.7355399012396837,0.013333333333333334,0.07480314960629922,0.15544008025211034,0.915498021063011,0.022061302975678432,0.9174665783297125,0.5928201926963674,0.8177845642609755,0.802077922497356,0.8268567795522684,0.5570632337967862,0.9823545504162077,0.6517020472315618,0.0003851805219572557,0.5923808987498592,0.8055111058870733,0.6942983213899858,0.12398901390842826,0.8954905726737186,0.1349222125616466,0.02078503,9
9,0,2,1,False,True,False,True,False,0.03333333333333333,0.0,1.0,0.7386492524488744,0.7355399012396837,0.013333333333333334,0.000984251968503937,0.15750444321872892,0.9141832947588984,0.022291903319195644,0.9160798935847854,0.5925873810997916,0.8162608817747824,0.8021446415864,0.8262236791451336,0.5233890082010694,0.9849577389930539,0.670901060422179,0.00039389381889875944,0.5915131720402584,0.8055651999511343,0.694173097385977,0.12421626543870046,0.8994953462691633,0.1636199815828661,0.02323124,10
10,9,3,2,False,False,True,True,False,0.06666666666666667,0.0,1.0,0.6279475282121785,0.5977640802513899,0.02666666666666667,0.6663385826771654,0.11650264657783457,0.9374443637957242,0.016008580737549655,0.9383267679802509,0.5869222989164452,0.8137305376142782,0.7981222917537939,0.8159482507203603,0.8571260679042729,0.9490727600653086,0.5502656029285957,0.0008631228969526325,0.5852283392546936,0.8017636170863767,0.694097536256057,0.11738095265355901,0.8705845978851826,0.15568306013751418,0.0,0
11,10,3,2,True,False,False,True,False,0.06666666666666667,0.0,1.0,0.7115793091596494,0.7028799336993681,0.02666666666666667,0.7401574803149606,0.11641233069804499,0.9375539243210671,0.016013841173691333,0.9382668495036182,0.5860046971658385,0.8145642609753815,0.7981165495602213,0.8152824862052472,0.8653813809845012,0.9479195243179594,0.5522849809999402,0.0008637851740092291,0.5828487032733007,0.8017523645464295,0.6938139644158905,0.11796410151153224,0.870457566485857,0.16054237347372802,0.00014199,2
12,7,3,2,True,False,False,True,False,0.06666666666666667,0.0,1.0,0.7762399037635332,0.7878241651990746,0.02666666666666667,0.5187007874015748,0.1201349577289427,0.935595529930566,0.016735594483498713,0.935555110446872,0.5807114313052286,0.8170314986427034,0.7988184382985152,0.8114338376827148,0.8258935952236665,0.953414443120316,0.5511310506734575,0.0007847965518915559,0.5788428262806008,0.8024449673463394,0.6940477337740452,0.11828402659124108,0.8717438423108834,0.16366921609790613,0.00407577,3
13,6,3,2,False,True,False,True,False,0.06666666666666667,0.0,1.0,0.7974909778312425,0.7911875410062502,0.02666666666666667,0.44488188976377946,0.12214513116768755,0.9344725345458034,0.017101463184945022,0.9341324746159654,0.5790561664372661,0.8172865768042685,0.7991495696365503,0.8086162083970089,0.820944169209189,0.9540926988633722,0.5457692537254044,0.0007486985469994495,0.5785817403679776,0.8027649754607208,0.6943279316768083,0.11660869578695394,0.8722647008764147,0.12902522225218244,0.00637726,4
14,5,3,2,True,False,False,True,False,0.06666666666666667,0.0,1.0,0.7401893796184912,0.7345753479056597,0.02666666666666667,0.3710629921259842,0.1243181957467672,0.9337261534669057,0.0174647553462403,0.9331053007308341,0.5787952127795657,0.8207392586352149,0.7994621606412863,0.8087796455944285,0.8192491743815663,0.9543163490482267,0.5475100968903568,0.0007145213339022271,0.5794366687485283,0.8030667430285247,0.694548620723672,0.11974315245071811,0.8728823151879279,0.10727635521229781,0.00865493,5
15,4,3,2,False,True,False,True,False,0.06666666666666667,0.0,1.0,0.7707395314200607,0.7706706032666875,0.02666666666666667,0.29724409448818895,0.12660899352628677,0.9328222791328284,0.01782579303490342,0.9323041051004319,0.579649708090075,0.8233096976504728,0.7997569338766429,0.810893130038147,0.8105609972959663,0.9555001267393206,0.5416807592065731,0.0006815874647813628,0.5828000696229101,0.8033543888828492,0.6950441823677422,0.1216738211334852,0.8737291084879036,0.09386649468200864,0.01111314,6
16,3,3,2,True,False,False,True,False,0.06666666666666667,0.0,1.0,0.685069599587558,0.6720950309057634,0.02666666666666667,0.2234251968503937,0.1291446118513788,0.9318910146674153,0.018188763128679827,0.9316158985973941,0.5830114052098629,0.8259742113638492,0.8000379127098992,0.8142140199017743,0.8129501864378066,0.9551875211539751,0.5288184151363824,0.000649384354749662,0.5858819072581885,0.8036228191199034,0.6950018166546293,0.12467981888164527,0.8744613008691443,0.08978588701750666,0.01380793,7
17,2,3,2,True,False,False,True,False,0.06666666666666667,0.0,1.0,0.7343935384086613,0.7362894436962603,0.02666666666666667,0.14960629921259844,0.13160797747263914,0.9309186650049988,0.018547868412229676,0.9309482355720591,0.5860916817184053,0.8286085369278293,0.8003001213031549,0.8181151643121289,0.8107255693235778,0.9554680724246318,0.5215267691940393,0.0006179598306515276,0.5875584883637592,0.8038734627225991,0.6947292977392042,0.12752621835886943,0.8753113957267363,0.08434349623813045,0.01645466,8
18,1,3,2,False,True,False,True,False,0.06666666666666667,0.0,1.0,0.7351489946726242,0.73126368313823,0.02666666666666667,0.07578740157480314,0.1338900662208933,0.9298025171530697,0.018903430953071863,0.930260029069021,0.587767413539913,0.830359683609473,0.8005449555185271,0.8223505325416176,0.7941664118453421,0.9575572190117132,0.51696078626425,0.0005868089899162431,0.5890277365387175,0.8041072107038104,0.6946917814243941,0.12952014857203614,0.8762599495119081,0.09468353233373254,0.01899263,9
19,0,3,2,False,True,False,True,False,0.06666666666666667,0.0,1.0,0.7643764678925359,0.7707016816879037,0.02666666666666667,0.001968503937007874,0.13612860981282038,0.9286007751407166,0.01925545075120639,0.9294434258303417,0.5892359174567763,0.8316163530843397,0.8007732857171008,0.8260420433732691,0.7767501264157918,0.9597029614647257,0.5004675407357297,0.000556099243866201,0.587461221062978,0.8043206335045497,0.694072945182019,0.13138926028343412,0.8770030463362463,0.10990954716022355,0.02152644,10
20,9,4,3,False,False,True,True,False,0.1,0.0,1.0,0.42408203013117945,0.35912842294278124,0.04,0.6673228346456692,0.09505531310042589,0.9504660887348955,0.01237082811181369,0.9525788056364455,0.5858648396499467,0.8240514524634155,0.7935574668222732,0.8297301711365943,0.9321719783323397,0.9380193107782504,0.621325162976079,0.0013428608585150078,0.5884620503947005,0.7972631054544558,0.6949578873145936,0.12467950237230854,0.8672200952779647,0.1272114713808856,0.0,0
21,10,4,3,True,False,False,True,False,0.1,0.0,1.0,0.621469897462336,0.6228719914361684,0.04,0.7411417322834645,0.09493166636023778,0.9506943398293595,0.012359018969454794,0.9527448654145416,0.585001816442127,0.8258689038659552,0.7935275296853342,0.8309273106939956,0.917188669824275,0.9403161586058455,0.6264946382030518,0.0013417727732863284,0.5872436494691253,0.7972472521499188,0.6948762316092074,0.1272324745116303,0.867409169155818,0.1640457756964918,0.00025959,2
22,7,4,3,True,False,False,True,False,0.1,0.0,1.0,0.8629088617746463,0.8701215511585345,0.04,0.5196850393700787,0.09929876170477675,0.9478936989002862,0.01308721362963975,0.9495092676763786,0.5864217113443205,0.8236197697276046,0.7945830641965198,0.8264749594615088,0.9170683551266232,0.9403299902685616,0.5669379066112246,0.0012341967522345495,0.584727497977864,0.7982781540454785,0.6940877481938441,0.12605161618194424,0.8677378025088801,0.1499515806707447,0.00496226,3
23,6,4,3,False,True,False,True,False,0.1,0.0,1.0,0.8193859196883772,0.8581097413584723,0.04,0.44586614173228345,0.10125377794550727,0.9464112080417424,0.013448573385821748,0.9479530992404048,0.5849378572122985,0.8216526256669475,0.7950793342339836,0.8243985721118512,0.9067445166532552,0.9419108601050494,0.5491614109782541,0.0011836431561091864,0.5825210660496166,0.7987741960430061,0.6939429338024834,0.12384034869769431,0.8681156995809579,0.1333289278606905,0.00740696,4
24,5,4,3,True,False,False,True,False,0.1,0.0,1.0,0.7298462507876496,0.6475793363030492,0.04,0.37204724409448814,0.10315331443150993,0.9450485490077924,0.01381476415478694,0.9466434525368626,0.5827325429678105,0.8204764579238042,0.7955638790296623,0.8241399423711809,0.8887969606427026,0.9445956302056127,0.5361896424805521,0.0011329099642730946,0.5806678680031535,0.7992597812479335,0.6940083180167591,0.12334268383892176,0.868541731831609,0.15787563731307427,0.00974307,5
25,4,4,3,False,True,False,True,False,0.1,0.0,1.0,0.8109606461591339,0.8520753479056598,0.04,0.2982283464566929,0.10511703970350586,0.9433606321642312,0.014186430071573067,0.945025653667781,0.580880283671976,0.8164319479546944,0.7960382093990238,0.8213023646481026,0.8890539692421373,0.9445547122732556,0.5353938284622886,0.0010859335713282485,0.5801073011907566,0.7997269577906466,0.6942635916940086,0.11825247454880039,0.8688481891834725,0.12923202265728176,0.0123177,6
26,3,4,3,True,False,False,True,False,0.1,0.0,1.0,0.63924271066048,0.6281190648848372,0.04,0.22440944881889763,0.10723655986813885,0.9421143811884578,0.014557773920840317,0.9438187243527518,0.580320000818678,0.8155733408218666,0.7964945577799332,0.8214850503377236,0.887756491695456,0.9447514305316314,0.5356027296420824,0.0010388445454265847,0.5821908691601225,0.8001768016112202,0.6948037379443806,0.11756183176393672,0.8691716943023214,0.14708783653967186,0.01476935,7
27,2,4,3,True,False,False,True,False,0.1,0.0,1.0,0.6840155811422352,0.6876843123036016,0.04,0.15059055118110234,0.1096347690332653,0.9408133499500129,0.014928473635069807,0.9424012243912709,0.5824025133418953,0.8141516896002996,0.7969339751744553,0.8199644194538095,0.8889978089578295,0.9445694672777911,0.5431032767642201,0.0009933825949091013,0.5842795564611085,0.8006011254781489,0.6948085587736187,0.11660678686707614,0.8693736103338481,0.1398549208088781,0.01748531,8
28,1,4,3,False,True,False,True,False,0.1,0.0,1.0,0.8106604800366615,0.8277996477778928,0.04,0.07677165354330709,0.11200749621802256,0.9397143209301688,0.015293054066440603,0.9410864418183031,0.5844901426034987,0.8142684639146307,0.7973484641137534,0.8191300848100233,0.8805243872961164,0.9457852833542826,0.547420567813302,0.0009482989056489326,0.5854646817311532,0.8010038969204577,0.6946239599466004,0.11826361391085033,0.8696829112157719,0.15865240273662604,0.02007429,9
29,0,4,3,False,True,False,True,False,0.1,0.0,1.0,0.7602085123446182,0.7632255948064505,0.04,0.002952755905511811,0.1142611999754857,0.9383790520275543,0.015654091755103725,0.9395662244683092,0.5856746675399231,0.8123909482355144,0.7977419001679413,0.8164552443391935,0.8735443461175108,0.9467395213809646,0.5546724230547322,0.0009057408537647529,0.5857948786206473,0.8013874359339327,0.6944576274601212,0.1153527700910995,0.8700690742299629,0.14527533459026268,0.02269279,10
30,9,5,4,False,False,True,False,True,0.13333333333333333,0.0,1.0,0.29081743713123676,0.2902724541593288,0.05333333333333334,0.6683070866141732,0.07116353732895087,0.9642695736726057,0.00837182308573534,0.9640660335851621,0.5827521571316245,0.8205903460326376,0.786505626145428,0.808705568063835,0.8521418385850458,0.949830526155564,0.7670917639880892,0.0019788056484005413,0.5853520564355118,0.7902480041872001,0.6949469890588599,0.12165692195140924,0.8653597321823233,0.09752414953439495,0.0,0
31,10,5,4,True,False,False,False,True,0.13333333333333333,0.0,1.0,0.5800996734834164,0.6049708208156359,0.05333333333333334,0.7421259842519684,0.0710947252300636,0.9643722866651145,0.008373755490848612,0.9642492129280105,0.5823743712807706,0.8214188430216232,0.7864976888902512,0.8102733285892605,0.8524139245882117,0.9496941727126775,0.7817579531663446,0.0019793923475351044,0.5848247652786452,0.790236964593726,0.6949181401883603,0.12242238555832453,0.8653430622020415,0.11331264183967071,0.00012363,2
32,11,2,4,False,True,False,True,False,0.13333333333333333,0.0,1.0,0.7386492524488744,0.7355399012396837,0.05333333333333334,0.8159448818897637,0.06864039119678217,0.9653994165902025,0.00801432813977988,0.9650504085584128,0.5798108853492429,0.8199798745670692,0.7857545975866365,0.808248037237083,0.8260001934194082,0.9533244256930327,0.7917255237451006,0.002037644714473556,0.5821627128362121,0.7894928847858711,0.6948937442545756,0.11995227465203101,0.8652020390352237,0.10808052717153191,0.00276456,3
33,7,5,4,True,False,False,False,True,0.13333333333333333,0.0,1.0,0.8996276565274675,0.9149659863945578,0.05333333333333334,0.5206692913385826,0.07588017663205635,0.9622153138224299,0.009093576395542716,0.9627289955780163,0.587260856439671,0.8237653280913602,0.787931649832387,0.8157227517177821,0.8946372600380288,0.9436792269848815,0.7506117820265401,0.0018679068079116591,0.5887487329654241,0.7916582141860457,0.694736392526956,0.12488607023981699,0.8655112291231916,0.09293287693534018,0.00514458,4
34,6,5,4,False,True,False,False,True,0.13333333333333333,0.0,1.0,0.8894999140745832,0.9190061811526641,0.05333333333333334,0.4468503937007874,0.07815162100876388,0.9612326928607624,0.00944849480134715,0.962020245597276,0.5889570552147239,0.8260238228961903,0.7886128305456233,0.8194457600821269,0.9057826226735671,0.9420699742863903,0.747368839902115,0.0018114980249837873,0.5870951888521435,0.7923234477603074,0.6940562201962152,0.12689289834647227,0.8655163129825741,0.09178093567486725,0.00761945,5
35,5,5,4,True,False,False,False,True,0.13333333333333333,0.0,1.0,0.7176548089591568,0.6110017611105356,0.05333333333333334,0.37303149606299213,0.08005728607232368,0.9601507826730029,0.009796005654217364,0.9612601369222791,0.5873043487159544,0.8277337826453244,0.7892626454159887,0.8231778677336942,0.9054782406105926,0.9421166321839234,0.7474384736287127,0.0017541720343330295,0.5850628141989782,0.7929686755738066,0.6939829915515446,0.12759277126534027,0.8656382119192884,0.09733327419243674,0.00980118,6
36,4,5,4,False,True,False,False,True,0.13333333333333333,0.0,1.0,0.8460594603883829,0.8807590041092579,0.05333333333333334,0.2992125984251969,0.08194456540321202,0.9590380585874909,0.010142872372049826,0.9604229902058969,0.5852730035766001,0.8293889824955537,0.7898929182167121,0.8266992918888021,0.9009383247286699,0.9427900390595947,0.7454290432325965,0.0016956793350577219,0.5826695266665984,0.7936012947145564,0.6939092329481173,0.12816697991789194,0.8658481010254373,0.10573545949722857,0.01198329,7
37,3,5,4,True,False,False,False,True,0.13333333333333333,0.0,1.0,0.61838803918199,0.6220052488000276,0.05333333333333334,0.22539370078740154,0.08382055524912668,0.9578260452758871,0.010492959765071072,0.9594317674067456,0.5828809283810127,0.8304312927080408,0.790510874586989,0.8293664329627513,0.893832422722901,0.9438573162641206,0.7456876827885324,0.0016362294638072928,0.5800279515506456,0.7942293747331164,0.6938601555030306,0.12856692014230386,0.8661558236351284,0.11460751817346479,0.01420279,8
38,2,5,4,True,False,False,False,True,0.13333333333333333,0.0,1.0,0.6892283897576903,0.6915138644290204,0.05333333333333334,0.15157480314960628,0.08570138344574435,0.9564359961106015,0.010851098846064292,0.9583172837413783,0.5802406913736906,0.8300922025648226,0.791124397042305,0.8313136804283664,0.8890521111811042,0.9445802409924777,0.7363070250482462,0.001575551056336858,0.5783488107792647,0.7948626663364128,0.6940421782472745,0.12836318901264834,0.8665965304532842,0.13383476136601807,0.01651405,9
39,1,5,4,False,True,False,False,True,0.13333333333333333,0.0,1.0,0.7915621240763018,0.8072930695120688,0.05333333333333334,0.07775590551181101,0.0877141373381975,0.9547651980991247,0.011223086830369294,0.9569151913881739,0.5785624011829897,0.8273619301694282,0.7917430102888722,0.8311082465206893,0.8896998682694529,0.9444822981966583,0.7223603843781707,0.0015172162725569554,0.579736149648302,0.7954924275113393,0.6946667368339161,0.12515934400793477,0.8669534991603761,0.1200999628925196,0.01908548,10
40,0,5,4,False,True,False,False,True,0.13333333333333333,0.0,1.0,0.7869118405224265,0.8151714492903761,0.05333333333333334,0.003937007874015748,0.09006364043958029,0.9534744381599309,0.011603448570165154,0.9556928544648682,0.5799490372856725,0.8274859590002809,0.7923581749349144,0.8323842465673522,0.9027449098422453,0.9425005875329906,0.6954817659113066,0.0014576257829742745,0.5821985481575526,0.79610487277569,0.6948796035320649,0.1262936602953028,0.8671757848701299,0.1426014930116409,0.02176577,11
41,9,6,5,False,False,True,False,True,0.16666666666666666,0.0,1.0,0.22687747035573125,0.22887530646776488,0.06666666666666667,0.6692913385826771,0.04706317488272376,0.9767549085397864,0.004509159975982353,0.9785149462360068,0.5800061741976527,0.8201640456800525,0.7775545918937086,0.8238424656735223,0.7546542286533757,0.9624636610608905,0.8707299604082526,0.002759774375954563,0.5804801591770845,0.781277353815048,0.694527154879748,0.1228261173526898,0.8641732524783851,0.16432270100526142,0.0,0
42,10,6,5,True,False,False,False,True,0.16666666666666666,0.0,1.0,0.5298963166638024,0.5643927621810145,0.06666666666666667,0.7431102362204723,0.04743325495205194,0.9766773031676688,0.004509589399340857,0.9784961147147793,0.5832902674519154,0.8191984929326969,0.7775446292699695,0.8234641453086174,0.7608720499528231,0.9617295979184517,0.8750571991325626,0.00276545800175419,0.581105570856669,0.781244627304445,0.6939690049640335,0.121691688826377,0.8640625109174243,0.1377804079609617,0.00037813,2
43,11,3,5,False,True,False,True,False,0.16666666666666666,0.0,1.0,0.7160394111244772,0.7207407023723195,0.06666666666666667,0.8169291338582676,0.04547307780390488,0.9784439666388198,0.004158213736244094,0.9801652722781176,0.584912273520367,0.8235212487129084,0.776623688710705,0.8264826588583895,0.7455678859880711,0.9635514844274029,0.8925253168334557,0.002850753973146379,0.5830790731962036,0.7803273883908307,0.6940444283197156,0.12607175172085744,0.8640225384568466,0.15958637863965897,0.00231977,3
44,7,6,5,True,False,False,False,True,0.16666666666666666,0.0,1.0,0.922460903935384,0.9394316102075349,0.06666666666666667,0.5216535433070866,0.05163100802198547,0.9735342855968994,0.005208153847788957,0.9755943484892842,0.5821108592538771,0.8123750351024993,0.7793234502646116,0.8202510470013182,0.7706150508337564,0.9605536730814208,0.8396832660207307,0.0026012019487334837,0.5832531304712857,0.7830278298624925,0.6946596530961416,0.11487562657680883,0.8642184679460745,0.12865348428043855,0.00558905,4
45,6,6,5,False,True,False,False,True,0.16666666666666666,0.0,1.0,0.907704645700865,0.9349252391311855,0.06666666666666667,0.44783464566929126,0.05393212761633814,0.972476341774059,0.005555986768178055,0.9744182343908088,0.5834642365570489,0.8126001591313302,0.7801824802334976,0.8205712719170332,0.7821064420235699,0.9591542080623898,0.8346497423552117,0.002520071099068293,0.5838981662554137,0.7838872369970961,0.694526372589849,0.11582627045269346,0.8643007787561594,0.1573085669363392,0.00809251,5
46,5,6,5,True,False,False,False,True,0.16666666666666666,0.0,1.0,0.7216933035458555,0.6323975275389344,0.06666666666666667,0.374015748031496,0.05614357644432833,0.9713396513236279,0.005903175553529396,0.9728980170408148,0.5841089455937206,0.8122065431058691,0.7810219681327415,0.8180763173551405,0.7855863453843724,0.9587018538492216,0.8364104808706203,0.002443113392706362,0.5851114478493689,0.7847389108124131,0.6946402490517236,0.11471928704700125,0.8644494564152255,0.144292411812913,0.01057254,6
47,4,6,5,False,True,False,False,True,0.16666666666666666,0.0,1.0,0.8607320845506101,0.8828343520149177,0.06666666666666667,0.30019685039370075,0.05840469900620276,0.9705145236171406,0.006254873284145035,0.9715575551207185,0.5853216125912697,0.8143466254797342,0.7818539019546448,0.8167971675552081,0.7891152224575301,0.9582482810804982,0.8259057358295367,0.0023656789721183845,0.5832147354841353,0.7855688977106012,0.6940086557956913,0.11754793819617398,0.8645118154727941,0.16880054830177046,0.01294498,7
48,3,6,5,True,False,False,False,True,0.16666666666666666,0.0,1.0,0.5599358423555021,0.586347940191305,0.06666666666666667,0.2263779527559055,0.060331975369569364,0.9694908174584698,0.006604638609647405,0.969970571468191,0.5834258610191518,0.8151034353645981,0.7826646515161798,0.8132697938661472,0.7882819451380227,0.958353918930662,0.8260350556075045,0.002294183535285947,0.5815739896999048,0.7863884614393164,0.6940560237599152,0.1166175811409501,0.8646560572711727,0.14643977206099237,0.01512706,8
49,2,6,5,True,False,False,False,True,0.16666666666666666,0.0,1.0,0.6975895056424357,0.7032908594910046,0.06666666666666667,0.15255905511811024,0.06230957058024727,0.9687033511825691,0.00695762461033856,0.9686763323729257,0.5817859463663481,0.8179420574744922,0.7834652194952124,0.8118030587603972,0.7965354142200107,0.957321324000934,0.8315560153592105,0.002223602701568444,0.580545004044272,0.787188523754179,0.6941725621485171,0.11933855050521602,0.8647517910916188,0.1612214327910263,0.01724181,9
50,1,6,5,False,True,False,False,True,0.16666666666666666,0.0,1.0,0.8137801455003724,0.8276494354086812,0.06666666666666667,0.07874015748031496,0.06437038542301701,0.9676419835933112,0.007309966475991962,0.9672485606725936,0.5807574819507052,0.8188090892071516,0.7842467380618208,0.8090015282136233,0.8039614771613525,0.9563446588667892,0.8206832063346794,0.0021595528203450865,0.5798564539413734,0.7879679078457326,0.6942365786112492,0.1193351552742698,0.8648447676442,0.1299419054418783,0.01955978,10
51,0,6,5,False,True,False,False,True,0.16666666666666666,0.0,1.0,0.7857696053159191,0.808650160571843,0.06666666666666667,0.004921259842519685,0.06647893865938978,0.9666593626316438,0.007661342139088725,0.966211115048611,0.5800692806377501,0.8204560984742114,0.7850080576824966,0.8091310180702511,0.8107565884856279,0.9554249176206242,0.8019815769054768,0.002096035647304889,0.5795979276945602,0.7887321615299867,0.6943183648281976,0.12115386323574058,0.8649826596955933,0.14167149564655748,0.0218836,11
52,9,7,6,False,False,True,False,True,0.2,0.0,1.0,0.16134501919000976,0.18615974308505134,0.08,0.670275590551181,0.025424457755284825,0.9914542790232679,0.0006486439830218869,0.9925786686799274,0.5964778078528288,0.8242230646822054,0.7664681623009938,0.817464798590777,0.6653482068376536,0.9725021330307855,0.9937163851474577,0.0038108212048747645,0.5882487449105311,0.7700433065880035,0.6926847657920423,0.130104696677107,0.8631004523499799,0.11510190739879374,0.0,0
53,10,7,6,True,False,False,False,True,0.2,0.0,1.0,0.5211433808787306,0.5527987844884147,0.08,0.7440944881889763,0.025049754373062644,0.9913002095345047,0.0006563736034749836,0.99248108716084,0.5925848227305985,0.8229338668913228,0.7664806976902039,0.8169235076585668,0.6638241594695797,0.9726558780205279,0.9889481328213596,0.0038151209559774864,0.5877607019627518,0.7700750244047865,0.693417814992721,0.12661728688024193,0.8631762189578887,0.08834374792425582,0.00040514,2
54,11,4,6,False,True,False,True,False,0.2,0.0,1.0,0.7185667640488056,0.7224474256707759,0.08,0.8179133858267716,0.02326182250994281,0.992731343896794,0.00032657646414309405,0.9934620382211403,0.5946826854689745,0.8243730693625386,0.7654339653213109,0.8155369162748918,0.6555453970542919,0.9734802757730163,1.0,0.0039013498880890495,0.5923783390840492,0.7690009336021688,0.6939216127300045,0.129264755676601,0.8630514389585275,0.11732617304499643,0.00251155,3
55,7,7,6,True,False,False,False,True,0.2,0.0,1.0,0.9237440568253422,0.9341482786007804,0.08,0.5226377952755905,0.02821048760898385,0.989047371232145,0.001339800878535781,0.9911252176324667,0.5832621253907908,0.824966535617336,0.768595346688358,0.8256245260787904,0.6785637855735679,0.9711167018481168,0.9568867755605512,0.003637157385411333,0.5791704635042849,0.7722722957759265,0.6935294753567517,0.12475622661266564,0.8635372117360026,0.09059409707856911,0.00368173,4
56,6,7,6,False,True,False,False,True,0.2,0.0,1.0,0.9492352637910294,0.9753271867122484,0.08,0.44881889763779526,0.02996003522319312,0.9879243758473821,0.0016976178920101136,0.9903240220020646,0.5793836376939883,0.8261728915098756,0.7696762366243565,0.8297829003394734,0.6842073138260166,0.9705186235082328,0.9459741758351072,0.0035432319925001923,0.578929854918142,0.7733724445022263,0.6943292513019979,0.12419938567343605,0.8636393724228665,0.09866519030941634,0.00574732,5
57,5,7,6,True,False,False,False,True,0.2,0.0,1.0,0.705452254110099,0.6178977174626196,0.08,0.375,0.03213245468884566,0.9867911091633683,0.002058977648192125,0.9893944296360209,0.5791431509898329,0.827466769633998,0.7707508862355952,0.8333326722740052,0.6883074466921326,0.9700847499989518,0.9348128842289554,0.0034445024936331993,0.5819758572320798,0.7744460309579341,0.6949910826822829,0.12490539810206086,0.8636729736860841,0.11427803723227133,0.0081696,6
58,4,7,6,False,True,False,False,True,0.2,0.0,1.0,0.8872429397949246,0.8981439276218102,0.08,0.3011811023622047,0.03464549404399029,0.985627028581602,0.002417438796704221,0.9881875003209919,0.5821876103296714,0.8286544041935786,0.7717995892333596,0.8350195401360226,0.697662681048399,0.9690728591625613,0.9223086564669833,0.0033427984562580523,0.5851472831707093,0.7754822957423033,0.6950138841797968,0.12698389137622546,0.8636665019639723,0.12720191724739838,0.010908,7
59,3,7,6,True,False,False,False,True,0.2,0.0,1.0,0.5448702526207252,0.5733485272281502,0.08,0.22736220472440943,0.037132728862052176,0.9843910489050793,0.0027694585948387362,0.9868110873149161,0.5853574297599737,0.8293782177291024,0.772811835597002,0.8355095017556958,0.7019869119581724,0.9686008464417539,0.9214133656964365,0.0032373778055819345,0.5887000993150334,0.7764882997120739,0.6950977413227134,0.129086512207313,0.8636889691615842,0.153366072887582,0.0136738,8
60,2,7,6,True,False,False,False,True,0.2,0.0,1.0,0.67882797731569,0.6762837114541248,0.08,0.15354330708661418,0.03961931856668698,0.9829188293457867,0.0031176135827467102,0.9850751634490447,0.5889084462000541,0.8282226434522139,0.7737945225275723,0.833036945439274,0.7136605720597967,0.9672658020086091,0.9178918886656187,0.003137293848845181,0.5881113761787262,0.7774558052010494,0.6942557510161014,0.1290341652789671,0.8636696402298344,0.14217059787926356,0.01656345,9
61,1,7,6,False,True,False,False,True,0.2,0.0,1.0,0.8057799163659277,0.8192979729963051,0.08,0.0797244094488189,0.04163529802627546,0.9816349169394265,0.003458683085239358,0.9835241308824965,0.5883200212856315,0.8285228868295423,0.7747396032905122,0.8318200907595572,0.7212203581829787,0.9664163174171416,0.9047908003899487,0.0030359991671489,0.5864322354073452,0.7784224701118416,0.6940423569028884,0.13030803783805828,0.8638175560455772,0.1665161345834816,0.01895287,10
62,0,7,6,False,True,False,False,True,0.2,0.0,1.0,0.8040625537033854,0.8217359024828206,0.08,0.005905511811023622,0.043546446553965355,0.9799196099645298,0.0038058718705906956,0.981664946150409,0.5866417310949307,0.825222549845549,0.775683862958089,0.827910547007151,0.7296611376911079,0.9654693573145274,0.9020949804030796,0.002943168474129824,0.5847019013197637,0.7793845959004441,0.6940227947801546,0.12685765998532267,0.8639555318936174,0.14450237063595714,0.02148151,11
63,9,8,7,False,False,True,False,True,0.23333333333333334,0.0,1.0,0.13375723205590884,0.1487965744673505,0.09333333333333334,0.671259842519685,0.22750140043373127,0.18287477688455517,0.1478576551745461,0.18555382647951557,0.4978015080733602,0.8228560173484353,0.8020293289789733,0.837995357030366,0.26769454687696215,0.9979962773953219,0.5624515050832619,9.490047270931148e-10,0.512375984191504,0.8055265003479993,0.6963391271819818,0.09418879599906896,0.9186907549635589,0.15998315949930247,0.0,0
64,10,8,7,True,False,False,False,True,0.23333333333333334,0.0,1.0,0.5008993526951939,0.5130184053316759,0.09333333333333334,0.7450787401574803,0.22774439315792697,0.18302085758501213,0.14773526951737218,0.18556923408779258,0.5041266495085371,0.8238675933726481,0.8019909726038794,0.8376926307439251,0.2563761130016118,0.9981452585931314,0.5327179038258758,1.0400693118767968e-09,0.5153579948601911,0.8054933643077054,0.6959767331041946,0.09960322560925455,0.9191469913300881,0.1866086087992362,0.00028352,2
65,11,5,7,False,True,False,False,True,0.23333333333333334,0.0,1.0,0.6667102022111474,0.6866898028246832,0.09333333333333334,0.8188976377952756,0.22390274269973523,0.18442117804954872,0.14678194966149094,0.18703295687410443,0.4935350010489313,0.8260376298792474,0.8018012199287508,0.8382193394850737,0.24568776592710928,0.9984601303013005,0.4602590374629447,8.781966738164729e-10,0.5038753340363883,0.8053537906713754,0.6957686261628345,0.09553951188652168,0.9118741996456605,0.1304424990243554,0.00391685,3
66,7,8,7,True,False,False,False,True,0.23333333333333334,0.0,1.0,0.9303431288308415,0.928554162781864,0.09333333333333334,0.5236220472440944,0.2352019043748367,0.17991207767841244,0.14913304254930615,0.18217442439743414,0.5398235748604409,0.8115206402695873,0.8022184909033581,0.8282958668237654,0.2849676504619809,0.9976201242610929,0.6165867536756662,2.485774466330795e-09,0.5732942387041948,0.8056433914751923,0.7005978449106827,0.10283855236302075,0.9409984717871602,0.3219778525238586,0.00825078,4
67,6,8,7,False,True,False,False,True,0.23333333333333334,0.0,1.0,0.9470928567336885,0.9693704893124763,0.09333333333333334,0.4498031496062992,0.2387661560593892,0.17822758460126814,0.14958071640054768,0.18015602771315137,0.5735103895372933,0.7920522793222878,0.8022738610750436,0.8052957734977426,0.28034431653156366,0.997746894606403,0.6571533732566701,6.833421490693375e-09,0.6240191360615959,0.8056739616225624,0.7074266734427528,0.2553193779215329,0.9549694889185649,0.4519631104502741,0.01218569,5
68,5,8,7,True,False,False,False,True,0.23333333333333334,0.0,1.0,0.6909457524202326,0.6070651610898167,0.09333333333333334,0.37598425196850394,0.24260135538331026,0.17716621701201052,0.14987379784272736,0.17883610927075788,0.6242095918377788,0.7783400730131986,0.8023037226712092,0.7883182534034834,0.27169267543245335,0.9980045477110595,0.65177168095816,2.5246420670679096e-07,0.6679583593566024,0.8056891281747236,0.7095581487337721,0.3013635567530887,0.962495415431643,0.5528083656980127,0.016143,6
69,4,8,7,False,True,False,False,True,0.23333333333333334,0.0,1.0,0.8958125680242882,0.9118926758520667,0.09333333333333334,0.3021653543307087,0.24436977256526135,0.17647376025418038,0.15001550755103404,0.1780040984238016,0.6467592497838177,0.7691942806327811,0.8023164807934846,0.7777424580907829,0.2624846318224616,0.998280425749758,0.6508863378628413,3.151859588185032e-07,0.6973543934103964,0.8056949272647698,0.7137636427244243,0.365615190574031,0.9716080407820148,0.6303044755391669,0.01804203,7
70,3,8,7,True,False,False,False,True,0.23333333333333334,0.0,1.0,0.5455003723434725,0.5678182948306226,0.09333333333333334,0.22834645669291337,0.24620968981871247,0.1759815938317424,0.15011749559867898,0.17733643539846639,0.6788116716213749,0.7615151018752535,0.8023233480656087,0.7669930938743131,0.2624846318224616,0.998280425749758,0.6508863378628413,4.193253722758617e-07,0.7263226646462372,0.8056972014910736,0.7184689330724335,0.5175486870666344,0.9821496786684503,1.0,0.0199378,8
71,2,8,7,True,False,False,False,True,0.23333333333333334,0.0,1.0,0.6826465028355387,0.6780569080424048,0.09333333333333334,0.15452755905511809,0.24789773661954115,0.17512565222750243,0.15017654131047342,0.17624506314551452,0.7128940528149735,0.736404099971918,0.8023262531831129,0.735102804446985,0.2624846318224616,0.998280425749758,0.6508863378628413,6.259590174703369e-07,0.7534709068384032,0.8056975510034822,0.7280504650477926,0.8758906309525645,0.9893649280162596,0.9803639587785498,0.02181879,9
72,1,8,7,False,True,False,False,True,0.23333333333333334,0.0,1.0,0.8304599873976055,0.8447339341828102,0.09333333333333334,0.08070866141732282,0.25005886660022,0.17522836522001123,0.15019264468641738,0.17638629955472007,0.7535957879009603,0.7381915192361697,0.8023267653002909,0.7372697472031358,0.2624846318224616,0.998280425749758,0.6508863378628413,1.2292805977679163e-06,0.7534709068384032,0.8056975510034822,0.694399092473775,0.21414676282273754,0.8593585592962321,0.13306564839118407,0.02381821,10
73,0,8,7,False,True,False,False,True,0.23333333333333334,0.0,1.0,0.7987901701323251,0.8141372284954591,0.09333333333333334,0.006889763779527559,0.021179073810652767,0.9938954244785603,0.0,0.9942889131986707,0.5939919257868262,0.8236520640269588,0.7643801715322952,0.813154652885524,0.5466272159756489,0.4921150969924408,0.6436245349461831,0.003994178383143031,0.5944772650482752,0.7679293645341011,0.6944825363279076,0.12773514643718573,0.8629676730394149,0.10552566116975585,0.83685327,11
74,9,9,8,False,False,True,False,True,0.26666666666666666,0.0,1.0,0.11792404193160333,0.12143029800752803,0.10666666666666667,0.672244094488189,0.18880534670008356,0.197283127222595,0.1315073607994661,0.1968185000864538,0.47827262323237996,0.8237601017192424,0.7959679017400652,0.8121049684441386,0.2837914257818481,0.9974576551549266,0.34867596442711335,1.1255440261927232e-09,0.4817026555679557,0.800180584213045,0.6948463458781354,0.08880961267938342,0.8793348817773639,0.14219193508938907,0.0,0
75,10,9,8,True,False,False,False,True,0.26666666666666666,0.0,1.0,0.4983215901930457,0.5117925342725923,0.10666666666666667,0.7460629921259843,0.18890856484841453,0.19718840301839247,0.1314834204472294,0.1968219239994043,0.47942559494875575,0.8230602358887953,0.7959057831388614,0.8121120845533767,0.31235096411040786,0.9962456864664793,0.3423193999562302,1.134928672669307e-09,0.4808178644196214,0.8001168347636237,0.6945955441182761,0.08744671697000855,0.8793785693348998,0.11790150753353924,0.0001401,2
76,11,6,8,False,True,False,False,True,0.26666666666666666,0.0,1.0,0.6305081056309789,0.6639127732311199,0.10666666666666667,0.8198818897637795,0.18508626779303472,0.19821895670989736,0.1295870868960711,0.198167521788926,0.4761815828118523,0.8214761771038098,0.7948276849270975,0.8139424411754412,0.34748005999502846,0.9947001915943656,0.34168274874161897,1.2198751220813112e-09,0.4791617606405308,0.7991242127985313,0.6947902677539167,0.08473980814541529,0.878355173837603,0.14991484677327896,0.00383501,3
77,7,9,8,True,False,False,False,True,0.26666666666666666,0.0,1.0,0.929174543163201,0.9097517179460617,0.10666666666666667,0.5246062992125984,0.1962531812155873,0.1950348539421246,0.1351041034944648,0.1947418968820137,0.48401530928125164,0.8262412243751756,0.7977543315517388,0.81334468799944,0.2680601324749835,0.9980188022019765,0.33884766130155364,9.898699278119877e-10,0.4843066889186948,0.8018152397945402,0.6944573633579947,0.09209022727302123,0.8821053999241325,0.09704464426111545,0.00777978,4
78,6,9,8,False,True,False,False,True,0.26666666666666666,0.0,1.0,0.9729850489774875,0.984650713077109,0.10666666666666667,0.45078740157480307,0.19970776361753806,0.1940864706446267,0.1368191130324944,0.19397665233759098,0.4845679170269703,0.8292750163811664,0.7985344378343225,0.8164660934893433,0.24397410717965504,0.998577515116732,0.34074766727015904,9.290965465801888e-10,0.4865156805127523,0.8025355984860626,0.6946629874064988,0.09583628915766725,0.8841784824267825,0.10802542567585019,0.0113614,5
79,5,9,8,True,False,False,False,True,0.26666666666666666,0.0,1.0,0.689796643180386,0.6199627058945406,0.10666666666666667,0.3769685039370078,0.20331394767484998,0.19291211876360942,0.13849998341352282,0.19306246757982426,0.4867757896406514,0.8306842647196481,0.7992381001386007,0.8187430151304814,0.24699913584425226,0.9985242953572828,0.3310188408968824,8.787416566220384e-10,0.48590648004996473,0.8031645358943695,0.694315058632369,0.0974748896114305,0.8861986422813481,0.08954597015916854,0.01515273,6
80,4,9,8,False,True,False,False,True,0.26666666666666666,0.0,1.0,0.9019304576960532,0.9203701785282641,0.10666666666666667,0.30314960629921256,0.2066233795557104,0.19183705610868407,0.14010355759002033,0.19230749477425285,0.4861668977726837,0.8332598521014697,0.7998524601111872,0.8228877404603306,0.24611464802156838,0.9985477238567793,0.31754968863776534,8.352723968384907e-10,0.485440620872539,0.8037134166364992,0.6943340442318712,0.10089687771066216,0.8887788291963291,0.10247126987933898,0.01863175,7
81,3,9,8,True,False,False,False,True,0.26666666666666666,0.0,1.0,0.5230681102136678,0.5349804896577921,0.10666666666666667,0.22933070866141728,0.20996506710792429,0.19034087018447254,0.14163531070980787,0.19136249479993217,0.485701274579532,0.8320635589253955,0.8003886189613909,0.8259111536262993,0.2369035319846729,0.9988117994304102,0.30878578676163393,8.056138401608268e-10,0.48592439771063495,0.8041799644267312,0.6944496595322042,0.09863498231931814,0.8916645687080496,0.07805775759733283,0.02226946,8
82,2,9,8,True,False,False,False,True,0.26666666666666666,0.0,1.0,0.688831987168471,0.6861252115059222,0.10666666666666667,0.15551181102362202,0.21335836373430364,0.18911516180720084,0.14307495251919605,0.19062292960263777,0.48618480635703565,0.8335598614621361,0.8008443531629688,0.8315985581129478,0.22208439320797796,0.9990342596397475,0.31397847323080597,7.865335157572522e-10,0.48705832966447904,0.8045780336746827,0.6945319976631383,0.10098685781063586,0.8956356653366251,0.09472901694773622,0.02587598,9
83,1,9,8,False,True,False,False,True,0.26666666666666666,0.0,1.0,0.8284023600847797,0.8407438102144411,0.10666666666666667,0.08169291338582677,0.2168226228376605,0.18761212835015545,0.14443407744886458,0.1896368426729118,0.4873181639095973,0.832380651502387,0.8012331960096954,0.8357502828945066,0.22657771400542612,0.9989719481534967,0.361836738754153,7.857423017612704e-10,0.4900889739835567,0.8049024766795592,0.6947761335531002,0.09998515270919937,0.9002017552155801,0.09188656151013333,0.02963943,10
84,0,9,8,False,True,False,False,True,0.26666666666666666,0.0,1.0,0.8134490462278742,0.8242860596015056,0.10666666666666667,0.007874015748031496,0.22036106998513014,0.18621523165203574,0.14567403739654794,0.18860453291835516,0.49034727303427694,0.8321800992230647,0.8015501191135672,0.8403475227773824,0.23798377870868476,0.9986917930265689,0.38639754889282374,8.065028527664797e-10,0.49327831758285645,0.8051595355749498,0.694790644248899,0.10276016647489927,0.9058425968544523,0.14652903767542974,0.03344042,11
85,9,10,9,False,False,True,False,True,0.3,0.0,1.0,0.10093372286188917,0.11528367692254571,0.12,0.6732283464566928,0.149732976800646,0.21081271084694853,0.10984832015486726,0.21237162466381454,0.472072841887667,0.8261236700053044,0.7791102939083482,0.8279178964314462,0.7510625207973186,0.9629736069757584,0.664514652925611,2.732977697265633e-09,0.475290692713826,0.7839955034671048,0.6948128919921981,0.08872131877167475,0.8706865997897558,0.127737211721327,0.0,0
86,10,10,9,True,False,False,False,True,0.3,0.0,1.0,0.48836569857363804,0.4891570841534584,0.12,0.7470472440944881,0.15008563880744333,0.21097591037949026,0.1098623837698583,0.21258904313616728,0.4752938287018322,0.8273401666198634,0.7790631630345056,0.8294654752044424,0.7603739389984807,0.9617872093076043,0.6178501084296599,2.733788581437296e-09,0.4753913729023539,0.7839233818589778,0.6944356235557896,0.0923461870815398,0.8705880043745602,0.1616215062169355,0.00038859,2
87,11,7,9,False,True,False,False,True,0.3,0.0,1.0,0.6446674686372229,0.6781794951483131,0.12,0.8208661417322833,0.1462633417520636,0.21221873758884674,0.10784720730423367,0.21405790179190476,0.4726356831101582,0.8269032575119348,0.7769639506291779,0.8303173084775026,0.7631653453120115,0.9614566379604836,0.644728726896524,2.968047069012593e-09,0.4750279003573294,0.7818819536830213,0.6947093909992714,0.09001156892646636,0.8701982993412576,0.1392933559092932,0.0037437,3
88,7,10,9,True,False,False,False,True,0.3,0.0,1.0,0.9254167382711806,0.8953468697123519,0.12,0.5255905511811023,0.15744315744315746,0.2080794039907421,0.11386890370471048,0.20948697800307126,0.4786273837604956,0.8246555274735562,0.7829633660092794,0.8257788639889876,0.6954657481116212,0.9689588415892878,0.5640232377693333,2.3362474162041643e-09,0.47846041220858204,0.7877226271318463,0.6943957149973679,0.09077973206367006,0.8715601307269137,0.1461925145898237,0.00818033,4
89,6,10,9,False,True,False,False,True,0.3,0.0,1.0,0.9782207710374062,0.9773818156704306,0.12,0.45177165354330706,0.16092031881505567,0.20646338624193705,0.11586089130897581,0.20798730413077976,0.47872460178983495,0.8217359355986147,0.784768462055541,0.8241437920696212,0.6599622203679781,0.9726102356528146,0.5253566241569343,2.162524621127173e-09,0.4789083537253377,0.7894701891749221,0.6944378042274504,0.08691941207068254,0.8721116615121157,0.12887992678176996,0.01200305,5
90,5,10,9,True,False,False,False,True,0.3,0.0,1.0,0.6586973706822478,0.6170447874581305,0.12,0.3779527559055118,0.16443296142544264,0.20507333707665126,0.11784386102271255,0.20674442372977103,0.4791723163986348,0.8203447065431059,0.7864755193154472,0.8243961223037529,0.6326931292909269,0.9754449877327982,0.47742872490698907,1.992322830141799e-09,0.4778793680697049,0.7911217571894651,0.694262830599266,0.08623028126883533,0.8727439212850073,0.15088160001654569,0.01578068,6
91,4,10,9,False,True,False,False,True,0.3,0.0,1.0,0.9061809016440396,0.9240132601263855,0.12,0.3041338582677165,0.16778432567906254,0.20344704802859526,0.11982071145359055,0.20521907051035132,0.4781438519829919,0.8168262660301414,0.7880888074848863,0.8223550821852288,0.5773494413445942,0.9804140112818756,0.4466904084515446,1.843055452603062e-09,0.4760901616684926,0.792676154366019,0.6941714078131412,0.08029757063045165,0.873376392553101,0.12661603467011445,0.01949626,7
92,3,10,9,True,False,False,False,True,0.3,0.0,1.0,0.5179469553760669,0.5264857211920302,0.12,0.23031496062992124,0.17107440415711095,0.20225557731549315,0.12178371298115681,0.20403268467302482,0.476355551916986,0.8164970045867266,0.7896071770303498,0.8228495934485132,0.5375554492752515,0.9835894545596062,0.41053060899667737,1.6934694494248855e-09,0.4738018204343242,0.7941522096558896,0.6941068584116019,0.07935168500330875,0.874313816334766,0.15817672042007636,0.02299307,8
93,2,10,9,True,False,False,False,True,0.3,0.0,1.0,0.6863412957552844,0.6725284022238337,0.12,0.15649606299212598,0.17433222696380593,0.20102644517180457,0.12375927514195934,0.20246624449819983,0.47406836985831746,0.8158211644669101,0.7910490204879714,0.8202555966449295,0.5052784802211394,0.9859951205437754,0.37664882716909065,1.5581198478512424e-09,0.47420112830068906,0.7955411474228432,0.6944442957152643,0.0768003060020781,0.8752331906659012,0.1483903592699716,0.0264744,9
94,1,10,9,False,True,False,False,True,0.3,0.0,1.0,0.8342670561952226,0.8407075520563556,0.12,0.08267716535433071,0.17789647864835834,0.20010887577205927,0.12572968422245978,0.2010487445367189,0.47446747545244744,0.8176853411962932,0.7924057656221603,0.8185708286184249,0.45553297720072994,0.9890679786138468,0.35086445297733904,1.4299584025518824e-09,0.475800919431959,0.7968346795659926,0.6945896418111813,0.07964474334629265,0.876191686218746,0.16973764217670306,0.03012897,10
95,0,10,9,False,True,False,False,True,0.3,0.0,1.0,0.809608752935785,0.817782036672537,0.12,0.008858267716535431,0.1815768507497831,0.1990269655843,0.12768141338686526,0.19941553805936035,0.47606645619816096,0.8183703079659272,0.7936693164326362,0.814876168033504,0.39678674289964594,0.9927424697062137,0.33220261424904995,1.3209533560161879e-09,0.4759161043934105,0.7980205336438615,0.6944091136765753,0.0801106524016569,0.877024209690217,0.1403406086132365,0.03395491,11
96,9,11,10,False,False,True,False,True,0.3333333333333333,0.0,1.0,0.07193675889328066,0.08218515832729034,0.13333333333333333,0.6742125984251968,0.11140840088208512,0.2264364982630091,0.08837178443763308,0.22613575472457192,0.4757142540392385,0.8310391899903273,0.7517355218991606,0.8190122607062447,0.7407137871999794,0.9641736281044726,0.48106294225706137,5.860952122674914e-09,0.47633162347657226,0.7568061615501606,0.6945008504772128,0.09498276158534534,0.8666458206177339,0.1346378257508329,0.0,0
97,10,11,10,True,False,False,False,True,0.3333333333333333,0.0,1.0,0.4976914704702984,0.49000310784212164,0.13333333333333333,0.748031496062992,0.11139592868916176,0.22616716197154163,0.08838176853071833,0.225901216687467,0.4756315334353269,0.8291463072170739,0.7516898142572809,0.8172920287910781,0.7471078868013413,0.9634013004701667,0.4936334878538884,5.885056785910396e-09,0.4745390041876133,0.7567589210562593,0.6942960667841864,0.09219823238312351,0.866659589213495,0.10049513220014145,0.00026962,2
98,11,8,10,False,True,False,False,True,0.3333333333333333,0.0,1.0,0.6224551755742682,0.6533357505438724,0.13333333333333333,0.8218503937007873,0.10774652203223634,0.22733809008614186,0.08652182860919327,0.22707733078594206,0.47438816600746014,0.8279844144903118,0.7487706560223513,0.817321076515673,0.7517414234455632,0.9628563866318274,0.5204723156198394,6.200619625356819e-09,0.4753657762442536,0.7538590944395193,0.6945432205191857,0.09132906941616976,0.8664633499337291,0.13175921355022602,0.00377124,3
99,7,11,10,True,False,False,False,True,0.3333333333333333,0.0,1.0,0.9163773844303145,0.8856003315031596,0.13333333333333333,0.5265748031496063,0.11851572302700122,0.22395883263260247,0.09213675373332617,0.2241190699967644,0.476590921882755,0.8332743611345128,0.7573023295022847,0.8223001364893083,0.7460698130180917,0.9635320907640352,0.47044545689672335,5.269337134028252e-09,0.4752429122853721,0.7623450674311818,0.6942585465786564,0.09720258739507534,0.8671194091054318,0.09516191662041756,0.00752681,4
100,6,11,10,False,True,False,False,True,0.3333333333333333,0.0,1.0,0.9799851062610987,0.9728236472253876,0.13333333333333333,0.452755905511811,0.12189514971469859,0.2227228529560799,0.09401923838117271,0.22333841784406472,0.4755087317140561,0.8345612187587756,0.7599791003860242,0.8261015387128008,0.7597463627057518,0.9618387919037232,0.4770905039492268,4.970065195371116e-09,0.4742472022852697,0.7650367668897374,0.6942711219392436,0.0987758545696096,0.8674627427007868,0.10267038028041822,0.01112488,5
101,5,11,10,True,False,False,False,True,0.3333333333333333,0.0,1.0,0.6058314716159706,0.6102524258434339,0.13333333333333333,0.37893700787401574,0.12529489747534864,0.2211890056012818,0.09593296357835052,0.22241396134744668,0.474513526097924,0.8335577553121782,0.7626084119577758,0.8292085953266994,0.7796845081318041,0.959379492627459,0.5087539542009032,4.6846850823905e-09,0.47438542423901137,0.7676718113787386,0.6944053378498599,0.09711100940371867,0.867831184633241,0.08933979838816086,0.0148449,6
102,4,11,10,False,True,False,False,True,0.3333333333333333,0.0,1.0,0.9099616199805236,0.9173313995649021,0.13333333333333333,0.3051181102362205,0.12882818371540178,0.21982292280091476,0.09787599691974627,0.22162303745589562,0.47465167803435365,0.8338257043901526,0.765182381702054,0.833756839047608,0.7895613149704493,0.9581867750951822,0.543799614030201,4.375856995778679e-09,0.4738786104086251,0.7702370878785263,0.6943268811423517,0.09828775483532008,0.8681852369363262,0.12003041829848324,0.01863299,7
103,3,11,10,True,False,False,False,True,0.3333333333333333,0.0,1.0,0.5234232686028527,0.5281259712006631,0.13333333333333333,0.23129921259842517,0.13229179770533156,0.2181384297237705,0.09983932051483138,0.22036474944661005,0.4741451209341117,0.8314846017036414,0.7676882005311939,0.8350377387104677,0.7855271619702265,0.9586766401960385,0.5702206394365634,4.075418834385925e-09,0.47314398632114596,0.7727255355323606,0.6942977660723646,0.0952928987379492,0.8685520566603433,0.12044818376661741,0.02247163,8
104,2,11,10,True,False,False,False,True,0.3333333333333333,0.0,1.0,0.6904496763475969,0.6764563693497704,0.13333333333333333,0.15748031496062992,0.13573831618944404,0.2167107191278982,0.10181874748586045,0.2190859179596218,0.47341086897568,0.83095900028082,0.7701189712441455,0.836307439250592,0.7946131977570631,0.9575230514041251,0.5966018741420127,3.768027366312722e-09,0.4726909254727703,0.7751504354755374,0.6943347257014346,0.09525327950466003,0.868970498165678,0.14820581406380853,0.02620182,9
105,1,11,10,False,True,False,False,True,0.3333333333333333,0.0,1.0,0.8244039640258922,0.830247936738147,0.13333333333333333,0.08366141732283464,0.13922515426274826,0.21505019241567264,0.10382168538576766,0.2174064886574324,0.472958037628494,0.8284779556304409,0.7724876671476459,0.834476032710771,0.7851154770938142,0.9587190316851038,0.6246543182858162,3.4844546048738207e-09,0.4734306688918696,0.7774907732534746,0.6944778132796373,0.0918380237080042,0.8693686420857392,0.14016306928943204,0.03005694,10
106,0,11,10,False,True,False,False,True,0.3333333333333333,0.0,1.0,0.8167348341639457,0.8243948340757623,0.13333333333333333,0.00984251968503937,0.1428442405886015,0.21373888987797696,0.1058346073787601,0.21586059196031,0.47369740632531193,0.8285540110455865,0.7747737608576176,0.8334908598826425,0.7718861346934365,0.9603953440080599,0.6397847323080594,3.209101397037773e-09,0.4723684075807063,0.7797329314996027,0.6942632687475087,0.09274445778485163,0.8697605853033029,0.1594310998495501,0.03390341,11
107,9,12,11,False,False,True,False,True,0.36666666666666664,0.0,1.0,0.0821103282350919,0.08556925308194352,0.14666666666666667,0.6751968503937007,0.07292093382318948,0.24026280831016583,0.06839769369596849,0.24173167821381308,0.4783962777433818,0.8322396954663173,0.7154877196977492,0.8331441537079596,0.8398754209748904,0.9514840962306144,0.6330136813693306,1.1361671604112006e-08,0.48011566276573603,0.7205733191518453,0.6946330564502782,0.09912200988621246,0.864884221776113,0.1587258709166238,0.0,0
108,10,12,11,True,False,False,False,True,0.36666666666666664,0.0,1.0,0.4970613507475511,0.4856693946614179,0.14666666666666667,0.749015748031496,0.07293813684791128,0.23986565140579846,0.06841937957557298,0.24149885213318328,0.4786325004988819,0.8290056632032201,0.7154735968575037,0.8312912821828957,0.8464594958603023,0.950601303436525,0.6330402085032725,1.1415780410951033e-08,0.4776976317971926,0.7204847782498713,0.6943104261439719,0.09448602695794939,0.8647787941821046,0.13097141917506488,0.00039753,2
109,11,9,11,False,True,False,False,True,0.36666666666666664,0.0,1.0,0.615157243512631,0.6403190717911531,0.14666666666666667,0.8228346456692912,0.06912809694764582,0.24164258617620066,0.06663576965602225,0.24328099882388587,0.47570572614192796,0.8323055321538894,0.7116975435016322,0.8342468006672811,0.8342263459555408,0.9522652861674406,0.6412470405666195,1.2128010839172966e-08,0.4783682642394209,0.7167835443931754,0.6947415542281774,0.09757675383763266,0.8647827041716902,0.15663032885046316,0.00403601,3
110,7,12,11,True,False,False,False,True,0.36666666666666664,0.0,1.0,0.9103053216474766,0.8850650920266584,0.14666666666666667,0.5275590551181102,0.07962957587017738,0.23658910694476776,0.07193023759887074,0.23853031960515436,0.476248100410874,0.8237536272582608,0.72264323734911,0.8295228707084612,0.8255842817643168,0.9534322849860968,0.5939955832321986,1.0045560366102312e-08,0.47324125362192715,0.7276999651440246,0.6940596022710188,0.08860093509116374,0.8650735511314153,0.1474492579129132,0.00764866,4
111,6,12,11,False,True,False,False,True,0.36666666666666664,0.0,1.0,0.9704187431975712,0.9636382471770434,0.14666666666666667,0.45374015748031493,0.08283837005641517,0.23501417439296618,0.07370740616804389,0.2369741511691807,0.4735080870050194,0.8210834971449967,0.7261369981191441,0.8278598009822564,0.8273011426611075,0.953207067072436,0.5730855699023134,9.414307945028885e-09,0.47207404601255265,0.7312310659764212,0.6942528251161846,0.0843464657551494,0.8652610781594701,0.15260952471946776,0.01122068,5
112,5,12,11,True,False,False,False,True,0.36666666666666664,0.0,1.0,0.6112619579538294,0.6162488345592044,0.14666666666666667,0.3799212598425196,0.08624682684833063,0.23353853106725642,0.07550808566609521,0.23536662403895037,0.4723414706529469,0.8189167368716653,0.7295862555204977,0.8255898787928279,0.814301703732652,0.9548854268900273,0.5514593239559913,8.83148830830304e-09,0.4708658837502176,0.7346885321599609,0.694245926529239,0.08080666225484373,0.8654209317287446,0.1561673104323247,0.01492633,6
113,4,12,11,False,True,False,False,True,0.36666666666666664,0.0,1.0,0.9104084321475626,0.9066352429296591,0.14666666666666667,0.30610236220472437,0.08966560545507915,0.23240868814965965,0.07731971545978841,0.23377450451699705,0.4711339203937841,0.8193360947299448,0.7329635849680429,0.8231516197897831,0.7945313042774945,0.9575011558848785,0.5393032648270097,8.283437011132919e-09,0.47001863436709707,0.7380866535237597,0.6942935705374093,0.08080548518431893,0.8655933469610141,0.15627831769593323,0.01849517,7
114,3,12,11,True,False,False,False,True,0.36666666666666664,0.0,1.0,0.5188634931546084,0.5092199316274734,0.14666666666666667,0.2322834645669291,0.0931382510329879,0.23129596406414765,0.07914648242686895,0.2321977926033209,0.47028710019085423,0.8199555368342226,0.7362829450829524,0.8205796712590847,0.7768520139211702,0.9597925576922144,0.5455106141694686,7.778413419938584e-09,0.47180528110249925,0.7414363575842007,0.6946076440825595,0.08105132736667348,0.8658123495283307,0.16196891290122586,0.0221166,8
115,2,12,11,True,False,False,False,True,0.36666666666666664,0.0,1.0,0.6962330297301942,0.6832349183328154,0.14666666666666667,0.15846456692913383,0.09689635930237436,0.23022432517563918,0.08099772652538426,0.23061080895079322,0.472072841887667,0.820976083497145,0.7395550101049468,0.81758460587254,0.7767950580228821,0.9597968912432822,0.5523745100769948,7.341809934946259e-09,0.47252710686092825,0.7446757777869929,0.6944808560822072,0.0824011119456507,0.8659248968942787,0.13552128008537667,0.02599216,9
116,1,12,11,False,True,False,False,True,0.36666666666666664,0.0,1.0,0.8358515208798762,0.8297972996305121,0.14666666666666667,0.08464566929133858,0.10052092909235769,0.22931702707514479,0.08283930859833316,0.22937306441921018,0.4727943020001329,0.8234983150800337,0.7427193474153012,0.8170967440883797,0.7664420561424614,0.9611113326233545,0.5476493643435529,6.924532407508643e-09,0.47414993498448843,0.7478329894434588,0.6945894113047232,0.08592248160989763,0.8661032403299652,0.14265898957301057,0.02969124,10
117,0,12,11,False,True,False,False,True,0.36666666666666664,0.0,1.0,0.8114956750873574,0.8176266445664561,0.14666666666666667,0.010826771653543307,0.10423000874128696,0.22829332091647375,0.08468829822421631,0.22805828184624227,0.47441630806858465,0.8253411962931761,0.7458033815991434,0.8159110369687708,0.7606648148725158,0.9618048958034833,0.5419692417881941,6.561975858725269e-09,0.47412177866057814,0.7508706708822596,0.6943896064148327,0.08814894676920448,0.8662036168932066,0.11652114678452027,0.03351905,11
118,9,13,12,False,False,True,False,True,0.4,0.0,1.0,0.07378129117259546,0.0864325425601713,0.16,0.6761811023622046,0.033698575051958495,0.25596077733192735,0.049437042080375825,0.25632610716505144,0.47441374969939154,0.8345431994758027,0.6706586498564724,0.8256238261336195,0.6130253555054123,0.977475839478664,0.5925763815662943,2.1599983399000256e-08,0.4771848454132495,0.6753266767013022,0.6947462859502292,0.09766315694469387,0.863622787432034,0.09654052768620469,0.0,0
119,10,13,12,True,False,False,False,True,0.4,0.0,1.0,0.5034427450306467,0.4981352947270279,0.16,0.75,0.03388909855075269,0.25600871006176473,0.04942866832488498,0.25636719412045667,0.4761687909658866,0.83489867078536,0.6705820142892488,0.8261536846280375,0.6282559815467429,0.9760633360885662,0.5947516065495493,2.1585657732574406e-08,0.4754092905630241,0.6752700777702935,0.6943240662874602,0.09895696155038862,0.8636456990014101,0.10699881164113965,0.00019646,2
120,11,10,12,False,True,False,False,True,0.4,0.0,1.0,0.6265933436443833,0.647021651300114,0.16,0.8238188976377953,0.030435483818942462,0.2571762144099481,0.04779031085634854,0.25718893322856157,0.4765576630832441,0.8330801273050642,0.6662088603853236,0.8226326104455151,0.6213286796330317,0.9767341308298287,0.5990092115472614,2.260424088272938e-08,0.47590330606436027,0.6708267814933824,0.6943364352192515,0.09671145711599057,0.8635399664527312,0.09758835122819,0.0034821,3
121,7,13,12,True,False,False,False,True,0.4,0.0,1.0,0.9062152718107349,0.8832383714907283,0.16,0.5285433070866141,0.04077697461156108,0.2532286117311932,0.05275015064708196,0.2544258354775588,0.4750789256896083,0.8352571843115231,0.6792002312204541,0.8319411812741335,0.6366668594623794,0.975203426553799,0.6175019397966695,1.9505244109517707e-08,0.47360984549857177,0.6839835112183563,0.6942394800744203,0.09931491258791457,0.8638414786674009,0.1293011201999441,0.00758739,4
122,6,13,12,False,True,False,False,True,0.4,0.0,1.0,0.963315575413874,0.9641734866535447,0.16,0.45472440944881887,0.04416285243352914,0.251622865281639,0.05443198723066701,0.25306996594918574,0.4738764921688318,0.8337285874754283,0.6834337989126507,0.8322001609873894,0.6733723214493177,0.9715059606260819,0.6326721445198256,1.8520695846237798e-08,0.4733359612568983,0.6882721411095407,0.694356722018277,0.09675247209684097,0.8639464657306426,0.11192398602559302,0.01132778,5
123,5,13,12,True,False,False,False,True,0.4,0.0,1.0,0.5999541731110729,0.6132635795434925,0.16,0.3809055118110236,0.047660012321666466,0.2503766143058655,0.05612960512267714,0.25194007467554147,0.47360274666516566,0.834966067584012,0.6876230274552393,0.8343451429638011,0.7121241373428839,0.9671047109159496,0.6528659252332727,1.751734312163049e-08,0.4720612476835025,0.6925170609351936,0.6942369582495277,0.09844831596559385,0.8640651610361616,0.12441342623374893,0.01503678,6
124,4,13,12,False,True,False,False,True,0.4,0.0,1.0,0.909640831758034,0.9010894713215235,0.16,0.30708661417322836,0.051055889401754075,0.24887358084882016,0.05784397052566894,0.25062015623314793,0.47232867880698115,0.8342452962650941,0.6917695590389461,0.8351913766754938,0.7360412252792159,0.9644261554032258,0.6713288104569959,1.6559044032029413e-08,0.470177333647319,0.6967165895389484,0.6941658393415382,0.09698886692643159,0.8641903648461493,0.11889652998310514,0.01874846,7
125,3,13,12,True,False,False,False,True,0.4,0.0,1.0,0.5237440568253422,0.5094443868918126,0.16,0.23326771653543307,0.05440370553152508,0.2475485832454566,0.05957669377723685,0.24936700409328788,0.470445719080829,0.8349194982682767,0.695871751473045,0.8366927590672064,0.7638988313313869,0.9611893074116327,0.676481706225255,1.5570566199379775e-08,0.4721201199971332,0.7009026688917704,0.6946210371297654,0.09781443395006424,0.8643639557837406,0.1436671137417497,0.02234877,8
126,2,13,12,True,False,False,False,True,0.4,0.0,1.0,0.6893452483244543,0.672965226699817,0.16,0.1594488188976378,0.05817632885302059,0.24592229419740064,0.06134194584821152,0.24772866174650376,0.47238752129842343,0.833184966769634,0.6999608063813341,0.8352260239614564,0.7976682201920423,0.957064901528561,0.6657083739530072,1.4698561664533937e-08,0.47210988133389303,0.7049576180479981,0.6943902921602068,0.09594520040324103,0.8644004626079105,0.12043522002497047,0.02645622,9
127,1,13,12,False,True,False,False,True,0.4,0.0,1.0,0.8314418284928682,0.8220535930108084,0.16,0.0856299212598425,0.06171993690790683,0.24464522932387456,0.06308948420564786,0.24643955852066413,0.47237728782165084,0.8341025461012824,0.703921770412978,0.836444278531515,0.8246297217205024,0.9535066456168413,0.6556114835962834,1.3794516277092995e-08,0.474597876501244,0.7089839875459936,0.6946920885450991,0.09756578455841383,0.864562608206708,0.1453326166949802,0.03021983,10
128,0,13,12,False,True,False,False,True,0.4,0.0,1.0,0.8241610815145787,0.8324614109603232,0.16,0.011811023622047244,0.0655261061276099,0.24305660170640514,0.06486311003211337,0.24479094443502863,0.47486402267738437,0.8325844800149771,0.7078548172022762,0.8348743015130482,0.8223931090293458,0.9538043387573012,0.6478125062172968,1.2956265647284326e-08,0.4754400065527445,0.7129178934438263,0.6944901375643412,0.09654863654862439,0.864650936399987,0.13655177822136635,0.03434399,11
129,9,14,13,False,False,True,False,True,0.43333333333333335,0.0,1.0,0.05238013404365005,0.06106909768983748,0.17333333333333334,0.6771653543307087,0.0,0.2677670651930776,0.03186503825034888,0.2697392861483889,0.5118085794058101,0.8174084994851634,0.6193730334766052,0.8245698253636798,0.6351267001065277,0.975496957732632,0.41835942940134907,3.601509089185391e-08,0.4918218677369483,0.6232584621005712,0.6915691399467152,0.09362643393686289,0.8627345952530484,0.15336101451176454,0.0,0
130,10,14,13,True,False,False,False,True,0.43333333333333335,0.0,1.0,0.49149338374291107,0.5003625815808557,0.17333333333333334,0.7509842519685039,0.0006576931388961524,0.26783782303236137,0.03197969428706973,0.26973586223543855,0.5159974825647138,0.8179387812412244,0.6196954502558532,0.824402771782877,0.6401765096635462,0.9750072636898666,0.42432803453832824,3.61707845032056e-08,0.4978805967092937,0.6234013603917318,0.691602509121085,0.09531361915451647,0.8626204485834224,0.13472174161748673,0.00066149,2
131,11,11,13,False,True,False,False,True,0.43333333333333335,0.0,1.0,0.6176891791258521,0.6300839117372838,0.17333333333333334,0.8248031496062992,0.000845421146173024,0.26916966816855886,0.030706239317422987,0.27120472089117603,0.5432006221953877,0.8191470092670599,0.615612964110469,0.8258005622892873,0.5342127385043303,0.4933395619431655,0.1734675606310807,3.800581301234318e-08,0.515752183394936,0.6187327891616969,0.6893832965873962,0.10657088525481279,0.8622208977008535,0.1451440857096369,0.00163769,3
132,7,14,13,True,False,False,False,True,0.43333333333333335,0.0,1.0,0.9086097267571748,0.894468041023516,0.17333333333333334,0.5295275590551181,0.0036606961418991432,0.2654993905695778,0.03495302162135875,0.2667467862297069,0.4851998342176762,0.8179476738743799,0.6290378732973219,0.8207770557972959,0.6184693930390264,0.9770287652106093,0.4280086743727991,3.275741637608341e-08,0.4786370291494743,0.6332714294200121,0.6935479010706358,0.08361779907826283,0.8630079943810743,0.12131148192393368,0.00430616,4
133,6,14,13,False,True,False,False,True,0.43333333333333335,0.0,1.0,0.9699833877527639,0.9756034393452813,0.17333333333333334,0.4557086614173228,0.006387913154830449,0.2646092113011682,0.03653405107153474,0.2656168949560627,0.4789011292641618,0.8202305064120565,0.6338971156562083,0.8215662439775551,0.6132494226960521,0.9775319016301522,0.4474066410679822,3.1174251632758773e-08,0.4758111580951991,0.6382342030142012,0.6940380435225936,0.08454082181450967,0.8631027696632155,0.1427276463741991,0.00712583,5
134,5,14,13,True,False,False,False,True,0.43333333333333335,0.0,1.0,0.6200263504611331,0.6214717359024828,0.17333333333333334,0.38188976377952755,0.009557355422017078,0.2635341486462427,0.038137625248032256,0.26421480260285857,0.47607668967493344,0.8212477768417111,0.6387448626800114,0.8201975011957396,0.6154083533762768,0.9773291688972989,0.4771700853510532,2.9749552665836994e-08,0.47760036449641136,0.6431129187900605,0.6946107705767545,0.08415912250329435,0.863149715199528,0.12428253383084997,0.01045278,6
135,4,14,13,False,True,False,False,True,0.43333333333333335,0.0,1.0,0.9041645185312482,0.8978694015677338,0.17333333333333334,0.3080708661417323,0.01324321098757189,0.2626234267793314,0.03974087735701089,0.26304896024323476,0.4778649897409394,0.8237557334082187,0.6435105001675033,0.8206062691755812,0.5995170813721141,0.9788118704744191,0.4956031275490915,2.831435371984386e-08,0.4782300422856792,0.6478756347766247,0.6944656374091858,0.08794225694910712,0.8631702270567793,0.14512500679176882,0.01420703,7
136,3,14,13,True,False,False,False,True,0.43333333333333335,0.0,1.0,0.5328406942773672,0.5209779343209365,0.17333333333333334,0.23425196850393698,0.01678585137231753,0.2615038551609855,0.04133317917034763,0.2616160526734769,0.47849434856245227,0.8248612281194422,0.6481628264948861,0.8188851040001867,0.6057194259764225,0.9782479617998279,0.529365537273939,2.7099859258219585e-08,0.4795585088410857,0.6525778291339914,0.694550132318716,0.08850528616097797,0.8632338597502355,0.1123347207470825,0.01791627,8
137,2,14,13,True,False,False,False,True,0.43333333333333335,0.0,1.0,0.6923365984991694,0.6756258848717153,0.17333333333333334,0.16043307086614172,0.02039300309977001,0.2606410660239115,0.04293256646909973,0.26060428639662264,0.4798221421736926,0.8282107086024525,0.6527560339561249,0.8204435319233326,0.6177675925814661,0.9771174020071056,0.5611483596283549,2.583807684453995e-08,0.47791264372523523,0.6572279076439937,0.6941905026419894,0.09307216844565708,0.8633102484383411,0.13445097187415334,0.02160219,9
138,1,14,13,False,True,False,False,True,0.43333333333333335,0.0,1.0,0.8341754024173684,0.8202614040540074,0.17333333333333334,0.08661417322834646,0.023673727433125923,0.2595625796025692,0.04454322613101256,0.25934086251791133,0.4781771107825027,0.8301991481793504,0.6572983335048509,0.8200729109553085,0.6241076526040696,0.9765031846329486,0.5753436921791377,2.4730542507614035e-08,0.47914640264567054,0.661841000713931,0.6945345457911548,0.0941593850448289,0.86340519581708,0.10964806504802849,0.02505512,10
139,0,14,13,False,True,False,False,True,0.43333333333333335,0.0,1.0,0.8209085180729793,0.8274094409337339,0.17333333333333334,0.012795275590551181,0.02727539569644833,0.2585799586409017,0.0461706333039071,0.2583855908047394,0.47941024473359684,0.833202284002621,0.6618045048576,0.8222206927124042,0.6119604366959629,0.9775825710022534,0.5890018502675922,2.3590943160765604e-08,0.4762923752674851,0.6663498620891393,0.6940358333213841,0.09838864188269449,0.8634391538929668,0.12753513764562704,0.02878107,11
140,9,15,14,False,False,True,False,True,0.4666666666666667,0.0,1.0,0.04956178037463477,0.04435581339134653,0.18666666666666668,0.6781496062992126,0.29204499881191615,0.32779139675974744,0.10981074561099805,0.32886170302006246,0.8099668947026406,0.6843591063683735,0.8024302753187491,0.6798695768831442,0.525633044079505,0.9849324817077925,0.5830929311819828,4.947986115593978e-08,0.8088317855887402,0.805761517041882,0.6945156141717972,0.15019096850052116,0.9118816547046785,0.13918264238081246,0.0,0
141,10,15,14,True,False,False,False,True,0.4666666666666667,0.0,1.0,0.4906799564644555,0.5014848579025519,0.18666666666666668,0.7519685039370079,0.2923750818487661,0.32779824429258136,0.1098530438118108,0.32877781715277676,0.8138026576339177,0.6838275765234485,0.802443707836753,0.6788425240022865,0.5259762591858763,0.9849082929324968,0.582237431112349,5.2917899664198744e-08,0.8098449866385445,0.805770846058753,0.6958771319542921,0.15022306094021415,0.9146407716690113,0.20270439688918196,0.00033015,2
142,11,12,14,False,True,False,False,True,0.4666666666666667,0.0,1.0,0.6105287277309961,0.6179357021996617,0.18666666666666668,0.8257874015748031,0.2934491957048348,0.32732918829345786,0.11011488470465927,0.3280536595637592,0.8174705915461247,0.6873827576523449,0.8025039905234647,0.6802515136314322,0.5126411024766258,0.9858728731340745,0.5889322165409943,4.501043603317592e-08,0.8137082902456256,0.8058172683338507,0.6958132815689845,0.14272096042056626,0.9072969867467262,0.1035084976612648,0.00147831,3
143,7,15,14,True,False,False,False,True,0.4666666666666667,0.0,1.0,0.9035000286418056,0.8883645844124451,0.18666666666666668,0.530511811023622,0.2903074933150121,0.3294211095742204,0.1094552904259955,0.33095542578925474,0.8011400093124638,0.6858756903491529,0.8023680229775325,0.688130096475776,0.5607369953902265,0.9819672069347107,0.5688876509559717,1.00868395944176e-07,0.7929903551792279,0.8057201383983958,0.6966040449929071,0.15430553122431506,0.9299567876285193,0.10077878391351486,0.0023822,4
144,6,15,14,False,True,False,False,True,0.4666666666666667,0.0,1.0,0.9661568425273529,0.9692150972063952,0.18666666666666668,0.45669291338582674,0.2893882066814398,0.3301469480546159,0.10932742962100062,0.3316949909865492,0.7930952173846302,0.6848918843021623,0.8023488291672778,0.6884461217204653,0.5883282161091146,0.9795665901594486,0.5683803195193282,1.9308009939780576e-07,0.7888462562327863,0.8057085528101648,0.6934007061630697,0.16576860245097208,0.9411797421931334,0.30056156099342374,0.00355066,5
145,5,15,14,True,False,False,False,True,0.4666666666666667,0.0,1.0,0.627381566133929,0.6217600745882109,0.18666666666666668,0.3828740157480314,0.28875922109004815,0.3311877730453717,0.10923757278323346,0.3327529800882343,0.7889532176609341,0.6954618084807639,0.8023375121084195,0.7002496891076866,0.6087163751341372,0.977722807237825,0.5697829417265186,5.593991336906971e-07,0.7776592368100421,0.8057018007818497,0.7012373026109048,0.14092310070566627,0.9562662657033977,0.47524860038605515,0.00472564,6
146,4,15,14,False,True,False,False,True,0.4666666666666667,0.0,1.0,0.9133642664833591,0.9140681653372009,0.18666666666666668,0.30905511811023617,0.2878818668292352,0.33216012270778833,0.10917541375208983,0.333651757237724,0.777771865102309,0.7076809884863803,0.8023309165778058,0.7122607482413877,0.6309127860980001,0.9757343875280733,0.5728766687225193,2.1064146028013358e-05,0.76631198230759,0.8056988374075224,0.7030673548547819,0.13471681339362646,0.9622561113757606,0.46425121359544325,0.00603469,7
147,3,15,14,True,False,False,False,True,0.4666666666666667,0.0,1.0,0.5222775963796757,0.5219448185365517,0.18666666666666668,0.23523622047244092,0.2873746463972028,0.3325076349991098,0.10914755491170683,0.33390983467636315,0.7696390013150016,0.7105370097350932,0.8023283360351932,0.7141794834404638,0.6531199267968733,0.9737453056606449,0.5759803433937487,2.6301672041006985e-05,0.7657665815151175,0.8056980419641846,0.6977097311701328,0.13408607976911363,0.9662880839679223,0.6777877407403441,0.0066374,8
148,2,15,14,True,False,False,False,True,0.4666666666666667,0.0,1.0,0.6971266540642722,0.6812994233226286,0.18666666666666668,0.16141732283464563,0.2872173999993549,0.33298981543616496,0.10913333026295632,0.3343314039583858,0.7699817161881662,0.7181434678149085,0.8023274047419898,0.7213559804481983,0.6531199267968733,0.9737453056606449,0.5759803433937487,3.499964429695326e-05,0.7625769179575915,0.8056976366303797,0.7070282059869051,0.11593885258468317,0.9795826001783613,0.9869994016927426,0.00709431,9
149,1,15,14,False,True,False,False,True,0.4666666666666667,0.0,1.0,0.8269416280002291,0.8126489174349943,0.18666666666666668,0.08759842519685039,0.2869190350393358,0.3336631561648338,0.10912259467899371,0.334904909377584,0.7672478855078617,0.7360183235046336,0.8023268907636624,0.737649572450158,0.6531199267968733,0.9737453056606449,0.5759803433937487,5.224496734934714e-05,0.7534709068384032,0.8056975510034822,0.7280504650477926,0.031587456005318704,0.9893649280162596,0.9803639587785498,0.00779443,10
150,0,15,14,False,True,False,False,True,0.4666666666666667,0.0,1.0,0.8229478146302343,0.8272419627749578,0.18666666666666668,0.013779527559055118,0.2862013463517223,0.3338001068215122,0.10911776366621054,0.3348792300304556,0.7535957879009603,0.7381915192361697,0.8023267653002909,0.7372697472031358,0.6531199267968733,0.9737453056606449,0.5759803433937487,0.00010260072359721249,0.7534709068384032,0.8056975510034822,0.694399092473775,0.21414676282273754,0.8593585592962321,0.13306564839118407,0.0083817,11
151,9,16,15,False,False,True,False,True,0.5,0.0,1.0,0.04264192014664603,0.04760178182948316,0.2,0.6791338582677164,0.30234530986410685,0.3206870814445555,0.1140443231466598,0.31995096956654967,0.8214045105754453,0.6906549346313458,0.80413013704629,0.6835256238261336,0.5096826374923962,0.985973656238174,0.5339845744716125,3.9795446693644594e-08,0.8224594463613498,0.8072758766389873,0.6936859745725208,0.14111177540733646,0.8785171945638799,0.1011404611189756,0.0,0
152,10,16,15,True,False,False,False,True,0.5,0.0,1.0,0.4821790685684825,0.48570392624054703,0.2,0.7529527559055117,0.30242594904249037,0.3206836576781385,0.11404604084009382,0.320046839129162,0.8222058770857104,0.6906739679865207,0.8041447361218461,0.6841211605090934,0.5339540172130314,0.9839279699999852,0.5383482880050932,3.986935349511863e-08,0.8213383980587495,0.8072881602881725,0.6945963342109404,0.14081682636442794,0.8785232538225186,0.09972477798918683,8.071e-05,2
153,11,13,15,False,True,False,False,True,0.5,0.0,1.0,0.6198659563498883,0.6247418764460099,0.2,0.826771653543307,0.3034291004215816,0.319786630876895,0.11452624351074209,0.3194767576229141,0.823432870950741,0.6890880370682393,0.8044359950690485,0.6857334842104035,0.552996853221136,0.9824183381598508,0.508744006525675,4.094317806399702e-08,0.8221157685652561,0.8075586583475577,0.6948410219396576,0.14194692164559425,0.8776865109293277,0.1040624401714961,0.00140905,3
154,7,16,15,True,False,False,False,True,0.5,0.0,1.0,0.9058715701437818,0.9014555060602921,0.2,0.5314960629921259,0.3006873683565413,0.3220874019090922,0.1131365221667801,0.32112023583912397,0.8220173252761758,0.690941449031171,0.8036452966562806,0.6795232206810466,0.514978106037121,0.9856158159739588,0.6211029982293135,3.808743108860572e-08,0.822262693382752,0.8068256708094095,0.6941566113110569,0.14092388620721163,0.8811012038949187,0.1285334176191578,0.00217018,4
155,6,16,15,False,True,False,False,True,0.5,0.0,1.0,0.9747035573122529,0.981456542007666,0.2,0.4576771653543307,0.29985194646848784,0.32290910584916255,0.11269722207102942,0.32195224668608025,0.8223527274773966,0.6921445286904429,0.8034287376808324,0.6794024801390558,0.52068152685725,0.9852401826757711,0.6369695402184508,3.739772052670955e-08,0.8226512506527148,0.8066292730791947,0.6941392691282223,0.13898810678807233,0.8823125809497572,0.12120900178624752,0.0033398,5
156,5,16,15,True,False,False,False,True,0.5,0.0,1.0,0.6310122014091768,0.6164111329811113,0.2,0.3838582677165354,0.2990165245804343,0.3236452156288089,0.11227756809393036,0.32274317057763124,0.8227410879209156,0.692671066179912,0.8032368920336233,0.6787991274016869,0.5159908424627582,0.985565032770638,0.630225016413664,3.6834103427503346e-08,0.8227838413416745,0.8064599386041694,0.6942400132581461,0.13697277608717895,0.8837869494940084,0.1044801943674296,0.00445324,6
157,4,16,15,False,True,False,False,True,0.5,0.0,1.0,0.9140860399839605,0.9210262785317173,0.2,0.31003937007874016,0.29816497485670423,0.3241553568249359,0.11188142504570944,0.32341596947239204,0.8228736114451203,0.6911742956098474,0.8030714823727246,0.6770296660094959,0.512080280318649,0.9858316858751155,0.6138014046117424,3.664839791430421e-08,0.8236638544471635,0.8063069785921547,0.693866310741546,0.13971269124648572,0.8864868762817083,0.1491257700680635,0.00543177,7
158,3,16,15,True,False,False,False,True,0.5,0.0,1.0,0.5168929369307441,0.5267447080354986,0.2,0.23622047244094488,0.2973650342071395,0.324915432969501,0.11149140128034724,0.32443287161867196,0.8237531787737223,0.6918955349620893,0.8029220676494995,0.6784260566255643,0.4923826594681089,0.9873170962868758,0.5957264787219227,3.671733962064634e-08,0.8257881211029089,0.8061749674696242,0.6932772527166668,0.13769486812340406,0.8890323512146145,0.13310564105479533,0.00653315,8
159,2,16,15,True,False,False,False,True,0.5,0.0,1.0,0.6915541043707395,0.6742705203908975,0.2,0.1624015748031496,0.296661860571635,0.3255796436543913,0.1111213457011555,0.3253521922458643,0.8258763693671105,0.6916699428999346,0.8027931162649138,0.678869121918783,0.4865038643373572,0.9877603824515542,0.5746075642122437,3.7171298475001854e-08,0.8235002918019024,0.8060590315642711,0.6953021657461836,0.1353290932661947,0.8934079147381203,0.10239906084382946,0.00749925,9
160,1,16,15,False,True,False,False,True,0.5,0.0,1.0,0.8302606404307727,0.8153320211333265,0.2,0.08858267716535433,0.29559097228270165,0.3260521234199318,0.11076159628256788,0.3260403987489022,0.8235896989822806,0.6894669100439952,0.8026798675080521,0.6770912611845405,0.49078386358213805,0.9874563976235478,0.57170284304558,3.850347705368446e-08,0.8210878067759474,0.8059594970204305,0.695305124753562,0.1395995399021075,0.898154962536891,0.15669100449477813,0.00862582,10
161,0,16,15,False,True,False,False,True,0.5,0.0,1.0,0.81775333677035,0.8208190890569426,0.2,0.014763779527559055,0.2945233095609035,0.3266992152727372,0.110421170915113,0.32709325198116157,0.8211784360177447,0.688751053074979,0.8025826399639155,0.6792194444768493,0.497789979052311,0.9869644676782583,0.5810138670592682,4.08668539451255e-08,0.8173780831174682,0.8058789813985652,0.6961416402719856,0.1412391030602862,0.9030657710756601,0.1365474215256425,0.00986557,11
162,9,17,16,False,False,True,False,True,0.5333333333333333,0.0,1.0,0.04462393309274215,0.04927656341724518,0.21333333333333335,0.6801181102362204,0.312640244971072,0.310780983944818,0.11937668770089635,0.3132657795308212,0.824806715207458,0.6809576741864021,0.808504467853569,0.6890149438294,0.8281921467808233,0.9530203888575932,0.5147524023635675,5.215773412130703e-08,0.8261359796864922,0.8115004544726043,0.6935930105161611,0.14629964926363226,0.8700968084444229,0.171073937002395,0.0,0
163,10,17,16,True,False,False,False,True,0.5333333333333333,0.0,1.0,0.48364552901414903,0.4846334472875445,0.21333333333333335,0.7539370078740156,0.31263164345871114,0.3105766992152727,0.1193920395859629,0.31307746431854716,0.8248525100160152,0.6794458485444164,0.8085371857668044,0.6877202785781781,0.7949894804794931,0.9572802565362899,0.5084555239440542,5.2079678489024874e-08,0.8253294289897511,0.8115140830468829,0.6940256570800134,0.14791648537242513,0.8704576803985126,0.19708272510200447,0.00020447,2
164,11,14,16,False,True,False,False,True,0.5333333333333333,0.0,1.0,0.6167611846250788,0.618857695362409,0.21333333333333335,0.8277559055118109,0.31352512555520073,0.30974814774236836,0.11989994006323476,0.3121992306467601,0.8248056918597808,0.6796868857062623,0.8090910145892223,0.686589867127075,0.7814275534571762,0.9588299502847453,0.4881423711278672,5.2532669081083256e-08,0.8247637428457342,0.8120553313391082,0.6942743382438786,0.14643374775282464,0.8700352410481178,0.14645567228568462,0.00136006,3
165,7,17,16,True,False,False,False,True,0.5333333333333333,0.0,1.0,0.9085753565904795,0.9056838979246521,0.21333333333333335,0.5324803149606299,0.3111446570093187,0.3126686204960352,0.1184020040329295,0.3152910240410048,0.8280225852832369,0.6829172517083217,0.8075259411395052,0.6946640846467027,0.7996011993605892,0.9567265611589661,0.5283707697511091,5.0340767638779464e-08,0.8275537785786689,0.8105513856651159,0.6944816511418885,0.1417512159269636,0.8709095461543461,0.11920238889429027,0.00240831,4
166,6,17,16,False,True,False,False,True,0.5333333333333333,0.0,1.0,0.9771896660365469,0.9848751683414483,0.21333333333333335,0.45866141732283455,0.3101705357344456,0.31322669442199974,0.11791986895716797,0.31588164902495514,0.8276411324365395,0.6807678086679771,0.8070680983650348,0.6943400100325474,0.763606016291211,0.9610333451917192,0.5509420448441198,4.930034502909784e-08,0.8270190643909532,0.8100986838787191,0.6945457388968841,0.14400638768390422,0.8715715362197954,0.12553414443235802,0.00347577,5
167,5,17,16,True,False,False,False,True,0.5333333333333333,0.0,1.0,0.6487071088961448,0.6225266756448773,0.21333333333333335,0.3848425196850393,0.30918351219103096,0.3139491091359783,0.11743193666606658,0.3165133609643108,0.8271066891120923,0.6797297107554058,0.8066258892462782,0.6943221614306879,0.7250164893866722,0.9657989855968934,0.5493106261066787,4.825432265252298e-08,0.8262734337404909,0.8096641049579543,0.6946619277304165,0.14675635539038592,0.8723733203067391,0.14353076107808563,0.00468893,6
168,4,17,16,False,True,False,False,True,0.5333333333333333,0.0,1.0,0.9115999312596665,0.9205601022134743,0.21333333333333335,0.31102362204724404,0.3081835863790751,0.3150960708856599,0.11693756302458763,0.31725806203103096,0.8263614361661301,0.6822481980717028,0.8062013829435501,0.695294735245739,0.698581486235515,0.9686559048928545,0.5198754551061415,4.695960507260771e-08,0.8255610787455591,0.8092615184428457,0.6946141355558821,0.14396121262152659,0.8727052497568597,0.08658117718689731,0.00620337,7
169,3,17,16,True,False,False,False,True,0.5333333333333333,0.0,1.0,0.5191957380993297,0.5297489554197314,0.21333333333333335,0.2372047244094488,0.3071965628356606,0.3159280461249811,0.11645575001634495,0.31763298049910377,0.8256494420196788,0.6823726949358795,0.8058081275303421,0.6932319968269153,0.6669337010920962,0.9719447037493687,0.5124644370610587,4.571127447632538e-08,0.8245745835423728,0.8088748861016561,0.6947286074946337,0.1448417626656576,0.873590739292318,0.09454121709269911,0.00749172,8
170,2,17,16,True,False,False,False,True,0.5333333333333333,0.0,1.0,0.6927020679383629,0.6763458682965572,0.21333333333333335,0.16338582677165353,0.306190185889434,0.3168695818896451,0.11596781772524356,0.3180592576614332,0.8246634465326421,0.6834358326312834,0.805430456507126,0.6913571936864946,0.6395000791530243,0.975016617374961,0.4952052205399595,4.453509767221571e-08,0.8230096038661193,0.8085062085104617,0.6950404641444901,0.14608100675110602,0.8746814432173231,0.11399510304092197,0.00886985,9
171,1,17,16,False,True,False,False,True,0.5333333333333333,0.0,1.0,0.8232422523915908,0.8093494250492075,0.21333333333333335,0.08956692913385826,0.30513865100331267,0.31809186650049986,0.11547441028632127,0.31862420329825536,0.8230992596079554,0.6870527941589442,0.8050703240808658,0.6904430652932187,0.62013732323134,0.9768111469167127,0.4735789745936374,4.332252492342447e-08,0.8221375257246415,0.8081660433312449,0.6946330324737123,0.14378938781830825,0.875254279479759,0.10381190960335249,0.01047487,10
172,0,17,16,False,True,False,False,True,0.5333333333333333,0.0,1.0,0.829155066735407,0.8322680341172002,0.21333333333333335,0.015748031496062992,0.3041774319969809,0.31915323408975743,0.11499291934559747,0.3191326543713952,0.822227623223852,0.6897521763549566,0.8047380432093223,0.6888961864653935,0.5775237962986273,0.9803792785136562,0.4778763702922628,4.205589030042643e-08,0.8233433842877474,0.807856828240737,0.6936575083094336,0.1406300683127935,0.8759298433655316,0.07617878510474348,0.01190436,11
173,9,18,17,False,False,True,False,True,0.5666666666666667,0.0,1.0,0.03945695136621408,0.03757035809247555,0.22666666666666666,0.6811023622047243,0.3231448419418344,0.3004811533071301,0.12580730249450958,0.30129920376904334,0.8287832737233309,0.677140862429405,0.8171012815656427,0.6708776145868574,0.49076873304641905,0.9871491457813626,0.5793791324300841,5.421348403766129e-08,0.8242580382038656,0.8197710713337061,0.6963426639967917,0.1469905406769777,0.8684079450599759,0.18299814439807618,0.0,0
174,10,18,17,True,False,False,False,True,0.5666666666666667,0.0,1.0,0.47776823050925127,0.4742739735488104,0.22666666666666666,0.7549212598425196,0.32291475148618,0.3002985524315589,0.1258295251533122,0.3006589320473116,0.8264481648817776,0.6757680426846392,0.8171603456920957,0.6662505103766871,0.5156485677275578,0.9854068393243955,0.5794023436722837,5.385985937670984e-08,0.825717218359971,0.8198322093869046,0.6945520158113104,0.1490103003883778,0.868314005446323,0.1778234110386112,0.00029374,2
175,11,15,17,False,True,False,False,True,0.5666666666666667,0.0,1.0,0.612923182677436,0.6167115577195346,0.22666666666666666,0.8287401574803149,0.32392757956667734,0.29903518262370066,0.12649813732250456,0.29895895926741956,0.8272686338820181,0.6730850416549659,0.8182435346951108,0.6612308535831359,0.4848896567021664,0.9873292979095138,0.6112150090523845,5.3291723501016686e-08,0.826360206411451,0.8208831002316633,0.6946836171348221,0.15033773720653382,0.8682431053170776,0.17980353561143614,0.00164424,3
176,7,18,17,True,False,False,False,True,0.5666666666666667,0.0,1.0,0.909194019590995,0.9107186021616769,0.22666666666666666,0.5334645669291338,0.32098908790638114,0.3022158616250564,0.12455768052125984,0.3034117580594631,0.8255082200402174,0.676833286530001,0.8151877461917596,0.6727176537837869,0.46673479196428597,0.988970900002923,0.5770646399936332,5.390581509776175e-08,0.825153323982021,0.8179355287741119,0.6943709620035389,0.14825449872437577,0.8685978110436157,0.13040957728232316,0.00276704,4
177,6,18,17,False,True,False,False,True,0.5666666666666667,0.0,1.0,0.9915220255484906,0.9926447736454989,0.22666666666666666,0.45964566929133854,0.3200568990042674,0.30314027855763565,0.1239405991550881,0.30439270911976335,0.8252418938072114,0.6770722175418891,0.8142810926918133,0.6729591348677687,0.4730022150478083,0.9885902808471836,0.5704494359668144,5.387461328417486e-08,0.8256583460463403,0.8170492231376429,0.6940020974074557,0.1483037035672088,0.8687842522756057,0.13717936547693796,0.00407509,5
178,5,18,17,True,False,False,False,True,0.5666666666666667,0.0,1.0,0.6543518359397376,0.6229151559100798,0.22666666666666666,0.3858267716535433,0.31920212371340195,0.3040783905558827,0.12333317981448269,0.3054198830048945,0.8257466600490182,0.6774503884676589,0.8134153297409498,0.6736905775714236,0.5048489750908096,0.9860374276116999,0.5355231482402563,5.373347609744676e-08,0.8288643274734051,0.8162264652118313,0.6928040380395666,0.14674525753572634,0.8688367121705012,0.11931514484350846,0.00533715,6
179,4,18,17,False,True,False,False,True,0.5666666666666667,0.0,1.0,0.9165377785415593,0.9192133706274388,0.22666666666666666,0.312007874015748,0.3186118449276344,0.3047460250071899,0.1227483052001988,0.3062827090684046,0.828951017463428,0.6755466629224001,0.8126116415995375,0.6730417283979422,0.5247319109798257,0.9843075394536793,0.49894554642580036,5.384233629069209e-08,0.8285466729463802,0.8154035391703829,0.6944271265512014,0.14774304583379402,0.8695746893997824,0.17178251616785434,0.00622392,7
180,3,18,17,True,False,False,False,True,0.5666666666666667,0.0,1.0,0.506009050810563,0.5102558790013467,0.22666666666666666,0.23818897637795272,0.3176280469513552,0.305762883633027,0.12214249619718778,0.30759749164137246,0.8286335238465591,0.6764017598052982,0.8118077892390525,0.6762229791999627,0.5714744845240219,0.9803334187522346,0.47889103316554915,5.3784336466768876e-08,0.827885511267649,0.8146346118714296,0.6945826177343383,0.14714262373322265,0.8696630498778041,0.16243734518777536,0.00763752,8
181,2,18,17,True,False,False,False,True,0.5666666666666667,0.0,1.0,0.6966729678638941,0.6816948099036569,0.22666666666666666,0.16437007874015747,0.316615218870858,0.3067146906969419,0.12155633331282839,0.30880442095640165,0.8279726970839707,0.676800056163999,0.8110566840446938,0.6788827708496168,0.6293778342952635,0.9752615439217709,0.4576129558522173,5.349944861445492e-08,0.8267569546120059,0.8139262230132374,0.694817899905205,0.14648418084870324,0.869736629457434,0.13646790242474102,0.00902735,9
182,1,18,17,False,True,False,False,True,0.5666666666666667,0.0,1.0,0.8245425903648966,0.8108204703201077,0.22666666666666666,0.0905511811023622,0.31556368398473655,0.3074850381407579,0.12099368135734714,0.3097134698447427,0.8268447121067145,0.6756760741364786,0.8103647141383862,0.6793653830449948,0.6921358396488583,0.9693705545331097,0.4512066530051926,5.339380028307911e-08,0.8256081765964637,0.8132470862758239,0.694774349111838,0.1493997430028125,0.8700996722390879,0.18788374531714777,0.01032126,10
183,0,18,17,False,True,False,False,True,0.5666666666666667,0.0,1.0,0.8267732141834221,0.8290289719948893,0.22666666666666666,0.016732283464566927,0.3145250513671567,0.30866623755460904,0.12043457214457357,0.31101798067885916,0.8256965160128327,0.6779652251240289,0.8097013183507149,0.6832399295388528,0.7347739033065583,0.9644054820487558,0.4671328810456994,5.3093807673223295e-08,0.8247169009614106,0.8126223013237425,0.6946383123836805,0.14805169926663647,0.8700730315666965,0.17636999733852893,0.01188682,11
184,9,19,18,False,False,True,False,True,0.6,0.0,1.0,0.035412728418399486,0.03978037915673893,0.24,0.6820866141732284,0.33210654263285844,0.292851860474671,0.13147032303479503,0.29198616054385435,0.8239300473639415,0.6814686105650722,0.8276961487343087,0.6900409467925013,0.6379069522178322,0.9752303179155599,0.5154487396295486,6.890363729442643e-08,0.8256539092922696,0.8301227916610161,0.6933601804261333,0.14372848122735277,0.8670960851400308,0.08584842814748192,0.0,0
185,10,19,18,True,False,False,False,True,0.6,0.0,1.0,0.48532966718221915,0.47615594461134714,0.24,0.7559055118110236,0.3323914677298136,0.29264643448965333,0.1314744025567008,0.2916968398995423,0.8264770744536601,0.6796351680239634,0.8277271861390343,0.6877692747401454,0.6401056916337181,0.9750133267457701,0.5133796231820622,3.4374453620729694e-07,0.8279175070902743,0.8304581263176062,0.6935724525879312,0.14403749836941238,0.8654050701241742,0.10021021208613004,0.00035126,2
186,11,16,18,False,True,False,False,True,0.6,0.0,1.0,0.6227530503522942,0.6255257432922408,0.24,0.8297244094488189,0.3329914232169871,0.29239649954121527,0.13216749185732796,0.2913167855620438,0.8237639239243335,0.6841343723673126,0.8292217439189676,0.6902750784521879,0.6312778818805477,0.9758724981156623,0.5340409446312395,6.325079606738323e-08,0.8263891306351043,0.8317006689881568,0.6929766004595906,0.14186301233927717,0.8666266592139962,0.08518563853647793,0.00099517,3
187,7,19,18,True,False,False,False,True,0.6,0.0,1.0,0.9123675316491952,0.9182464864118236,0.24,0.5344488188976377,0.33089480457901516,0.2937968200057519,0.1303426572953607,0.2927907800872071,0.8298321198135459,0.6746438266404569,0.8253440389571431,0.6846975653573804,0.5470681390305647,0.4920752806845923,0.23906253108648512,3.4151101947701564e-07,0.8310559133399544,0.8281477131229944,0.6935738088084852,0.14626355051510048,0.8654741416269578,0.04248893575208405,0.00153664,4
188,6,19,18,False,True,False,False,True,0.6,0.0,1.0,0.9884859941570716,0.9829413999102179,0.24,0.4606299212598425,0.33008196166090903,0.29448499705556086,0.12980287213371988,0.2929089050839971,0.8311414931665957,0.672722549845549,0.8242565802582399,0.679260741241936,0.5425670696365008,0.4924912209053318,0.2352426237988181,3.3926056957072575e-07,0.8284757702034423,0.8270566426410741,0.6954660478108597,0.15023805372691382,0.8657129599076179,0.021977694434631018,0.00260117,5
189,5,19,18,True,False,False,False,True,0.6,0.0,1.0,0.632554276221573,0.6218032390621223,0.24,0.3868110236220472,0.3288626972837499,0.29598803051260636,0.12925793389177698,0.29284213878146365,0.828562657019909,0.6775795656650754,0.8231907984769228,0.6714455034355642,0.5417878560784191,0.4925694916423007,0.23744106002427245,3.3055663229981316e-07,0.8172355097318494,0.8259894445795596,0.7002740602751175,0.1643746210098942,0.8660162024044261,0.0,0.00451199,6
190,4,19,18,False,True,False,False,True,0.6,0.0,1.0,0.9156785243741765,0.9203356469491351,0.24,0.31299212598425197,0.32680801101853735,0.299685698242923,0.12870623223193758,0.29248776379109337,0.8173280903820667,0.7021485069736966,0.822148335803918,0.6599681524947213,0.529693671043866,0.49372634002715765,0.23956986252312817,4.926351317285118e-08,0.8147987078806992,0.8251194461598466,0.6881129626924949,0.18842166285655615,0.8645602403029502,0.043527574588509754,0.0086473,7
191,3,19,18,True,False,False,False,True,0.6,0.0,1.0,0.5046686143094461,0.5053869263441417,0.24,0.23917322834645668,0.3257693784009574,0.30021638203755185,0.12826338939347925,0.29298080725595627,0.814892522910196,0.7023102124871291,0.8212985021030988,0.6543769904690799,0.5804145253995859,0.9795005796390623,0.5571891848874917,4.926486283620507e-08,0.8128451709344828,0.824300554893678,0.6878200120813383,0.1884092454121217,0.8645601344143061,0.020764327340541913,0.00971575,8
192,2,19,18,True,False,False,False,True,0.6,0.0,1.0,0.6897588359970213,0.6786025069926448,0.24,0.16535433070866143,0.32480815939462554,0.3005005546501595,0.12783020858058725,0.293299231160347,0.8129399755419904,0.7003718524758963,0.8204985910003568,0.6465453039511905,0.5624325618605227,0.9811781701018192,0.5672562322185304,5.001623760200325e-08,0.8140781619551752,0.8234835128995127,0.686515073160292,0.19140868776282643,0.8649145322335151,0.09974309437756787,0.01057208,9
193,1,19,18,False,True,False,False,True,0.6,0.0,1.0,0.8193229077161024,0.8048620463413793,0.24,0.09153543307086613,0.32418885050463997,0.3011339514372971,0.12737834785160032,0.2945523833002069,0.8141723419823267,0.7012012075259759,0.8197004863074137,0.6457613653597135,0.5559685864216151,0.9817459008243641,0.5774625470027657,5.126504024645737e-08,0.8169652090223101,0.8226886621693865,0.6856987734906531,0.18764390096656977,0.86514682563846,0.17647574722464854,0.01145787,10
194,0,19,18,False,True,False,False,True,0.6,0.0,1.0,0.8308999255313054,0.828947822783936,0.24,0.017716535433070862,0.3237146921357447,0.3011339514372971,0.1269197237047169,0.29657077998448966,0.817057926595271,0.6966313301507068,0.8189240585320565,0.6515145646924324,0.5109559038271875,0.9853108061364999,0.5944332809422439,5.256043860340373e-08,0.8271810912367282,0.8219919909710695,0.6815263087600769,0.17356117185205042,0.8648081126800992,0.20805925233057138,0.01179051,11
195,9,20,19,False,False,True,False,True,0.6333333333333333,0.0,1.0,0.04343243398063812,0.04528816602783259,0.25333333333333335,0.6830708661417323,0.3424014777398236,0.28399571800946777,0.13842537110498254,0.285592003108913,0.8268841109922889,0.6789072981996318,0.8443446783167325,0.6971593891811808,0.5942249258951232,0.9792813730142478,0.563131262890529,5.4135921602029124e-08,0.8279042821502559,0.8471938137928792,0.6938250283595025,0.14767697119230255,0.8639527262022617,0.12025194751435316,0.0,0
196,10,20,19,True,False,False,False,True,0.6333333333333333,0.0,1.0,0.4861889213496019,0.47396318933664844,0.25333333333333335,0.7568897637795275,0.34247781616202666,0.28415207000917564,0.13842172100643527,0.28566732919382265,0.8276815546697911,0.6802761396611439,0.8443512470796374,0.6977028966064325,0.5911486770712232,0.9795529339943281,0.5595268885661417,5.414470089674444e-08,0.8267948376659944,0.8471879857841417,0.6946645685064647,0.1457606072920643,0.8639965765321161,0.11284831159373465,0.00017399,2
197,11,17,19,False,True,False,False,True,0.6333333333333333,0.0,1.0,0.6214469840178725,0.6129286232259401,0.25333333333333335,0.8307086614173228,0.3431326062905011,0.2829605992960736,0.1389679475184537,0.2850972476875748,0.8252227060382629,0.6776691940466162,0.8458275765425096,0.6977875899721189,0.5809518396547095,0.9804333423930234,0.5521158705210591,5.4233236975956625e-08,0.8275942212984674,0.8487191830028366,0.6931633761465533,0.1491888880916017,0.8637833960467095,0.1283282348198698,0.00126729,3
198,7,20,19,True,False,False,False,True,0.6333333333333333,0.0,1.0,0.9151629718737468,0.9166925653510135,0.25333333333333335,0.5354330708661417,0.3404747389709796,0.28613443076459544,0.13729061988013294,0.2865301552573328,0.8262614039306783,0.6830176448563138,0.8413752690455806,0.6950599036408814,0.6180155479272812,0.9771325103445312,0.5737819071682946,5.399775825619171e-08,0.8256936694345187,0.8441439159511478,0.6945182915045757,0.14496331705828966,0.8643510329147897,0.11799620852995016,0.00287861,4
199,6,20,19,False,True,False,False,True,0.6333333333333333,0.0,1.0,0.989219224379905,0.9818191235885216,0.25333333333333335,0.4616141732283464,0.3395102943975125,0.28723345978443965,0.13670606733336793,0.28707969328587785,0.8257819655438836,0.6855052419732286,0.8398820250182282,0.6944677500262479,0.6239015438600662,0.9765747095315302,0.5676939299285757,5.3961661854730834e-08,0.8251745692082442,0.8426140636575461,0.6945154975318131,0.14297657830646043,0.8645439033503178,0.10846316004389123,0.00434073,5
200,5,20,19,True,False,False,False,True,0.6333333333333333,0.0,1.0,0.6390101391991752,0.6299975827894609,0.25333333333333335,0.3877952755905511,0.3385490753911806,0.28819553814760546,0.1361099203559233,0.2875778726201665,0.8252631282715145,0.6871260413741459,0.8383876314573675,0.6933583369302738,0.6255778289520798,0.976422537985858,0.5718421104987765,5.389088578835022e-08,0.8246523973829978,0.8410823620919412,0.6945087456230601,0.14063107397645314,0.864772258133421,0.08374040719050264,0.00569908,6
201,4,20,19,False,True,False,False,True,0.6333333333333333,0.0,1.0,0.9202153863779572,0.925791636451535,0.25333333333333335,0.31397637795275585,0.3375943075191195,0.28879469727057333,0.13550024654268572,0.287942519349388,0.8247412209561136,0.6858770944491248,0.836891431486708,0.6909641744729996,0.6272391516223794,0.976271379561954,0.5759703957185207,5.405495723010888e-08,0.8243861921387544,0.8395141794331813,0.6944246191083588,0.14328358109866585,0.8651559252838936,0.1259285972256968,0.00679258,7
202,3,20,19,True,False,False,False,True,0.6333333333333333,0.0,1.0,0.5110270951480781,0.5097724368935392,0.25333333333333335,0.24015748031496062,0.33667179531841185,0.2896609101740642,0.13486223078778684,0.28859477476644635,0.8244751505600268,0.6867525507816157,0.8353595959772895,0.6907160439098937,0.6245028277915924,0.9765302849473843,0.5796609832282196,5.422143722762769e-08,0.8245917333032999,0.8379554112500742,0.694180649565362,0.1423212099690401,0.865373288032941,0.12129081174857491,0.00805752,8
203,2,20,19,True,False,False,False,True,0.6333333333333333,0.0,1.0,0.6912367531649195,0.6818950930626058,0.25333333333333335,0.16633858267716534,0.3358008921918696,0.2904483764499651,0.13421551920987823,0.28921621496695066,0.8246805876062362,0.6870319666760274,0.8338369567359378,0.690208233688361,0.6220982192137476,0.9767606043586894,0.5745677735113304,5.4407113821982615e-08,0.8262473251492286,0.8364048807331634,0.6935048131115037,0.14093058243580386,0.8656404411121513,0.1088898484470164,0.00923063,9
204,1,20,19,False,True,False,False,True,0.6333333333333333,0.0,1.0,0.8234324339806381,0.8124555405918713,0.25333333333333335,0.09251968503937008,0.3350686884521471,0.2910167216751804,0.13355785733632772,0.28976575299549584,0.8263353408003601,0.6855094542731442,0.8323223642291446,0.6890123773637732,0.61964207614428,0.9769973586587994,0.5694845114696692,5.489509425553037e-08,0.82459429296911,0.8347983677092451,0.6950567585990743,0.14199593627964976,0.866203501543917,0.14777320338102448,0.01015206,10
205,0,20,19,False,True,False,False,True,0.6333333333333333,0.0,1.0,0.8262530789940998,0.8231344314375496,0.25333333333333335,0.018700787401574805,0.333981672327537,0.29176310275407763,0.13286122529299288,0.29059262797302643,0.8246831459754292,0.6853126462604138,0.8307530867711683,0.6899940504660468,0.6221217809876207,0.976764201753713,0.5547818474822432,5.6000243081853406e-08,0.8236746050435656,0.8332306893973951,0.6946461816220878,0.14245952776150736,0.8663837095616332,0.13328895901326893,0.01145537,11
206,9,21,20,False,False,True,False,True,0.6666666666666666,0.0,1.0,0.04623933092742161,0.046220518664318644,0.26666666666666666,0.6840551181102362,0.3520405475292693,0.2732736228470215,0.1451737591838895,0.2752089870867122,0.8230977245864395,0.6741415488782802,0.8644820420970117,0.6756926540754308,0.9136582225929937,0.9409019482798353,0.6451001067717141,5.0266314483758095e-08,0.8232367315456628,0.8670272560277861,0.694175976554334,0.15105407454128011,0.8640513579985749,0.1733956906107084,0.0,0
207,10,21,20,True,False,False,False,True,0.6666666666666666,0.0,1.0,0.493589963911325,0.4836665630719293,0.26666666666666666,0.7578740157480315,0.35216419426945744,0.27333639189799913,0.1451844947678521,0.275292872953998,0.8242538516248201,0.6748041280539174,0.8645368912672675,0.6766891426838231,0.7303171328527348,0.46934201599540004,0.32241410182440355,5.004863037139214e-08,0.824034750023037,0.867105653953015,0.694374927108264,0.1492059532959745,0.8640122398878455,0.1367853728587319,0.00013867,2
208,7,21,20,True,False,False,False,True,0.6666666666666666,0.0,1.0,0.9155295869851635,0.9110121205842743,0.26666666666666666,0.5364173228346456,0.3504288391506437,0.2751886495295745,0.14380926646223974,0.2775577913707122,0.824708217993522,0.6746489750070206,0.860133028396762,0.6809504088846374,0.8351252358905086,0.9518374478377365,0.5602132781568947,5.159944457160297e-08,0.8274485763138766,0.862770456030476,0.6930118339858707,0.14953178068487993,0.8639781789202057,0.16465169928282913,0.00250298,3
209,6,21,20,False,True,False,False,True,0.6666666666666666,0.0,1.0,0.9836512573752649,0.9760868814530889,0.26666666666666666,0.46259842519685035,0.34981598139492875,0.27611649022857065,0.14315224872372698,0.2787133619914847,0.8275359834627014,0.6746283815407658,0.8580768413884612,0.6837631385541466,0.7863121201610941,0.958117799392161,0.5336529852973357,5.209008276931293e-08,0.8277503609128792,0.8607387785614456,0.6941638128284032,0.1472841168407168,0.8639921774133399,0.1336187666461834,0.00360979,4
210,5,21,20,True,False,False,False,True,0.6666666666666666,0.0,1.0,0.6418239101792977,0.6351790462377845,0.26666666666666666,0.3887795275590551,0.3489128225970331,0.2767841246798778,0.14250811368596938,0.27952996523016393,0.8278376151905728,0.6723607600861181,0.8560922538958237,0.6840133689527653,0.7404240972718872,0.9639537593151228,0.5097586693989613,5.2855687405935295e-08,0.827804369861471,0.8587356807506474,0.6942894210519205,0.15002295366612145,0.864091050530973,0.19738363823985078,0.00470173,5
211,4,21,20,False,True,False,False,True,0.6666666666666666,0.0,1.0,0.9197571174886865,0.9241859180220311,0.26666666666666666,0.31496062992125984,0.3479838592620547,0.277883153699722,0.14186075797302303,0.2807831173700239,0.827891596780548,0.6734971449967238,0.854135583645532,0.6880517026166284,0.7200428277658808,0.9663202320226021,0.5141853848755544,5.349930075901552e-08,0.8269903961338808,0.8568474059196878,0.6946807647522659,0.14923528047114942,0.8639852145582299,0.19653246085743414,0.0061404,6
212,3,21,20,True,False,False,False,True,0.6666666666666666,0.0,1.0,0.5070286990891906,0.4945612762871647,0.26666666666666666,0.24114173228346455,0.3469645800472868,0.27895136882181343,0.14123916766158692,0.2819951825544787,0.8270780353771291,0.674538987175887,0.8522910750218411,0.6922247757259015,0.6742493993386027,0.9710674229399872,0.521586455245409,5.3867286444962825e-08,0.8261833335039778,0.8550796700002129,0.6946401913457928,0.1485361674955713,0.8638404604230969,0.16143571218283148,0.00761592,7
213,2,21,20,True,False,False,False,True,0.6666666666666666,0.0,1.0,0.6953176376238758,0.6870351186159743,0.26666666666666666,0.16732283464566927,0.34595820310106024,0.27987236198797566,0.14064978410203874,0.2828888238345429,0.8262713815705315,0.674436487877937,0.8505643114732202,0.6941919716288891,0.6306304155559475,0.9756406075697415,0.5262220719017963,5.4243860033381576e-08,0.8252838669383326,0.8533706064379322,0.6946677228166225,0.1502176267407524,0.8638435166890923,0.1836361938254893,0.00897431,8
214,1,21,20,False,True,False,False,True,0.6666666666666666,0.0,1.0,0.8181967119207194,0.8094443868918125,0.26666666666666666,0.093503937007874,0.3449518261548337,0.2810877990659965,0.1400678080954248,0.28389031837254575,0.8253723706360616,0.676833286530001,0.8488948603809444,0.6973165268720617,0.6091419968500136,0.9776605704001167,0.5288184151363824,5.4393788432743385e-08,0.8248643377120684,0.8517558557478175,0.6944937879795049,0.14873922226311245,0.8637581437105787,0.15659945273046227,0.01055042,9
215,0,21,20,False,True,False,False,True,0.6666666666666666,0.0,1.0,0.8337801455003724,0.8261645775061294,0.26666666666666666,0.01968503937007874,0.3440067349841786,0.28216628548733885,0.139506444410019,0.284691514002948,0.8249530539253057,0.6783653936160255,0.8473175361884095,0.6991251851938265,0.5961821235811817,0.9789320194600428,0.5417503929331713,5.42578461124456e-08,0.8251341264884458,0.8502305425764057,0.6941500840192169,0.14714111205999075,0.8636682331140481,0.1021274176057228,0.01198422,10
216,11,18,20,False,True,False,False,True,0.6666666666666666,0.0,1.0,0.6223864352408776,0.6088072792568804,0.26666666666666666,0.8316929133858267,0.04632075684707263,0.2643147673893096,0.03747062341643427,0.26464621563461366,0.7535957879009603,0.7381915192361697,0.8023267653002909,0.7372697472031358,0.29031977963081773,0.9974906655457487,0.7103236973519289,1.759949869961228e-05,0.7534709068384032,0.8056975510034822,0.694399092473775,0.21414676282273754,0.8593585592962321,0.13306564839118407,0.30585103,11
217,9,22,21,False,False,True,False,True,0.7,0.0,1.0,0.03660422753050352,0.04071273179322499,0.28,0.68503937007874,0.04227858363196709,0.23658796568929547,0.037943525889987964,0.23812800983347798,0.7115272440735376,0.5163944272832226,0.8024048449005597,0.5288202424143442,0.34488002751567376,0.9954733365193178,0.5564000026527134,5.021955489824613e-09,0.7175878050695035,0.8057517111369884,0.6977257281713137,0.1889613364454317,0.9041188909870554,0.18855161440549087,0.0,0
218,10,22,21,True,False,False,False,True,0.7,0.0,1.0,0.48524947012659675,0.48846645257087606,0.28,0.7588582677165353,0.04235072881689423,0.23686985579095848,0.03795211435715806,0.23822216743961505,0.7130492179065375,0.5207666385846672,0.8024101304556311,0.5323289508988462,0.37847018277039296,0.9937717912081614,0.5893301235501263,5.284060215557718e-09,0.7140927520502923,0.805753875793926,0.6940901350090215,0.18853427840943762,0.9084602243192108,0.1861008818254406,0.00029098,2
219,11,19,21,False,True,False,False,True,0.7,0.0,1.0,0.6318370854098643,0.6174470803549846,0.28,0.8326771653543306,0.04174496730887709,0.2333365288486558,0.03809897714576679,0.23414942298506997,0.7115904357926082,0.5163226621735468,0.8024479156220508,0.5204967277563257,0.4014288862016486,0.9923970915581486,0.5764677794799353,4.4132199878777155e-09,0.7129037872815326,0.8057828942339699,0.69457906602718,0.1885084114548008,0.9023030878815854,0.18034511077167054,0.00329493,3
220,7,22,21,True,False,False,False,True,0.7,0.0,1.0,0.9142120639285101,0.9008080389516213,0.28,0.5374015748031495,0.04352999616157511,0.24396389980689953,0.03772602295890516,0.24575648788705196,0.7140817757128894,0.5335369278292614,0.8023622263070195,0.5571290582237725,0.33330589734232574,0.9959084233796562,0.6025605316037641,9.215716097498995e-09,0.7130714453920897,0.8057189213420558,0.6923081492120691,0.19141480771948916,0.923723715319226,0.22736817634348283,0.00748134,4
221,6,22,21,False,True,False,False,True,0.7,0.0,1.0,0.9836283439308013,0.9876376946717773,0.28,0.4635826771653543,0.04406931098660422,0.2479354688505731,0.03764228540399667,0.24944404213467275,0.7132167910886883,0.5540531685856034,0.8023476403197235,0.576490591570327,0.32515947455115884,0.9961874867423641,0.6384318484770108,1.4639917292564203e-08,0.7184764190787252,0.8057077901367676,0.6960419248557329,0.19362214525007235,0.9233233305318598,0.22960766862224768,0.01148793,5
222,5,22,21,True,False,False,False,True,0.7,0.0,1.0,0.631544938992954,0.6251528022376464,0.28,0.38976377952755903,0.04458314383126414,0.2516399841137238,0.037574651225032125,0.2527566779142207,0.7186190268475262,0.5777831601610035,0.8023367671121747,0.5953695127215035,0.3184625379517233,0.9964152114288058,0.6780136482104129,2.9694895283427847e-08,0.7256537476067125,0.8057022011946297,0.4128209352023527,0.19517442573850308,0.9308664103959008,0.271235292795973,0.01522742,6
223,4,22,21,False,True,False,False,True,0.7,0.0,1.0,0.9197571174886865,0.9258606996097931,0.28,0.3159448818897638,0.04510149246991354,0.2548788671441679,0.03753213831254012,0.25551977566522344,0.7257927196487869,0.6062917719741646,0.8023313077098664,0.6165061070216167,0.2994638417483576,0.9971714187426182,0.688259753695561,9.29858006080192e-08,0.7333752354892545,0.805699492851723,0.42093740841789445,0.20019528993321817,0.9433145684944424,0.43510741410658,0.01850745,7
224,3,22,21,True,False,False,False,True,0.7,0.0,1.0,0.5140287563728018,0.49872233157222284,0.28,0.2421259842519685,0.04556468391054858,0.2582238869335378,0.03750508464095431,0.2585088516709551,0.7335102961568176,0.645873350182533,0.8023286621406065,0.6493818317565124,0.29023383769326955,0.9974939898689192,0.6959791496727215,3.610763481605942e-06,0.7436579249813144,0.8056983948548769,0.35536251012798137,0.20261591903528753,0.9449785396845072,0.4936404103617334,0.02188405,8
225,2,22,21,True,False,False,False,True,0.7,0.0,1.0,0.6876290313341353,0.6862650644013951,0.28,0.16830708661417323,0.045965541266293146,0.25997086374779166,0.037494778480350176,0.2599533149469208,0.7413357741241422,0.668424131798184,0.8023277956661765,0.6652108293183701,0.29031977963081773,0.9974906655457487,0.7103236973519289,4.50922221272233e-06,0.7544615087054235,0.805698055302059,0.24270242179797225,0.20317140066721545,0.9475651651470824,0.546329751753615,0.02367179,9
226,1,22,21,False,True,False,False,True,0.7,0.0,1.0,0.815487197112906,0.8183794329914708,0.28,0.09448818897637795,0.04643526448037726,0.2612504964461304,0.03748780035077448,0.26117094398991997,0.7549159213284415,0.6861095510000312,0.8023274221136307,0.6795464355292169,0.29031977963081773,0.9974906655457487,0.7103236973519289,6.001632743344581e-06,0.7547618742896928,0.8056976645852082,0.0,0.20454410825480743,0.9761527635336991,0.7301483895239035,0.02501037,10
227,0,22,21,False,True,False,False,True,0.7,0.0,1.0,0.8297874778026006,0.819850478262371,0.28,0.02066929133858268,0.04642316860361973,0.26262856242895677,0.037477064766811855,0.26266890590573627,0.7555312581548017,0.7108308761583825,0.8023269317240046,0.7051195156379417,0.29031977963081773,0.9974906655457487,0.7103236973519289,8.961794561057456e-06,0.7534709068384032,0.8056975510034822,0.7280504650477926,0.2120910443566017,0.9893649280162596,0.9803639587785498,0.02636836,11
228,9,23,22,False,False,True,False,True,0.7333333333333333,0.0,1.0,0.04336369364724746,0.03755309230291104,0.29333333333333333,0.686023622047244,0.036702115649484064,0.19897218532162858,0.0405216763786127,0.1992237989341359,0.7085646525478797,0.5053800430590659,0.8035679877908593,0.4995858657738478,0.4918092177060466,0.9874043942899844,0.554941010285896,1.9277464417490605e-09,0.7146117669543731,0.8067722582301009,0.6990765423949876,0.18755414590679254,0.8793853399099378,0.1404447204051973,0.0,0
229,10,23,22,True,False,False,False,True,0.7333333333333333,0.0,1.0,0.48872085696282286,0.49409509996892165,0.29333333333333333,0.7598425196850392,0.03715143715143714,0.19920500143798187,0.04053573999360374,0.19953366305615045,0.7133239867578809,0.5070532621922681,0.8035850118347211,0.5023891461835489,0.48698635746041713,0.9876669720387179,0.5643614587270955,1.9327561621704253e-09,0.7154089322098107,0.8067844034640786,0.6956492298259064,0.1869007429092478,0.8801697147641666,0.13222481612917195,0.00050606,2
230,11,20,22,False,True,False,False,True,0.7333333333333333,0.0,1.0,0.6299295411582746,0.6161884042957285,0.29333333333333333,0.8336614173228345,0.036441812381662005,0.19620578205672495,0.04086457093037899,0.19627752184028463,0.7113673459989662,0.5102265281288029,0.8037993669902146,0.5039605230923578,0.5049029070969338,0.986459352432663,0.5555975568509639,1.803614589969831e-09,0.7131786953895299,0.8069856530115674,0.6956350667490984,0.18730090281976666,0.8784857988625951,0.12661385719809978,0.00277862,3
231,7,23,22,True,False,False,False,True,0.7333333333333333,0.0,1.0,0.9093773271467033,0.8890206844158983,0.29333333333333333,0.5383858267716535,0.038536818236066354,0.2057170051630397,0.03989418149599719,0.20708852698129004,0.7176601667033364,0.5042474024150521,0.8032078154046247,0.5086326571085265,0.47010902020419326,0.9888401139922878,0.5840876987048127,2.245362173251534e-09,0.7194611391536722,0.8064373791668861,0.6950026355847087,0.18710904972859072,0.883373157803427,0.1562445047302841,0.0069899,4
232,6,23,22,False,True,False,False,True,0.7333333333333333,0.0,1.0,0.9791602222604112,0.9814738077972306,0.29333333333333333,0.4645669291338582,0.03917064217816097,0.20935304509785124,0.039595946973515435,0.21114072795813232,0.7196032481055274,0.5062622858747543,0.8030494458153695,0.5151561461018888,0.47248691752283273,0.988673901421762,0.6019935141157506,2.390750259992532e-09,0.7203634213517084,0.8062994100261923,0.6941200294113642,0.1869549320103992,0.8840937340509138,0.14165217168891264,0.01067033,5
233,5,23,22,True,False,False,False,True,0.7333333333333333,0.0,1.0,0.6401076931889786,0.6315722227977486,0.29333333333333333,0.3907480314960629,0.03968673291981562,0.2129856612662458,0.03932412198758173,0.21466907025355786,0.7205050732461099,0.5085603294954602,0.8029146745068501,0.5176234528295284,0.4727485273934739,0.9886558755705317,0.6080914390306984,2.5460007178199295e-09,0.7189599565880679,0.8061785348834342,0.6924914282106074,0.1873816945051614,0.8852233222009149,0.14417681306342,0.01432779,6
234,4,23,22,False,True,False,False,True,0.7333333333333333,0.0,1.0,0.9205820014893739,0.9201284574743602,0.29333333333333333,0.31692913385826765,0.03997122794115276,0.21693326394500057,0.03906968864766749,0.21823336363496293,0.7191023194175103,0.514314799213704,0.8027966009936348,0.52078370527642,0.47714499343312794,0.9883872974637136,0.6224757774108189,2.7008039169998884e-09,0.716952922626422,0.8060787632965458,0.6920628264410688,0.1873444781783126,0.8866132000152717,0.1314827233568256,0.01825616,7
235,3,23,22,True,False,False,False,True,0.7333333333333333,0.0,1.0,0.5249126424929828,0.5104803342656861,0.29333333333333333,0.24311023622047243,0.04022991842540715,0.22059327024473085,0.03883973243918802,0.22142273854829514,0.7170963021331681,0.5179373771412525,0.8026991419006058,0.520619218161244,0.4813364093451444,0.9880984363322085,0.6206155621431271,2.8697159544214084e-09,0.7148255843717045,0.8059974692992827,0.6922321049930754,0.18716468622093796,0.8883998004787196,0.11665171268323657,0.021907,8
236,2,23,22,True,False,False,False,True,0.7333333333333333,0.0,1.0,0.6889087472074239,0.6896491591560482,0.29333333333333333,0.16929133858267717,0.04051505856017135,0.223825305742341,0.038632643024548954,0.22419097216872358,0.7149700414967481,0.5178695123092765,0.8026197321258487,0.5164580441198773,0.4828640720431143,0.9880011911846642,0.6245846845592182,3.1032727426886348e-09,0.7120199346773286,0.8059276525565344,0.6918472152645035,0.1876371295149351,0.8920116377831748,0.133281689422006,0.02514391,9
237,1,23,22,False,True,False,False,True,0.7333333333333333,0.0,1.0,0.8093372286188921,0.8154269829759315,0.29333333333333333,0.09547244094488189,0.04078310318911823,0.22718402059737874,0.03843650390555177,0.22742143403746107,0.7121658130241457,0.5192034072825986,0.8025515335871795,0.5167380221882619,0.4581460914018082,0.9894746769658314,0.6259972544416372,3.4004286590835793e-09,0.7102535093018256,0.8058695719663813,0.6927040592488027,0.1877203917453848,0.8940887064327361,0.1358372099586689,0.02850548,10
238,0,23,22,False,True,False,False,True,0.7333333333333333,0.0,1.0,0.8299043363693647,0.8175575814081978,0.29333333333333333,0.021653543307086614,0.041170816358786284,0.23032019063531406,0.038258400567611796,0.230718662208732,0.7104002824439588,0.5183188243002903,0.80249479918197,0.5176584500880764,0.428360152620098,0.9910498149506735,0.613105067345761,3.806413618208688e-09,0.7114442658366524,0.8058215759608088,0.6945337798652218,0.1877646886540321,0.8957429194949864,0.1434901789581491,0.03166491,11
239,9,24,23,False,False,True,False,True,0.7666666666666667,0.0,1.0,0.04460101964827867,0.02767706067198461,0.30666666666666664,0.6870078740157479,0.03125950870311773,0.16153900582953296,0.04457113864931538,0.1609273325834964,0.7092038184512997,0.5076656057911324,0.8071022833019856,0.49510621667969346,0.6934994422209617,0.9694178085072482,0.5035115293555892,8.197927806298193e-10,0.7089101113625272,0.8101658684909828,0.6942128656925138,0.18711654173009404,0.8705626808622843,0.10874026506494035,0.0,0
240,10,24,23,True,False,False,False,True,0.7666666666666667,0.0,1.0,0.479521109010712,0.48288960254152424,0.30666666666666664,0.7608267716535433,0.03147250365295478,0.16141004396116077,0.04457317841026829,0.16119953366305612,0.711188771829285,0.5061546382102406,0.8071158861151678,0.49683158152611384,0.6871826039114173,0.970082292136845,0.52275033324712,8.315388127803201e-10,0.7123731685591129,0.8101814976413375,0.6952315805396053,0.1869667896232727,0.8705338271780615,0.11470220562018954,0.00024899,2
241,11,21,23,False,True,False,False,True,0.7666666666666667,0.0,1.0,0.6285776479349258,0.6172001795642115,0.30666666666666664,0.8346456692913385,0.03088093464033314,0.15809583806954353,0.04493775884163908,0.15823613700445277,0.7106609802647399,0.5068449873631004,0.8075288313951833,0.5014022234924931,0.7039232006369329,0.968306940590197,0.5296838628812446,7.638935381142799e-10,0.7110423983044775,0.8106003073153838,0.6945150752150833,0.187649848933396,0.8697995398122719,0.11637790518519303,0.00346392,3
242,7,24,23,True,False,False,False,True,0.7666666666666667,0.0,1.0,0.9085753565904795,0.8920456507476087,0.30666666666666664,0.5393700787401574,0.032850143376459175,0.16738451635875595,0.04380247083759135,0.1677580389196185,0.7146837599840357,0.4978727885425443,0.8062968270685581,0.4915749932921921,0.6564732542244843,0.9733288631735255,0.49321568549429995,1.011996704298547e-09,0.7159032036777279,0.8093474423447423,0.6949586194732634,0.1868964669656351,0.8728978593913483,0.14741269944579186,0.00605806,4
243,6,24,23,False,True,False,False,True,0.7666666666666667,0.0,1.0,0.987970441656642,0.9929728236472254,0.30666666666666664,0.46555118110236215,0.03346622669930941,0.17075007874662762,0.04339441129117191,0.17181537576588657,0.7160471149270607,0.49644060657118794,0.8058920598983592,0.4957046698008656,0.6371439936259589,0.9753136366952262,0.4918429063127949,1.11872114306042e-09,0.716957018091718,0.8089527740761204,0.6946149941408536,0.18704601937194465,0.8737139564459171,0.15804855912234236,0.00947172,5
244,5,24,23,True,False,False,False,True,0.7666666666666667,0.0,1.0,0.624849630520708,0.6229255153838186,0.30666666666666664,0.3917322834645669,0.0340345716285566,0.17442035634560865,0.042987640014828,0.17612437021401167,0.7171003955238772,0.4976270710474586,0.8055065392034717,0.5026656245260788,0.626160984141866,0.9763442014468411,0.49620993573801786,1.2246836852728074e-09,0.7168098373076411,0.8085846680780908,0.6937110490114036,0.1870882490385071,0.874120888218929,0.15851844239174193,0.01317688,6
245,4,24,23,False,True,False,False,True,0.7666666666666667,0.0,1.0,0.9229764564358137,0.9155012258710591,0.30666666666666664,0.31791338582677164,0.03447776455295253,0.17819334693709854,0.042592463169163715,0.18036659835960328,0.7169532892952715,0.499915754001685,0.8051469651220585,0.5099520537557891,0.6077311910671224,0.9779738567313805,0.5031733083978274,1.323255960181094e-09,0.7155837573846359,0.8082464362286955,0.6928403021178946,0.1875987307626158,0.8743507566070797,0.14733846962602817,0.01696244,7
246,3,24,23,True,False,False,False,True,0.7666666666666667,0.0,1.0,0.5202039296557255,0.5131392658586278,0.30666666666666664,0.24409448818897636,0.03482322279314761,0.18228817157178268,0.04221371176696225,0.1841671417345886,0.7157278304517567,0.5055064120565385,0.8048165727698502,0.5141622239591233,0.5846852029885541,0.9799753147194425,0.5237948391460914,1.4160397921372381e-09,0.7137876398857366,0.8079465347444585,0.6923774916337401,0.18771085210939167,0.8746224165561464,0.1374916338346245,0.02105298,8
247,2,24,23,True,False,False,False,True,0.7666666666666667,0.0,1.0,0.6930102537663975,0.6942056010221348,0.30666666666666664,0.17027559055118108,0.03513126445457273,0.18617757022144915,0.04185782715860118,0.1875979025109265,0.7139326227889293,0.5099246466348404,0.8045236223661997,0.5155586145751916,0.5605654968707996,0.9820705111655728,0.5320812526112646,1.500529222568859e-09,0.7123933899190122,0.8076804917494449,0.6929990787826968,0.18768587145645418,0.8749181506994229,0.12224297202647912,0.02494092,9
248,1,24,23,False,True,False,False,True,0.7666666666666667,0.0,1.0,0.8159695251188634,0.8230895403846819,0.30666666666666664,0.09645669291338582,0.03550091444828287,0.1897451348279215,0.04152223280392948,0.19055616330010422,0.712539079089425,0.5119886735935599,0.8042637456837752,0.5127973308757481,0.5384589444201089,0.9838909051813327,0.5504148180570203,1.5837095607281795e-09,0.7114066387492449,0.8074382034938912,0.6934175468932642,0.18738549908538193,0.8756696392339125,0.10829323536151983,0.02852324,10
249,0,24,23,False,True,False,False,True,0.7666666666666667,0.0,1.0,0.8247476656928453,0.8107358679512414,0.30666666666666664,0.02263779527559055,0.03592765698028857,0.19286760980018897,0.04119662254234303,0.19313950562120902,0.711552827765469,0.5102101469624638,0.8040270731563124,0.5062633427048215,0.5185225885537676,0.985459837415902,0.5519467600421781,1.6891769048686815e-09,0.7112210629780177,0.8072050943520991,0.6940351815511059,0.18771314768965125,0.877280564162016,0.12358736079140412,0.03167449,11
250,9,25,24,False,False,True,False,True,0.8,0.0,1.0,0.03404937847281886,0.032045305431817606,0.32,0.687992125984252,0.02718669260022645,0.12394034429395082,0.048968970619605305,0.12427434444906676,0.7220417150624837,0.5092764204811383,0.813201899686232,0.5063345037972026,0.7496909067109164,0.9629210852471388,0.5877683385392833,2.8595356259806513e-10,0.718727282965936,0.8160700055926468,0.6909902935295807,0.18657497007008958,0.8682133820262807,0.11805047123857947,0.0,0
251,10,25,24,True,False,False,False,True,0.8,0.0,1.0,0.48191556395715185,0.47907386304775723,0.32,0.7618110236220472,0.027143792557326393,0.1236459003820923,0.048981960676200094,0.12405692597671397,0.7213813146947609,0.5069502948609941,0.8132376447043728,0.5041705066436463,0.7441777270359448,0.9636042155998696,0.6029385432624392,2.8880432668204335e-10,0.7192645568194617,0.8161173581636392,0.6923007323914953,0.18655858330187527,0.868091363608126,0.12644751635425885,0.00029755,2
252,11,22,24,False,True,False,False,True,0.8,0.0,1.0,0.6365446525748983,0.6266117614558514,0.32,0.8356299212598425,0.026975417952861562,0.12015365863679314,0.04944831444353658,0.12100621953787444,0.7236337029324026,0.5060750725451653,0.8140180137374727,0.5072222675890389,0.7064009384892427,0.9675904824811057,0.5904243678252392,2.59920299473323e-10,0.7212401068916443,0.8168673220187773,0.6919091920513118,0.18624319105946147,0.8680355390406485,0.12179363388731942,0.00379258,3
253,7,25,24,True,False,False,False,True,0.8,0.0,1.0,0.9084607893681618,0.8955247073448669,0.32,0.5403543307086613,0.027743425487786404,0.1303599063257508,0.0480978853368778,0.13061543123327635,0.7188260155446511,0.5065805485350557,0.8118232258318789,0.5012867325392845,0.7951598698149455,0.9574401916533075,0.6480910411236893,3.5478564161518966e-10,0.7177336206984817,0.8147630690294011,0.6931859555422252,0.18611586821720377,0.8681733129474881,0.1200761290826603,0.00644366,4
254,6,25,24,False,True,False,False,True,0.8,0.0,1.0,0.986630005155525,0.9944922131289065,0.32,0.46653543307086615,0.028093722078684484,0.13325641271449895,0.04767629895466547,0.13370208875809542,0.7178766047370763,0.5020219039595619,0.8111821638380843,0.49779750586204086,0.8088220560148269,0.9556954824040216,0.6520701112150091,3.9586065381606527e-10,0.7165925216803695,0.814121808744927,0.6930948059109832,0.18639506146258933,0.8686392572851934,0.13342388818621867,0.00936012,5
255,5,25,24,True,False,False,False,True,0.8,0.0,1.0,0.6278787878787878,0.6307382851617804,0.32,0.39271653543307083,0.028437890092025436,0.1364233966501869,0.047249881559669936,0.13724070279237216,0.7167360837507738,0.4993307123467191,0.8105557666074747,0.4980144888650389,0.8000276882220125,0.956800932014251,0.6549648847064442,4.4234079616794203e-10,0.715432993068425,0.8135103553628327,0.6931665457496125,0.1867033220106169,0.8688554649217013,0.1436420464731755,0.0125456,6
256,4,25,24,False,True,False,False,True,0.8,0.0,1.0,0.920971530045254,0.9085776442556718,0.32,0.3188976377952756,0.028793670147053613,0.13979580657089252,0.046829905515051985,0.1410823331227627,0.7155771425062807,0.4982004118693251,0.8099584854184411,0.5010557506328671,0.7915329163569703,0.957820044095727,0.6255993474325048,4.905870918879858e-10,0.7140474459654548,0.8129421917571782,0.6930050715361069,0.18672991986696197,0.8688289469596633,0.13709923428234927,0.01593669,7
257,3,25,24,True,False,False,False,True,0.8,0.0,1.0,0.5109468980924557,0.5211333264270175,0.32,0.2450787401574803,0.0291429990678111,0.14311343622892672,0.04642667698141575,0.14467744172072167,0.7141922972620331,0.4963844425723112,0.8094034906406076,0.5022316585200827,0.7687341727554501,0.9606708923317306,0.6061019039850386,5.442353860061125e-10,0.7130663260604696,0.8124042385314314,0.6931138513152977,0.18763735630112233,0.8689142988428016,0.14462612716855244,0.01927264,8
258,2,25,24,True,False,False,False,True,0.8,0.0,1.0,0.6780214240705734,0.6895265720501399,0.32,0.171259842519685,0.029549097970150602,0.14708500527260027,0.04603375460838361,0.14848312096513255,0.713211674350302,0.5003463446597398,0.8088780060301243,0.5054654052099252,0.7512656165546515,0.9627927151158207,0.594413385591787,5.978502491284275e-10,0.711886064155464,0.8119093565317967,0.6930773555829318,0.18787205048299008,0.8689089790940118,0.13983140004146125,0.02326492,9
259,1,25,24,False,True,False,False,True,0.8,0.0,1.0,0.8143060090508105,0.8207672916882489,0.32,0.09744094488188976,0.029948745738219422,0.15103603171777208,0.04565725767881431,0.15210904477964554,0.7120320103153445,0.5046475709070487,0.8083945943460468,0.5075162445608428,0.7305083127173574,0.965368097252874,0.5730059885004872,6.490978617964952e-10,0.7111084376823762,0.8114579324242386,0.6935022296721215,0.1876919833649047,0.8688554939937276,0.12294130950185686,0.0272361,10
260,0,25,24,False,True,False,False,True,0.8,0.0,1.0,0.8176800137480666,0.802239372906523,0.32,0.023622047244094488,0.0304009702505943,0.1545864774921596,0.04529847446278334,0.1551957023044646,0.711254777754468,0.5058691378826173,0.807953633292242,0.5048319548302049,0.7209741033318158,0.9664791729388229,0.5405865149314604,7.045050820072231e-10,0.7105143392478679,0.8110230508953278,0.6936894673019162,0.18778151106094135,0.869295702198726,0.12021620549554038,0.03081423,11
261,9,26,25,False,False,True,False,True,0.8333333333333334,0.0,1.0,0.016852838402932835,0.01395075796816203,0.3333333333333333,0.6889763779527559,0.023368696301027128,0.08562839808816883,0.05530940650793247,0.08733032371384986,0.7205723583558895,0.5041514555836376,0.8254583901713789,0.5116599199729355,0.509735950532358,0.9856851734659533,0.6930976397482573,7.901217929216572e-11,0.7256989594105261,0.8279653076572189,0.6982228305469778,0.1870731936347282,0.8671402376190634,0.13248906740171795,0.0,0
262,10,26,25,True,False,False,False,True,0.8333333333333334,0.0,1.0,0.4747436558400641,0.47033737352809146,0.3333333333333333,0.7627952755905512,0.02339890911319483,0.08565236445308752,0.055329911473301095,0.08702217154831055,0.721370825381069,0.504675652906487,0.8255276358803345,0.5091576159867477,0.517762617114192,0.9849894118412705,0.679475956468973,7.918558824489468e-11,0.7238924326039993,0.8279824554521581,0.6963144956604463,0.18695651690450454,0.8673787282184743,0.13408916084055184,3.856e-05,2
263,11,23,25,False,True,False,False,True,0.8333333333333334,0.0,1.0,0.6316904393652976,0.6280845333057081,0.3333333333333333,0.8366141732283464,0.02279443783203182,0.08160889631465784,0.05602203457137162,0.08328685371503114,0.7194894006764326,0.49953898717588696,0.8270662043717306,0.5059693657330175,0.5670287423827962,0.9808610309557855,0.648518791158506,6.991981068050757e-11,0.7212296122618231,0.8294489281507391,0.6954885554831788,0.18720753778150862,0.8674335979798363,0.14422032572162097,0.00406032,3
264,7,26,25,True,False,False,False,True,0.8333333333333334,0.0,1.0,0.9050008592541674,0.9019078697468835,0.3333333333333333,0.5413385826771653,0.024614302809791537,0.09292444432271052,0.05404260760034255,0.09334442681129274,0.7260792480441266,0.5093279041467753,0.8227651426406863,0.5056928873904878,0.4200237787063724,0.991683803249912,0.7492489505202631,1.0055868310472365e-10,0.7274296347868823,0.8252884023746894,0.6946833790536019,0.18596044226915,0.8676815959588884,0.12640766357850025,0.00740161,4
265,6,26,25,False,True,False,False,True,0.8333333333333334,0.0,1.0,0.9812338889843616,0.9897613867882178,0.3333333333333333,0.46751968503937,0.025099750663660443,0.09636875333817221,0.053412965600934524,0.09655948107175322,0.7275677072406963,0.5101797247964055,0.821463542271084,0.5040025198026155,0.41386511981476126,0.9920631196893743,0.7530987008336152,1.1360367321545255e-10,0.728207005293389,0.8240150945426301,0.6946117945366185,0.1853056388309713,0.8678010001937105,0.12493933080114457,0.01087896,5
266,5,26,25,True,False,False,False,True,0.8333333333333334,0.0,1.0,0.605121154837601,0.612212092959011,0.3333333333333333,0.39370078740157477,0.025500043545156344,0.09941932921568358,0.05279781663987603,0.09975912772393675,0.7283446839646535,0.5074932135168024,0.8202197470150445,0.5019096837414403,0.4311353474411641,0.9908459768625839,0.7494876947257425,1.2824940496922894e-10,0.7287588692420318,0.8228065112306848,0.693910435587862,0.1847103229011583,0.8679678266919969,0.12144024961125378,0.01395466,6
267,4,26,25,False,True,False,False,True,0.8333333333333334,0.0,1.0,0.9191155410437074,0.9082841258330743,0.3333333333333333,0.31988188976377946,0.02586969353886647,0.10212752845149892,0.052198126919723704,0.10289200807358673,0.7288962683626947,0.5012730506412058,0.8190391761019646,0.49886842197361203,0.4509658213422215,0.9894643257374183,0.7162724071384516,1.462067846512266e-10,0.7282338817843943,0.8216310466991614,0.6922904027602624,0.18503420409601237,0.8683275839360145,0.13907920352870648,0.01668761,7
268,3,26,25,True,False,False,False,True,0.8333333333333334,0.0,1.0,0.5157358079853354,0.5267965054041921,0.3333333333333333,0.24606299212598423,0.02613225470368328,0.10531163121927167,0.051599403402128034,0.10657442645178183,0.7283715468411814,0.4986122811944211,0.8178909563461912,0.5005937868200324,0.4895983554895348,0.9868157585007693,0.6996001034558224,1.6612420226465403e-10,0.7285909551648937,0.8205325791292282,0.6935803539407545,0.1852941183147117,0.8683349137318098,0.14336800696539384,0.01987629,8
269,2,26,25,True,False,False,False,True,0.8333333333333334,0.0,1.0,0.6776101277424529,0.6915449428502366,0.3333333333333333,0.17224409448818898,0.026481906181154292,0.10870800750489595,0.05102580115100492,0.11036469808791582,0.7287284393436246,0.4975826078816812,0.8168179489256787,0.5035160579087972,0.5607474119364055,0.9814999413923857,0.6668722519547181,1.8708174961955022e-10,0.7289098895248237,0.8195277519689143,0.6935405146718492,0.18521266307614587,0.8681604609331918,0.13553718722497085,0.02328863,9
270,1,26,25,False,True,False,False,True,0.8333333333333334,0.0,1.0,0.8215054133012545,0.8222417901170621,0.3333333333333333,0.09842519685039369,0.02682381629750051,0.1121009600241033,0.05048730425943956,0.1138776327750643,0.72904721214509,0.4963961434054105,0.8158364115286167,0.5042440008865972,0.6110404821121889,0.9773415889047499,0.6229930565226904,2.106477043289268e-10,0.7260335930540909,0.8185525131606524,0.6899114057524462,0.1859532496161003,0.8685018566223763,0.1408491285184244,0.02669709,10
271,0,26,25,False,True,False,False,True,0.8333333333333334,0.0,1.0,0.8208833132840694,0.8069184018785179,0.3333333333333333,0.024606299212598423,0.026866071226973473,0.11614442816253306,0.04995041770546862,0.11753437180613119,0.7261723726827569,0.5010928578114762,0.8148837766883362,0.5064313295458522,0.6542285040870496,0.9730385923095066,0.5907128504068597,2.350586293067879e-10,0.7234936366707964,0.8176662075241834,0.6911153877876294,0.18640209474326108,0.8682974682711289,0.13556558314116926,0.03071579,11
272,9,27,26,False,False,True,False,True,0.8666666666666667,0.0,1.0,0.02462049607607264,0.010359473738734137,0.3466666666666667,0.6899606299212598,0.014947278105172837,0.043114349233304594,0.0640487086327085,0.04381752598321939,0.7047492712911747,0.49763019126961844,0.8473279914693664,0.4955611810408185,0.4830782401585333,0.98795414016536,0.5375159991776588,1.2587097558064995e-11,0.7020638585426288,0.8493644668548814,0.6925062842043204,0.1883621515117736,0.8661227492596109,0.14879536478672756,0.0,0
273,10,27,26,True,False,False,False,True,0.8666666666666667,0.0,1.0,0.48146875179011284,0.47275458406712945,0.3466666666666667,0.7637795275590551,0.01516371365995426,0.043097002150125296,0.06409884380981398,0.043777123810404245,0.7066619933789404,0.49748666105026673,0.8474981771682938,0.4955051854271415,0.4770114651525724,0.9882756851202679,0.528838310486839,1.2850282932902915e-11,0.7053624998720167,0.8495256337118923,0.6930904000847401,0.1882552951054453,0.8661133291268378,0.1511444879130473,0.00021713,2
274,11,24,26,False,True,False,False,True,0.8666666666666667,0.0,1.0,0.6247831815317637,0.6295037812079147,0.3466666666666667,0.8375984251968503,0.01471987562213127,0.039868732795573736,0.06496520543559792,0.04009265108443885,0.7080957034747769,0.499983618833661,0.849946519322016,0.49438877287945776,0.4958790993897837,0.9870713833238716,0.5432624395678729,1.057211498553272e-11,0.7065133256202071,0.851940782948143,0.6930747253804534,0.1875792584252218,0.866048281185939,0.13655814585804568,0.00325357,3
275,7,27,26,True,False,False,False,True,0.8666666666666667,0.0,1.0,0.9053560176433522,0.9046997479194724,0.3466666666666667,0.5423228346456692,0.01617976730758685,0.05049986989687616,0.06244792570804129,0.05181167793990005,0.7045802483664811,0.5010928578114762,0.8429484877612998,0.5051084331727348,0.4738481359846626,0.9884058844422832,0.5151801523983843,1.7944837454943206e-11,0.7033915571982923,0.8452269168825084,0.6934683927960842,0.18845941450250742,0.8657858049220071,0.13163493650095517,0.00748765,4
276,6,27,26,False,True,False,False,True,0.8666666666666667,0.0,1.0,0.9899639113249699,0.9885355157291342,0.3466666666666667,0.46850393700787396,0.016704889637220457,0.05404038674865444,0.06169718632153482,0.05519467513057946,0.703541806310985,0.5017504446316579,0.8409399242840595,0.5048529531853339,0.5084072434428937,0.9853144798586442,0.5295644907785049,2.0913544105213392e-11,0.7023021634295427,0.8432653436339651,0.6934702241270295,0.18890370488186525,0.8658109225600501,0.13375319711497494,0.0110665,5
277,5,27,26,True,False,False,False,True,0.8666666666666667,0.0,1.0,0.596918141719654,0.5960254152422391,0.3466666666666667,0.3946850393700787,0.017238075884692422,0.05780070940440157,0.0609670592562366,0.05864238427602214,0.7024529643823839,0.5045960872414117,0.8390238161447053,0.5051819274156858,0.5633891609986792,0.9804796220625995,0.5551300161152337,2.4116704232270714e-11,0.7014802547379415,0.8414276716096399,0.6936152930750091,0.18879865125313117,0.8657147414129827,0.12254964083126743,0.01486395,6
278,4,27,26,False,True,False,False,True,0.8666666666666667,0.0,1.0,0.9144411983731454,0.9070150903000794,0.3466666666666667,0.32086614173228345,0.017809001267647888,0.061276517070899345,0.06026978307786402,0.061750612452428966,0.7016314720344662,0.5051226247308809,0.8372287374618738,0.502333150569872,0.6205322617167156,0.9757799239455784,0.5801882100153193,2.7755367256732238e-11,0.7036997409618201,0.8396784284101976,0.6953582940989379,0.1885188276320663,0.8657078977308865,0.11233604033279673,0.01838624,7
279,3,27,26,True,False,False,False,True,0.8666666666666667,0.0,1.0,0.5039239273643811,0.5123450395386582,0.3466666666666667,0.24704724409448817,0.01866248633165926,0.0644284364343527,0.059593119220699674,0.06459639770118483,0.7038498339618392,0.5026654497800244,0.8355200380112413,0.49662509770068014,0.656188725665272,0.9730367086609948,0.6337663887949385,3.2401632819177244e-11,0.7066139204865414,0.8379317069453052,0.6957384005322504,0.1882529982388262,0.8660812885823893,0.12340814489661914,0.02163546,8
280,2,27,26,True,False,False,False,True,0.8666666666666667,0.0,1.0,0.6824242424242424,0.6955143478711282,0.3466666666666667,0.1732283464566929,0.019551775190872936,0.06765670578890426,0.0589016402576669,0.0678653785906147,0.7067625372882309,0.5005780211551063,0.8338138018466981,0.49411229453692795,0.6846374415223803,0.9703663126589848,0.6213914808109344,3.792349213246368e-11,0.7101849102581168,0.8361827999771362,0.6960074666028583,0.18775312099898223,0.8664732473587243,0.12984245331954344,0.02497056,9
281,1,27,26,False,True,False,False,True,0.8666666666666667,0.0,1.0,0.8170991579309159,0.8159397769259988,0.3466666666666667,0.09940944881889763,0.020462997906606925,0.0708325915172763,0.05819405791869018,0.07135006599592209,0.7103317181495826,0.49772067771225315,0.8321054308342108,0.49330735759032207,0.6710571894594413,0.9717180178820564,0.6003720430535382,4.478697938671679e-11,0.7136681034924081,0.8344290176555041,0.695763560273982,0.18750665561762614,0.8669225756907493,0.14453070444022306,0.02826171,10
282,0,27,26,False,True,False,False,True,0.8666666666666667,0.0,1.0,0.816742853869508,0.8034669705445631,0.3466666666666667,0.025590551181102362,0.02132035365118072,0.07427005299990411,0.057469083933694036,0.07529184578011289,0.7138131469476096,0.4968875783955818,0.8303922974686176,0.49666009495922814,0.647218122133731,0.9741748622617794,0.5914688737242109,5.239635439971873e-11,0.7173476230943289,0.8327078497673839,0.6960350175506531,0.187260093613009,0.8671782204854724,0.1476562706966373,0.03180085,11
283,9,28,27,False,False,True,False,True,0.9,0.0,1.0,0.02785129174543155,0.00429918160157472,0.36,0.6909448818897637,0.7919057618305739,0.5816979142414989,0.18067633534829508,0.5812982450734172,0.7535957879009603,0.7381915192361697,0.8023267653002909,0.7372697472031358,0.7571762784266395,0.9622462400010341,0.6545172393211707,0.011274949666480053,0.7534709068384032,0.8056975510034822,0.694399092473775,0.21414676282273754,0.8593585592962321,0.13306564839118407,0.0,0
284,10,28,27,True,False,False,False,True,0.9,0.0,1.0,0.4819270206793836,0.46740218930211685,0.36,0.7647637795275589,0.7919783370911191,0.582707925334502,0.18066828366032314,0.5823896173263691,0.7550028269979583,0.7545785359917626,0.8023265820687552,0.7550719776950806,0.7571762784266395,0.9622462400010341,0.6545172393211707,0.0057412862601971945,0.7534709068384032,0.8056975510034822,0.7280504650477926,0.21664198777201177,0.9893649280162596,0.9803639587785498,0.00101262,2
285,11,25,27,False,True,False,False,True,0.9,0.0,1.0,0.6312550839204903,0.6377274767775131,0.36,0.8385826771653542,0.7926960257787325,0.5836894050406971,0.18065486418036986,0.5839089786981256,0.7777203139630673,0.773733579830884,0.802325886260228,0.7885069002928105,0.7571762784266395,0.9622462400010341,0.6545172393211707,0.003846581863322101,0.7544094083076514,0.8056974259506658,0.7273697701479657,0.22203059444562448,0.9788740148710663,0.8526509524710327,0.00214256,3
286,0,28,27,False,True,False,False,True,0.9,0.0,1.0,0.8173202726699891,0.807130771090162,0.36,0.026574803149606297,0.014345709834431647,0.036634985414755045,0.06584799250484472,0.036665485416698756,0.7100339239755009,0.5021201909575962,0.8524838682130993,0.49556468076667326,0.5077006915359529,0.9862793600589157,0.5610986212522131,8.716965426488055e-12,0.7079477623401489,0.8544472189750998,0.69270275192248,0.18744409859709973,0.8659569047132879,0.12842351297475016,0.94957529,4
287,1,28,27,False,True,False,False,True,0.9,0.0,1.0,0.8265624104943575,0.825496391449981,0.36,0.10039370078740156,0.014037023059579448,0.03328072145605934,0.06674591674747879,0.03334155072441439,0.7123781576671765,0.5029860526069456,0.855107103679164,0.4974720313575437,0.5155786103635078,0.9856742783747721,0.5818693671289019,7.210665098040585e-12,0.709886965157829,0.8570447736771261,0.6922392340564474,0.18734364454798164,0.865859014242201,0.12549018430281722,0.9517569,5
288,2,28,27,True,False,False,False,True,0.9,0.0,1.0,0.6882992495846938,0.699825615525398,0.36,0.17421259842519682,0.01372704605787313,0.03032053301195578,0.06761968592619694,0.03073150188229609,0.7144222946524965,0.5070509220256483,0.8577029145601008,0.5051259318020089,0.5179562897840355,0.9855095797552749,0.5963332869108486,5.927207051509994e-12,0.7122323869395613,0.8597302528571252,0.6922665419650554,0.18673923126059536,0.8654860080607973,0.10402313521674328,0.95371858,6
289,3,28,27,True,False,False,False,True,0.9,0.0,1.0,0.503282350919402,0.5035912842294279,0.36,0.2480314960629921,0.013331914083793785,0.02707035155233567,0.06849957438777379,0.028001787282560114,0.7153711937862328,0.5081952635027615,0.8603686827659746,0.5108549830263296,0.4965605298678825,0.9868860767782559,0.6163679048206434,4.9793793574386145e-12,0.7142775599217767,0.8623876567258022,0.6932184186861089,0.18703658693610542,0.865321380104429,0.11145466411646557,0.9559231,7
290,4,28,27,False,True,False,False,True,0.9,0.0,1.0,0.9066162570888469,0.9084049863600263,0.36,0.3218503937007874,0.012858723385039177,0.02341753516208106,0.0693743097690486,0.02489561345392355,0.7154725052062811,0.5057989328840213,0.8630594122708869,0.5127168371810875,0.48283168018648676,0.9877964408802096,0.6875634164295803,4.196120817964234e-12,0.7152269399707175,0.8651166778556962,0.6938806742488788,0.1874490183356794,0.8651341698490235,0.12539339051150672,0.95843167,8
291,5,28,27,True,False,False,False,True,0.9,0.0,1.0,0.6067594661167439,0.5994492213128907,0.36,0.39566929133858264,0.012432948523174087,0.01973458962735726,0.07029993181830624,0.02164204017277066,0.7160253687889191,0.5034470654310588,0.8659578789026662,0.5131018070251163,0.46821445494810776,0.9887585594336619,0.7495075900761992,3.4895166940684683e-12,0.7153283027367947,0.8678712525623624,0.6934831737588926,0.18732232462990434,0.8652679401620043,0.13072413805144148,0.96092697,9
292,6,28,27,False,True,False,False,True,0.9,0.0,1.0,0.9897347768803346,0.979937152525985,0.36,0.46948818897637795,0.012041364672943623,0.01582978402881441,0.07131380036773668,0.01751947778479679,0.7168517220383037,0.49949920434334927,0.8691900386900134,0.5060813569603715,0.4476685561130041,0.9902091019791661,0.8071742633746493,2.866794653202979e-12,0.7158814465183426,0.8708384935494029,0.6931151482812282,0.18735413614915494,0.8655946254263269,0.15577877316069572,0.96353268,10
293,7,28,27,True,False,False,False,True,0.9,0.0,1.0,0.9059746806438678,0.9018819710625368,0.36,0.5433070866141732,0.0116842943910613,0.01186403538804967,0.07243234086080275,0.013037918123969622,0.7179518207913547,0.4955747449218385,0.8728133683083464,0.49694707247932246,0.37318038707277856,0.5058433056284017,0.5120565823766983,2.2613718439262353e-12,0.7167082185749829,0.8741473455101356,0.6926213647486215,0.18716578893221553,0.8659900502578047,0.16495983346206863,0.96615536,11
294,9,29,28,False,False,True,False,True,0.9333333333333333,0.0,1.0,0.029088617746462764,0.020718947477468164,0.37333333333333335,0.6919291338582676,0.800141709916146,0.6083119918560009,0.1788834928265365,0.6090576193190864,0.8163568481573771,0.9131969796249493,0.801965149428408,0.9124123610317192,0.731608274032438,0.9651044807616342,0.5167087784917999,6.872912506850348e-06,0.8113816393465003,0.8054209503464863,0.6968660428941248,0.19301136027187837,0.8927833656840815,0.09556689262447632,0.0,0
295,10,29,28,True,False,False,False,True,0.9333333333333333,0.0,1.0,0.48966030818582806,0.4764321972443801,0.37333333333333335,0.7657480314960629,0.7998600103863264,0.608098577082677,0.17887597791776264,0.6090832986662147,0.812692069567175,0.9112234391088646,0.8019558814513462,0.9134620454731046,0.7225757986602709,0.9659919080909556,0.5217257226986054,6.958769086103325e-06,0.8107828481913402,0.8054119174933285,0.6948621928577202,0.19237581916516983,0.8941741590968677,0.11048044459551354,0.00035341,2
296,11,26,28,False,True,False,False,True,0.9333333333333333,0.0,1.0,0.6282499856790972,0.6356106909768984,0.37333333333333335,0.8395669291338582,0.8008599361982821,0.6107999287856585,0.17852814499737357,0.6114868855574215,0.8156805006216836,0.9126907235795189,0.8018452552730744,0.9114462033807352,0.6935789388213004,0.9692179183016707,0.5354236714879732,7.1204996898302785e-06,0.8125971393174908,0.8053178668815557,0.6958890722007476,0.19297393622955256,0.8903035029910192,0.12258081089556519,0.00258953,3
297,7,29,28,True,False,False,False,True,0.9333333333333333,0.0,1.0,0.9029730194191441,0.9032874063330916,0.37333333333333335,0.5442913385826771,0.7982794824900088,0.6028088579684738,0.1795136716051427,0.6045534618327862,0.8117656840823384,0.9079425255078162,0.8021266888289428,0.9202126666744438,0.7722814637437075,0.9603739990453772,0.5140958557984996,7.201937963752291e-06,0.812220356510254,0.8055577757965038,0.6934706185796305,0.19324601963627822,0.9058539049234563,0.14050256673774064,0.00580968,4
298,6,29,28,False,True,False,False,True,0.9333333333333333,0.0,1.0,0.9914876553817953,0.9835974999136711,0.37333333333333335,0.47047244094488183,0.7975214742132034,0.5999808269080649,0.17979709102175603,0.6018417227760401,0.8123154776219446,0.9032107086024526,0.8021902297862743,0.9184915014990492,0.7810269143633269,0.9593003613364539,0.5276843801603563,7.873820785965494e-06,0.8097459275716963,0.8056083042960269,0.6949613021225363,0.19480548922331103,0.9124260730608175,0.16705151845354518,0.0087335,5
299,5,29,28,True,False,False,False,True,0.9333333333333333,0.0,1.0,0.6079738786733115,0.6020425429054871,0.37333333333333335,0.3966535433070866,0.7966408943852553,0.5969610649283061,0.1800450830112927,0.5987961522066263,0.8098423021229346,0.8931550126368998,0.8022395871423034,0.9114990492411428,0.7848379902011337,0.9588210488968598,0.5601436444302963,9.431553570815359e-06,0.8137121297443406,0.8056456870605877,0.6912631215038793,0.19571018745237545,0.9202450427420078,0.17566776571993364,0.01187852,6
300,4,29,28,False,True,False,False,True,0.9333333333333333,0.0,1.0,0.9158389184854213,0.9210090127421527,0.37333333333333335,0.32283464566929126,0.7961731871506308,0.5940440159410565,0.1802544268985639,0.5957146305512329,0.8138064951877074,0.880874520265843,0.8022761034536365,0.9027315360296777,0.7799693988465722,0.9594186921854364,0.5920458388874521,1.3084750530288751e-05,0.8168707573539199,0.8056697804858093,0.6921276589350378,0.1995188585898449,0.9289593248903893,0.20586385589624967,0.0148096,7
301,3,29,28,True,False,False,False,True,0.9333333333333333,0.0,1.0,0.49283382024402816,0.4923685210124659,0.37333333333333335,0.24901574803149606,0.79555065269351,0.5911748996836439,0.1804122399828145,0.5926587882429678,0.816963522772044,0.8622928952541421,0.8022996384443417,0.8888883704109845,0.7778834077360482,0.9596716404058134,0.6457533374450388,2.306182271251094e-05,0.8047412433832639,0.8056840105817585,0.6997942487225156,0.20641510858832102,0.9399085947921639,0.31646580782997435,0.01774141,8
302,2,29,28,True,False,False,False,True,0.9333333333333333,0.0,1.0,0.6806805293005671,0.6894074381021444,0.37333333333333335,0.17519685039370078,0.7945281479116066,0.5884975143455813,0.1805217429392333,0.589582402457,0.8048401530928124,0.8367452962650941,0.8023135387168359,0.8602630627267531,0.7704137354924607,0.9606010782985877,0.6500109424427509,6.29424451292673e-05,0.7911327801042296,0.805691656817145,0.7070101529833003,0.2106249067347693,0.9538065385514906,0.472714119906244,0.02059431,9
303,1,29,28,False,True,False,False,True,0.9333333333333333,0.0,1.0,0.8227805464856505,0.8218446769570773,0.37333333333333335,0.1013779527559055,0.7935895078752223,0.5859947410947834,0.1805958184685754,0.5867679460117405,0.7912385832774754,0.8063933352054666,0.8023210077286969,0.8273036945439274,0.7641347538225449,0.9613802690642101,0.6532638322424049,0.0023158931662364958,0.780795057797254,0.8056954363928884,0.7081409241355533,0.2130142374970495,0.9609826549927587,0.5376824242259532,0.02325921,10
304,0,29,28,False,True,False,False,True,0.9333333333333333,0.0,1.0,0.8078444177120926,0.8099295555785766,0.37333333333333335,0.027559055118110236,0.7932242123971447,0.5848306605130171,0.18063205106444927,0.5854133604507239,0.7877336750461784,0.7922727698212113,0.8023241833022867,0.812491979794916,0.7571762784266395,0.9622462400010341,0.6545172393211707,0.002891223668104511,0.7715734713675783,0.805696876080143,0.7154389522517659,0.2179403082544798,0.9695766026121677,0.6685752643673144,0.02447907,11
305,9,30,29,False,False,True,False,True,0.9666666666666667,0.0,1.0,0.019728475683106983,0.011809800062156928,0.38666666666666666,0.6929133858267716,0.8076196497249128,0.6386408560329047,0.17403637666741067,0.6402323467328166,0.8118549711671791,0.9245350868981872,0.7995200971301074,0.9247208968630791,0.6588137145722941,0.9731147986441981,0.4642679505799494,1.4972426305214042e-05,0.8112690140508589,0.803156427116828,0.6944858372693644,0.19164566202191802,0.8745147186899684,0.11951826848643075,0.0,0
306,10,30,29,True,False,False,False,True,0.9666666666666667,0.0,1.0,0.4855817150713181,0.4819917814841673,0.38666666666666666,0.7667322834645669,0.8077368453308303,0.6386111833906243,0.17404818580976952,0.6399755532615338,0.8128982741241422,0.9242324253486849,0.7995169933896349,0.9230526942056205,0.6584989100339402,0.973140904359548,0.4672423054732109,1.5000310912606555e-05,0.811085144723505,0.8031460263627733,0.6952384028306703,0.191664534738205,0.8743096581512796,0.11671439702621705,0.00012089,2
307,11,27,29,False,True,False,False,True,0.9666666666666667,0.0,1.0,0.6218365125737526,0.6294209054180048,0.38666666666666666,0.8405511811023622,0.8083593797879511,0.6413159588600226,0.17358762925777282,0.6422661510253763,0.8118032921094775,0.9241013760179725,0.7991799173211708,0.9198294466933423,0.6693785500513857,0.9720398637001919,0.4660087937449018,1.620231056565003e-05,0.8128034483817793,0.8028211092718015,0.6936225477554112,0.19144941560866657,0.8735140449269287,0.11786886745639939,0.0027755,3
308,7,30,29,True,False,False,False,True,0.9666666666666667,0.0,1.0,0.9075213381451567,0.9088884284678338,0.38666666666666666,0.545275590551181,0.8059498811378509,0.6329722401018911,0.17498862296489562,0.6350143033963502,0.8098453721659664,0.922587288214921,0.8001410587094132,0.9275218441222104,0.6490250355555985,0.9740852882863771,0.48422298708791733,1.2727344948466772e-05,0.8103797008262602,0.8037576814836317,0.6938914047931641,0.1913832230902283,0.8769687029270608,0.1337408807413941,0.00590943,4
309,6,30,29,False,True,False,False,True,0.9666666666666667,0.0,1.0,0.9789654579824711,0.976155944611347,0.38666666666666666,0.47145669291338577,0.8053047677107827,0.6301750229392349,0.175468503568025,0.6322049828205167,0.8104757543351564,0.9217612093981091,0.8004318578432122,0.9273363586519057,0.6453310526997461,0.9744581957029439,0.4907088713367682,1.1696786381221635e-05,0.8076843727282966,0.8040287679477451,0.695901768420749,0.1916697047097543,0.8777915146790057,0.13776079477908412,0.00877662,5
310,5,30,29,True,False,False,False,True,0.9666666666666667,0.0,1.0,0.6084206908403506,0.6055233260817018,0.38666666666666666,0.3976377952755905,0.8043177441673682,0.6272956353825716,0.17593550147039927,0.6292878089867443,0.8077817915747785,0.9200950107647665,0.8006966610978153,0.9262619428144795,0.6480246862882185,0.9741969730255806,0.4918130632871094,1.0757942950525544e-05,0.8060036961574297,0.8042791593769858,0.6950853063904374,0.19122245944068536,0.8793360010950165,0.13584261661544372,0.01181595,6
311,4,30,29,False,True,False,False,True,0.9666666666666667,0.0,1.0,0.9201924729334937,0.9226147311716565,0.38666666666666666,0.32381889763779526,0.8034629688765028,0.6244984182199154,0.17639927869758473,0.6264374014555053,0.8061019663625617,0.9189366282879341,0.8009412489845786,0.9256214929830496,0.6490195557039584,0.9741040982479845,0.5092314426118616,9.893937082116486e-06,0.8074035773889362,0.8045123895620363,0.6932609817489824,0.19105402906340752,0.8813624725627237,0.14364193074996,0.01474064,7
312,3,30,29,True,False,False,False,True,0.9666666666666667,0.0,1.0,0.49974222374978516,0.48518595255361036,0.38666666666666666,0.24999999999999997,0.8029339758663068,0.6216909297580082,0.1768630559247702,0.6234021026249429,0.8075011384742908,0.9175372086492559,0.8011690733884087,0.923245179127635,0.6373747293034974,0.9753029961886481,0.5296241768298746,9.116108553966242e-06,0.808844925206565,0.8047212362551457,0.6932880876533346,0.19152198926044625,0.8831907028143562,0.15415813496025213,0.01758566,8
313,2,30,29,True,False,False,False,True,0.9666666666666667,0.0,1.0,0.6831036260525863,0.6896146275769192,0.38666666666666666,0.17618110236220472,0.8023856294532987,0.6188081184349279,0.17731395045120052,0.6201767766256311,0.8089417561669487,0.9151853411962931,0.8013730794579456,0.9186913358453588,0.638920941292916,0.9751554453988964,0.5310566420627498,8.444248509917416e-06,0.8093038732863038,0.804903915749409,0.693828651386953,0.19171467933224778,0.8843977486876295,0.14976748753717362,0.02051176,9
314,1,30,29,False,True,False,False,True,0.9666666666666667,0.0,1.0,0.8285994157071661,0.8288338685728098,0.38666666666666666,0.10236220472440945,0.801727613757689,0.6160588340021091,0.1777390795761205,0.6171106625785147,0.809400471763279,0.9137765608911355,0.8015515248288289,0.9150176736155669,0.6458042721299888,0.9744541148930685,0.5333645027157152,7.878321530127098e-06,0.8132693075592051,0.8050671879745763,0.6917775993590858,0.19165927950084888,0.8866116346793975,0.14533324416267715,0.02333803,10
315,0,30,29,False,True,False,False,True,0.9666666666666667,0.0,1.0,0.8164312310248037,0.8161400600849477,0.38666666666666666,0.02854330708661417,0.801398605909884,0.6134601952916363,0.17814810532509656,0.6141780811364652,0.8133638973172939,0.9135331835626697,0.8017110127499687,0.9121951447136641,0.6662428672622747,0.972240075320252,0.5509619401945764,7.432257165115032e-06,0.815587084950189,0.80520461578292,0.6929417886949809,0.19243411384742143,0.8883143197658302,0.13516631332734713,0.02593775,11
316,9,31,30,False,False,True,False,True,1.0,0.0,1.0,0.01802142407057339,0.018906039573189815,0.4,0.6938976377952756,0.8144524761066114,0.6699511999160035,0.16853975767854593,0.6710218839396227,0.8047077404312727,0.9351282411307685,0.7942267416527444,0.9315570280328042,0.6760894519080956,0.9713879321169419,0.5201738853629905,3.431529709673925e-05,0.8058386830348764,0.7980513716554795,0.693567606363748,0.19034292254578472,0.8695346347907378,0.12938291160502569,0.0,0
317,10,31,30,True,False,False,False,True,1.0,0.0,1.0,0.48911038551870306,0.4929382920680963,0.4,0.7677165354330708,0.8145105363150476,0.6696989824566209,0.16856015528807494,0.6706418296021243,0.8052958242298028,0.9331133576710662,0.7942330640870404,0.9288202424143442,0.6750847584426944,0.9714938065913068,0.5195770248492928,3.4373273084446784e-05,0.8068053834891317,0.7980413799828073,0.6933247382194039,0.19010414161379244,0.869338712049832,0.11929608732196227,0.00025881,2
318,11,28,30,False,True,False,False,True,1.0,0.0,1.0,0.6284573523514922,0.6353724230809075,0.4,0.8415354330708661,0.8149040555055592,0.6725304372834469,0.16804806793305763,0.6730146012767771,0.8030953708867817,0.9329565665075354,0.7936057964953459,0.9256144935313401,0.6805398364014157,0.9709140446589157,0.5258042695422078,3.67704511667523e-05,0.8051971454606888,0.797411803735081,0.6928462167358745,0.18972509656159117,0.8688145008381366,0.11805707165533029,0.00261847,3
319,7,31,30,True,False,False,False,True,1.0,0.0,1.0,0.9068912184224094,0.9124969784868262,0.4,0.5462598425196851,0.8132880463707531,0.6636663060299375,0.1696133160748086,0.6653056612688677,0.8062677486862773,0.930394084058785,0.7954524399669809,0.9315080318708369,0.6710435438284157,0.9719096356554329,0.5110717625290968,2.9682114083420087e-05,0.8069244079492982,0.7992607058839352,0.6937774094806782,0.19083601949493553,0.8705264049146244,0.1384052781907591,0.00639185,4
320,6,31,30,False,True,False,False,True,1.0,0.0,1.0,0.9794008134272785,0.9816291999033115,0.4,0.47244094488188976,0.8127042187192564,0.6604924745614156,0.1701511688313362,0.6623063135242849,0.8070222117613347,0.9274127117850791,0.7960391126039232,0.9302621294665252,0.6736505479885627,0.9716313654157016,0.5066947854286452,2.746031928009926e-05,0.8080442617411872,0.7998338793355622,0.6935679644366435,0.19143218491889352,0.8710163752773987,0.15283779462190214,0.00961893,5
321,5,31,30,True,False,False,False,True,1.0,0.0,1.0,0.6162570888468809,0.6119738250630201,0.4,0.3986220472440945,0.8121494211719775,0.657116640874293,0.17068902158786373,0.6589320473116291,0.8081414982833341,0.9224024150519518,0.7965990011101208,0.9257929795499353,0.6764908020591756,0.9713316738437818,0.5008753954200902,2.5412912706353526e-05,0.8071089598542015,0.8003631914175846,0.6948320212220465,0.19134934208396379,0.8711486798735187,0.15076278108397284,0.01303955,6
322,4,31,30,False,True,False,False,True,1.0,0.0,1.0,0.9273300108838861,0.9292447943644463,0.4,0.3248031496062992,0.8113656083580896,0.6541550829236225,0.17120755029325854,0.6556861778346146,0.8072066701801602,0.920223719928859,0.7971160448602713,0.9218435389227844,0.6742138366705799,0.971566336752756,0.4886198595388258,2.3506129549892672e-05,0.8067431836099479,0.8008578884900189,0.6944457740459378,0.1912085248032723,0.8714377995839736,0.15194483601644712,0.01609491,7
323,3,31,30,True,False,False,False,True,1.0,0.0,1.0,0.5099272498138283,0.49245484996028877,0.4,0.25098425196850394,0.8106527580211793,0.6512893904326271,0.1717164169730871,0.6524608518353029,0.8068410792224603,0.918545820462417,0.797599275903369,0.9175948717350475,0.6780508547079588,0.9711670279839093,0.48268109742753107,2.1775037602259984e-05,0.8090947485896242,0.8013153647604968,0.6928264250035205,0.19092369489932104,0.8716623557834086,0.14585669263774795,0.01904471,8
324,2,31,30,True,False,False,False,True,1.0,0.0,1.0,0.6881331271123331,0.6931437549639146,0.4,0.17716535433070865,0.810226983159314,0.6486702091236527,0.17220595960178284,0.6494717758295713,0.8091914530001995,0.9187049517925676,0.7980461488437881,0.9147495946150885,0.6817154854811339,0.9707855424491383,0.47603605037502716,2.019996688303182e-05,0.8109241417440539,0.801733216175414,0.6932215097016511,0.1910616777171416,0.871768689468895,0.13762175485313036,0.02169644,9
325,1,31,30,False,True,False,False,True,1.0,0.0,1.0,0.8228607435412728,0.8242670672329846,0.4,0.10334645669291337,0.8097173435519301,0.6462050973034417,0.17267617817934588,0.6467292215562711,0.8110199194625376,0.9201628755967425,0.7984543153487903,0.9136331820674047,0.6809941893682266,0.9708638614831324,0.4693711079720668,1.8789295395406794e-05,0.8101907974894799,0.8021134601224106,0.6946797908856189,0.1910296208920445,0.8718996527681249,0.1217484824247903,0.02421361,10
326,0,31,30,False,True,False,False,True,1.0,0.0,1.0,0.8135613221057455,0.8134448703339204,0.4,0.02952755905511811,0.8089174029023655,0.6438872074391597,0.173130293380965,0.6444283520535775,0.8102869466887026,0.9230155387063559,0.7988257460472469,0.9160094959228193,0.6754080150561065,0.971445713082268,0.4615920259435371,1.7468293600743038e-05,0.8117079114150857,0.8024760351159941,0.6933136899640885,0.19109099826511927,0.8726491932584052,0.11512354009297332,0.02664524,11
327,9,32,31,False,False,True,False,True,1.0333333333333334,0.0,1.0,0.02522770235435634,0.01724852377499242,0.41333333333333333,0.6948818897637795,0.8227905671514695,0.7004113084722241,0.16345645867224232,0.7025475624307727,0.8102436249703654,0.9385838871727668,0.7867429227053668,0.943590252096919,0.6832669977118917,0.9706375055677019,0.5121660068042095,6.995466032415443e-05,0.8102451477268462,0.7906181387805787,0.6940871832324311,0.1913491400731454,0.8665068097273138,0.1399731912013905,0.0,0
328,10,32,31,True,False,False,False,True,1.0333333333333334,0.0,1.0,0.4798304405109698,0.48321765254325083,0.41333333333333333,0.7687007874015748,0.8227712137486574,0.7001294183705611,0.16347792984016757,0.7018627798406855,0.8100119220004399,0.9362070579425256,0.7867599467492287,0.9384654868701952,0.6806519597817692,0.9709088829068229,0.5230587111791973,6.984392468345549e-05,0.8116700283610973,0.7906180827420333,0.6932006285461642,0.19150217665559122,0.8663923439823801,0.14425539207619617,0.00028255,2
329,11,29,31,False,True,False,False,True,1.0333333333333334,0.0,1.0,0.6227072234633672,0.6232086743326772,0.41333333333333333,0.84251968503937,0.8235614776968161,0.703224503211493,0.16300771126260455,0.7044461221617901,0.8106727487630283,0.9376486005803614,0.7859286698036158,0.9357846968654122,0.6824615990264302,0.9707188334982781,0.5196267632254343,7.460151857090711e-05,0.8099156334149014,0.7897613654576163,0.6945607118638253,0.19092200728967315,0.8660030621038981,0.12015396893287075,0.00291691,3
330,7,32,31,True,False,False,False,True,1.0333333333333334,0.0,1.0,0.9111416623703958,0.9159846679788667,0.41333333333333333,0.5472440944881889,0.8216358141170172,0.6931038496829591,0.16444413239680394,0.6951501985013533,0.8129824444705965,0.9254727136572125,0.7883977035604883,0.9314590357088695,0.6841407564348366,0.9705369024067942,0.5278236476135527,6.086586164503914e-05,0.8118824806233299,0.792214508827752,0.6947563698780505,0.19250679403221194,0.8664115313252727,0.1585569456968663,0.00739814,4
331,6,32,31,False,True,False,False,True,1.0333333333333334,0.0,1.0,0.9810734948731168,0.981456542007666,0.41333333333333333,0.47342519685039364,0.8207810388261516,0.6897348635286706,0.1649111302991782,0.6915602257728201,0.8119777728884499,0.9203056257605542,0.7891562314569296,0.9253905110766324,0.6867960475788873,0.9702523403143579,0.5361399041044108,5.681619602610781e-05,0.8135163153098732,0.7929557306697839,0.6932641489117864,0.1924098066663939,0.8664729527437374,0.1591166721401571,0.01086392,5
332,5,32,31,True,False,False,False,True,1.0333333333333334,0.0,1.0,0.6199346966832789,0.6119703719051073,0.41333333333333333,0.3996062992125984,0.8202165645774667,0.6865747271258167,0.1653716868511749,0.6880370193468202,0.8136107799444321,0.9162150145090331,0.7898802733481203,0.9191470001516548,0.6865810266115293,0.9702732816437667,0.5442373117402461,5.32062921121592e-05,0.8136322681710677,0.7936401294266248,0.6942376483379913,0.19236283238597918,0.8663437123651992,0.15387130240389266,0.01407396,6
333,4,32,31,False,True,False,False,True,1.0333333333333334,0.0,1.0,0.9251074067709228,0.9264995338236818,0.41333333333333333,0.3257874015748031,0.819471458569203,0.6838288664594145,0.16581291935203885,0.6847911498698058,0.8137266740688814,0.9150589721988206,0.7905488091927646,0.9144230701928349,0.6885529225734276,0.970065776847326,0.5514493762807633,5.00607449227037e-05,0.8100264669444758,0.7942702268328247,0.6963847468940478,0.19173482869863828,0.8661684560655152,0.13263751205848973,0.01691135,7
334,3,32,31,True,False,False,False,True,1.0333333333333334,0.0,1.0,0.510935441370224,0.49197140785248117,0.41333333333333333,0.2519685039370078,0.8183360589375627,0.6816034182883908,0.16623160712658125,0.6821975358098497,0.8101226993865029,0.9180309838060471,0.7911643022769521,0.9144650669030926,0.6901925810892412,0.9698897504248905,0.5561446789885205,4.7081736718778354e-05,0.8071220141498326,0.7948994836608412,0.6958326058997489,0.1908924270937773,0.8665497650228875,0.13165507840426693,0.0193282,8
335,2,32,31,True,False,False,False,True,1.0333333333333334,0.0,1.0,0.6765916251360485,0.6810231706895957,0.41333333333333333,0.17814960629921256,0.8173200052899301,0.6794224790807872,0.16666639827706764,0.6796244652275959,0.8072197178630452,0.9217541888982496,0.7917789742657765,0.914713547438784,0.6868267032386066,0.9702474851153955,0.554771899807015,4.4333372057172916e-05,0.8063986525919177,0.7955263868699446,0.6945820336571782,0.19005184362186184,0.8669464944957453,0.12006179608931726,0.02169004,9
336,1,32,31,False,True,False,False,True,1.0333333333333334,0.0,1.0,0.8288869794351836,0.8321022825373805,0.41333333333333333,0.10433070866141732,0.8165684481473955,0.6773339815664416,0.16711085145312035,0.6773544109414561,0.8064967227290635,0.9266755592998221,0.7923913471875841,0.9174398338796794,0.6829813580628904,0.970657243518799,0.5510315739211746,4.17087927733135e-05,0.8043649981058474,0.7961468512501638,0.695394222204466,0.18995933509673674,0.8673561328557632,0.11838362270889466,0.02390142,10
337,0,32,31,False,True,False,False,True,1.0333333333333334,0.0,1.0,0.8119860227988772,0.8159276908733036,0.41333333333333333,0.030511811023622045,0.8156878683194472,0.6750023966364918,0.16757140800511702,0.675089492524742,0.8044640984051125,0.9301928297294768,0.7929974305189103,0.9205615893421683,0.6819826986176022,0.9707620872773068,0.5390346775958457,3.923526947602461e-05,0.8029955768974804,0.7967696524377327,0.6949675843272972,0.18962002190630375,0.8679409076933083,0.10947647343853385,0.02638297,11
338,9,33,32,False,False,True,False,True,1.0666666666666667,0.0,1.0,0.02643065818869228,0.015418350081149335,0.4266666666666667,0.6958661417322833,0.8313598238410269,0.7286859127989518,0.1586254458890604,0.7317364203332494,0.8158085043603137,0.9237043277481356,0.7769866676008906,0.9355583812601347,0.6971691502954265,0.9691390383185703,0.5104251636392572,0.00013053123988827447,0.8143218421402902,0.7808169971633288,0.6950392389684017,0.19234795088635576,0.8646741475741005,0.14885978782723494,0.0,0
339,10,33,32,True,False,False,False,True,1.0666666666666667,0.0,1.0,0.48007103167783693,0.4805759867398737,0.4266666666666667,0.7696850393700786,0.830909319631124,0.7289678029006148,0.15861471030509777,0.731553240990401,0.8118536919825825,0.9256973696527193,0.7769483498172788,0.9339193429847995,0.6906519935295069,0.9698375075037218,0.534727334221992,0.0001307738951072819,0.8131968690167812,0.7807888658134611,0.6932942265656561,0.1921295361777539,0.8647197993229007,0.148717794873547,0.00053143,2
340,11,30,32,False,True,False,False,True,1.0666666666666667,0.0,1.0,0.6154322048461935,0.6121447563797093,0.4266666666666667,0.8435039370078738,0.8317060347135534,0.7322238047631437,0.1581573744282899,0.7346604419929227,0.8123942753930933,0.9294603575774595,0.7758934064947548,0.9355257171521564,0.6924121147612232,0.9696500656999403,0.5421284045918466,0.0001388659317024685,0.8117583368315433,0.77971696051412,0.6944801454774497,0.1919546127486212,0.8645574203829652,0.13973049924887299,0.00355479,3
341,7,33,32,True,False,False,False,True,1.0666666666666667,0.0,1.0,0.9140631265394971,0.9109603232155806,0.4266666666666667,0.5482283464566928,0.8295610325685514,0.7228255659485887,0.15952294070833595,0.7250820455140748,0.8131477151204735,0.9197861087709445,0.7789884433564626,0.9277353273993537,0.6923687193675846,0.969652053274014,0.5110717625290968,0.00011602173832312263,0.810203083885368,0.7827849027675196,0.695923486932826,0.19216649188537402,0.8646848807234289,0.15380644181611713,0.0061302,4
342,6,33,32,False,True,False,False,True,1.0666666666666667,0.0,1.0,0.9924271066048004,0.9972029420905418,0.4266666666666667,0.4744094488188976,0.8285127232495653,0.7199804160560948,0.15996417320919992,0.7217026434319934,0.8102992268608297,0.9182509594683141,0.7799451836735587,0.9229687007851052,0.6924290256875686,0.9696464960976803,0.5073015936175715,0.00010940263447609428,0.8083122587514975,0.783732234380096,0.6952836366700546,0.19154465233490003,0.8647440675630246,0.1510180500895152,0.00915924,5
343,5,33,32,True,False,False,False,True,1.0666666666666667,0.0,1.0,0.6189608752935785,0.6147950550778687,0.4266666666666667,0.4005905511811023,0.8275998877502636,0.7173304208493678,0.16039896435968629,0.7184978609103841,0.8084093595378561,0.9181105494711224,0.7808705581477839,0.9190049112819496,0.6890508890035122,0.9700052842395652,0.5121361637785249,0.00010338047760447779,0.8092258034790978,0.7846531718377168,0.69372886337767,0.19102579860049496,0.8648175599109692,0.14344979054097237,0.01196179,6
344,4,33,32,False,True,False,False,True,1.0666666666666667,0.0,1.0,0.9311450993870654,0.9304533996339652,0.4266666666666667,0.32677165354330706,0.8270031578302256,0.7148413426642379,0.16083375551017268,0.7155550077294834,0.8093224415028882,0.9192829729476739,0.7817701502276075,0.9167405886538889,0.6892630144035419,0.969980818193477,0.5064361458727096,9.787108918437e-05,0.809961963366063,0.7855394774741857,0.6938606595876523,0.1906943190824448,0.8648405601544354,0.1335342801076205,0.01451388,7
345,3,33,32,True,False,False,False,True,1.0666666666666667,0.0,1.0,0.5179354986538351,0.5053696605545772,0.4266666666666667,0.2529527559055118,0.8263773978059692,0.7126330133252987,0.16126532598547028,0.7128997632364196,0.8100582284828357,0.9229032107086025,0.782635913178471,0.9165726018128579,0.6867666807579125,0.9702496520760895,0.5132701987545512,9.273749774229418e-05,0.8092542157695892,0.7864019106902491,0.6946563577510748,0.19048235361718152,0.864922413174055,0.12731894130644336,0.01680834,8
346,2,33,32,True,False,False,False,True,1.0666666666666667,0.0,1.0,0.6771369651142808,0.6800597396318934,0.4266666666666667,0.17913385826771652,0.8255903594249459,0.7104794642490311,0.16169367578557906,0.710414002434402,0.8093508394009321,0.927431433118038,0.7834783570210221,0.9177415102483639,0.6837802097677086,0.9705699625984101,0.5211288621849073,8.805926446199066e-05,0.8107877115563793,0.787251230886653,0.6933266270254608,0.19012236984233416,0.8650869316185186,0.11267173062076366,0.01909873,9
347,1,33,32,False,True,False,False,True,1.0666666666666667,0.0,1.0,0.8244234404536862,0.8296988846299942,0.4266666666666667,0.10531496062992125,0.8250452385790733,0.7082985250414275,0.16212524626087663,0.7083082959698833,0.8108835583845432,0.932261537021436,0.7843079917759087,0.9221756629064057,0.681081392364098,0.9708609395215713,0.5224717983407277,8.363272581505393e-05,0.8120772711914733,0.7880823945942976,0.6935513104794976,0.19041880461229252,0.8652411380675773,0.1023989939419557,0.0213429,10
348,0,33,32,False,True,False,False,True,1.0666666666666667,0.0,1.0,0.8066804147333447,0.812916537173245,0.4266666666666667,0.031496062992125984,0.8244581853604409,0.7058505320533013,0.1625632580865518,0.7064182960212418,0.8121724647840479,0.9354933071234672,0.7851198908709521,0.9289252341899885,0.6817596825047736,0.9707901808983999,0.5168115711358257,7.922576271126281e-05,0.8105767950936327,0.7889103641048458,0.6951481130629396,0.19065076366802355,0.8655042863792702,0.10217668606561162,0.02385555,11
349,9,34,33,False,False,True,False,True,1.1,0.0,1.0,0.02973019419144174,0.01997651852619231,0.44,0.6968503937007873,0.838923778773403,0.758809350990838,0.15412723620871996,0.760445930422665,0.8136185403309846,0.921387562794471,0.7654981749787062,0.9206728806243512,0.7424055669864903,0.9639852878536543,0.549237676488338,0.00023207288419576844,0.8158414304095125,0.7690682358953782,0.6930297257246677,0.19201362488733073,0.8630544892172086,0.1321266116290385,0.0,0
350,10,34,33,True,False,False,False,True,1.1,0.0,1.0,0.47303660422753047,0.472305673538451,0.44,0.7706692913385825,0.8389571096338014,0.7589154877497637,0.15411542706636103,0.7607455228058283,0.8140817757128894,0.9220771318917907,0.7654510441048636,0.9228602092836061,0.7417927921800381,0.9640566281622527,0.5418399220102261,0.00023251883083661923,0.8118942550860561,0.7690323712262241,0.6954655566716089,0.19216966709614697,0.8630928469524489,0.14017133703167747,0.00011125,2
351,11,31,33,False,True,False,False,True,1.1,0.0,1.0,0.6223406083519505,0.6177993024621016,0.44,0.8444881889763779,0.8395764185237871,0.7617332475109218,0.1537353873940841,0.763462397732,0.8128432691864896,0.9230342600393149,0.7643593157100722,0.9228252120250581,0.7344305416218848,0.9649194032029733,0.5118874718978172,0.0002446947896683805,0.8139875497855,0.7679468485603137,0.6936448706964751,0.19185928736189464,0.863092806189596,0.1326744289100716,0.00299585,3
352,7,34,33,True,False,False,False,True,1.1,0.0,1.0,0.9167783697084264,0.9074933526710176,0.44,0.5492125984251969,0.8372153033807168,0.7534237664169599,0.15486584438534867,0.7551217457847352,0.8117372861842945,0.9209912945801741,0.7675548546442248,0.9211698416957339,0.7379583513754576,0.9644653441979365,0.5725981338161272,0.00021063837850936873,0.8110344633404664,0.7711518050575907,0.6945010760184805,0.19145118247264292,0.8632072032300625,0.12923260463189265,0.00565008,4
353,6,34,33,False,True,False,False,True,1.1,0.0,1.0,0.9912012373260011,0.9963051210331848,0.44,0.47539370078740156,0.8364185882982875,0.7508662129034906,0.15524266338243684,0.7525178599859277,0.8111301851747621,0.9219484227276983,0.7685817165053305,0.9219572800130656,0.7262469459845866,0.965793448425436,0.5778604540118975,0.0002005525683477557,0.8082147354841352,0.7721914321546932,0.6957759403191405,0.19104086467362555,0.8632814641011184,0.12528004207893603,0.00832883,5
354,5,34,33,True,False,False,False,True,1.1,0.0,1.0,0.6246731969983388,0.6181687903587831,0.44,0.4015748031496063,0.8353960835163841,0.7484866952437037,0.1556227030547138,0.750006419836782,0.8083118856715974,0.9244851633436302,0.7695972472504252,0.9236056508906803,0.7274980305457039,0.9656439590656092,0.5744086107076776,0.00019063001321103116,0.806506926455682,0.7732581258692979,0.6950473404009299,0.19047489508351206,0.8635079583251374,0.13242614310233414,0.0109088,6
355,4,34,33,False,True,False,False,True,1.1,0.0,1.0,0.9304347826086956,0.927155633827135,0.44,0.32775590551181105,0.8345284059569773,0.7460763636861638,0.15602206677812352,0.7472844090411845,0.8066049417459333,0.9270991294580174,0.7706392172662122,0.9237246415697438,0.7173744480603506,0.9668196890870906,0.5642520342995838,0.00018145498667765435,0.8080898237926057,0.7743271732028157,0.6932371061612953,0.18983864487403243,0.8636496606702228,0.12176815837206584,0.01347027,7
356,3,34,33,True,False,False,False,True,1.1,0.0,1.0,0.5187260124878272,0.5165233606132809,0.44,0.25393700787401574,0.8340252174838643,0.7438098303181364,0.1564278718519108,0.7448500069334238,0.8081870372549721,0.9312178227089769,0.7716834863490158,0.9262024474749478,0.7066274057778213,0.9680283662366711,0.5832819370113205,0.00017259160975394196,0.8072400147436751,0.7753817625915809,0.6947751079640454,0.19017123441226463,0.8637361634124754,0.1195790060117352,0.01577915,8
357,2,34,33,True,False,False,False,True,1.1,0.0,1.0,0.6818605716904393,0.6838305880727926,0.44,0.18011811023622046,0.8332478558042465,0.7412967857680877,0.15683689760088687,0.7424464200422168,0.807337658682849,0.933784985490967,0.7727136325915739,0.9292367097910663,0.705343355074674,0.9681641767344815,0.5795117680997948,0.00016389129595135546,0.8074299419467795,0.7764582070131119,0.6940489561629608,0.19045423294630864,0.8639938034009131,0.12315314287734962,0.0184094,9
358,1,34,33,False,True,False,False,True,1.1,0.0,1.0,0.8308621183479407,0.8375012949342173,0.44,0.10629921259842519,0.832589840108637,0.7383591941823362,0.15726524740099568,0.7398990288070916,0.8075274896769802,0.9331578208368436,0.7737651273135729,0.931431037902031,0.7069086302901547,0.9679946071037739,0.5621829178520978,0.0001555115845994,0.8103546161013219,0.7775479325699388,0.692461702430564,0.1906341515066473,0.8642207572200461,0.12035999298808905,0.02140859,10
359,0,34,33,False,True,False,False,True,1.1,0.0,1.0,0.8170361459586413,0.8231257985427674,0.44,0.03248031496062992,0.8322188998880727,0.7353428559689943,0.1577064799018596,0.7374029962662227,0.8104506823170636,0.9318122250304223,0.7748295953423091,0.9342973133771187,0.6946809061119043,0.9694004294976626,0.5499373296460615,0.0001471912409371865,0.8122991942172031,0.7786369856642192,0.6931204564538018,0.1913119827665959,0.8644100604722317,0.12714021553848795,0.02440557,11
360,9,35,34,False,False,True,False,True,1.1333333333333333,0.0,1.0,0.0,0.008028592147519054,0.4533333333333333,0.6978346456692913,0.713145476303371,0.9228591188594748,0.10504280438359659,0.9258894041877879,0.7748635110035458,0.7389779907329402,0.8023269167102759,0.7367809667409386,0.32975244123510106,0.9961330493558691,0.5724986570638442,0.5092076959500546,0.7534709068384032,0.8056975510034822,0.7280504650477926,1.0,0.9893649280162596,0.9803639587785498,0.0,0
361,7,35,34,True,False,False,False,True,1.1333333333333333,0.0,1.0,0.9122185942601821,0.9017472979039332,0.4533333333333333,0.5501968503937007,0.7120245917238398,0.9228077623632205,0.10503716820201622,0.9259150835349161,0.7535957879009603,0.7381915192361697,0.8023267653002909,0.7372697472031358,0.32975244123510106,0.9961330493558691,0.5724986570638442,0.9999999999999999,0.7534709068384032,0.8056975510034822,0.694399092473775,0.21414676282273754,0.8593585592962321,0.13306564839118407,0.00112206,2
362,10,35,34,True,False,False,False,True,1.1333333333333333,0.0,1.0,0.47909721028813657,0.4742394419696813,0.4533333333333333,0.7716535433070866,0.7143254962803834,0.922756405866966,0.10505863936994148,0.9248365509555285,0.8024606394899634,0.7357189771911761,0.8023276762508565,0.7072283046161384,0.32975244123510106,0.9961330493558691,0.5724986570638442,0.34112353489414626,0.7676565747575997,0.8056976543385602,0.7211727579079045,0.4416756493388549,0.9812645143004384,0.9757183291672248,0.00118448,3
363,11,32,34,False,True,False,False,True,1.1333333333333333,0.0,1.0,0.6171507131809589,0.6143081598121483,0.4533333333333333,0.8454724409448818,0.7154719165997361,0.9225424204659063,0.10508427057665223,0.9235911026198069,0.8225758172710386,0.7309766685388001,0.8023294279483344,0.6831842620244748,0.32975244123510106,0.9961330493558691,0.5724986570638442,0.2563505662143397,0.7901381195671093,0.805698250427574,0.7144397026348794,0.3029663059955745,0.9706645782920236,0.7777862474683501,0.0023479,4
364,6,35,34,False,True,False,False,True,1.1333333333333333,0.0,1.0,0.9974680643867789,0.9979799026209468,0.4533333333333333,0.47637795275590544,0.8440857613789945,0.7810090524384063,0.15105900631220132,0.7823059026547309,0.8078777304195213,0.9232589160348217,0.7561304622000538,0.9225627325859475,0.6071351732183887,0.48563147386115535,0.16174919921214403,0.0003423185184673684,0.8104306381758798,0.7596859824061382,0.6926656373673465,0.19050550070613348,0.8628775254966368,0.1411345588626714,0.19304611,5
365,5,35,34,True,False,False,False,True,1.1333333333333333,0.0,1.0,0.6248186973706822,0.6178545529887082,0.4533333333333333,0.4025590551181102,0.8436793399199415,0.7785713307495308,0.15144548733485588,0.7793630494738302,0.8105266658821,0.9255007956566508,0.7573816473143612,0.9207498745931568,0.7265312302183944,0.9658542680287483,0.4064719575035314,0.00032596694708269153,0.8102949758879481,0.7609258352265021,0.6943008157227821,0.19103350974042196,0.8628608498545486,0.14315989804956417,0.19457147,6
366,4,35,34,False,True,False,False,True,1.1333333333333333,0.0,1.0,0.9328521509995991,0.9241168548637729,0.4533333333333333,0.32874015748031493,0.8429503617473542,0.7759350306084716,0.15182552700713284,0.7763996528152268,0.8103910723148635,0.9263572966395208,0.7585927629749488,0.9185135497719346,0.7246291472233426,0.9660728363209792,0.4023834629847005,0.00031118975900030127,0.8115963099857684,0.7621332417289908,0.693388605194859,0.19085593523295033,0.8628650533079579,0.12880383811476545,0.196051,7
367,3,35,34,True,False,False,False,True,1.1333333333333333,0.0,1.0,0.5031219568081572,0.5077350737249215,0.4533333333333333,0.2549212598425197,0.8423697596629929,0.7733672057957517,0.15220234600422106,0.7738471257106758,0.8116917472126566,0.927894786108771,0.7597721843545204,0.9193884812356365,0.7233620595388006,0.9662182634844099,0.40916777749040034,0.000297062682451011,0.8120547461323451,0.7633204743550803,0.69400107746969,0.19116803760554,0.8629050282157228,0.12608878117474479,0.1976025,8
368,2,35,34,True,False,False,False,True,1.1333333333333333,0.0,1.0,0.6746749155066736,0.6730878138057254,0.4533333333333333,0.1811023622047244,0.8416859394303005,0.7706555827935195,0.152582385676498,0.7713510931698072,0.8121499511351483,0.92842600393148,0.7609318994453773,0.9208653655463656,0.7230586094190624,0.9662534533581546,0.42268666812565914,0.00028340680960375875,0.8108749961605013,0.7644984606211536,0.6949457856808382,0.19158948814011878,0.862978246682292,0.12640402778623394,0.1992199,9
369,1,35,34,False,True,False,False,True,1.1333333333333333,0.0,1.0,0.8282270722346337,0.8336941883352326,0.4533333333333333,0.10728346456692912,0.8408247130051643,0.7676700584779304,0.152962425348775,0.7688242454123846,0.8109707987740293,0.9267691659646167,0.76208258248724,0.92224425753316,0.7236425331602645,0.9661840358385834,0.4364443029663967,0.00027000359765295495,0.8105537581013423,0.7656735889214037,0.6944230495109893,0.19158766109825712,0.8630728591315023,0.13171822470491643,0.20096177,10
370,0,35,34,False,True,False,False,True,1.1333333333333333,0.0,1.0,0.8158595405854385,0.8202562243171381,0.4533333333333333,0.033464566929133854,0.8400667047283588,0.7646366014325039,0.15334890637142953,0.7661381857027667,0.8106497234402901,0.9245062248432089,0.7632304738048682,0.9224682399878676,0.7286364910690278,0.9655998849183027,0.4731611722340485,0.0002571757537865308,0.8127484155668636,0.7668292158078012,0.6930538896080237,0.1915298670675894,0.8631151462986799,0.13108377214128872,0.20283827,11
371,9,36,35,False,False,True,False,True,1.1666666666666667,0.0,1.0,0.00940596895228274,0.0074933526710176945,0.4666666666666667,0.6988188976377953,0.7383559714386783,0.9043764864852526,0.10712953351633211,0.9059279916867393,0.9347155349294144,0.6072240943555182,0.8027952138898681,0.6171259084705031,0.3825059080674869,0.9938333601984262,0.49862058903500905,0.0003589200566767589,0.9319222748944564,0.806058352377099,0.6949126088069607,0.14064190476212396,0.8921855652390599,0.10544051038592565,0.0,0
372,10,36,35,True,False,False,False,True,1.1666666666666667,0.0,1.0,0.47902846995474596,0.4675230498290687,0.4666666666666667,0.7726377952755905,0.7383290917125503,0.9047097330831702,0.10714832078826672,0.9059211438608383,0.9341322267533781,0.6097538144715904,0.8028098781056563,0.6167251898601276,0.38550712269191295,0.9936837974110375,0.49696595905536856,0.0003635103100301422,0.931585252229469,0.8060709980352885,0.694868924436097,0.14251693196925064,0.8929593304181389,0.12524824597547451,0.00033433,2
373,11,33,35,False,True,False,False,True,1.1666666666666667,0.0,1.0,0.6119149911210402,0.6107824855830657,0.4666666666666667,0.8464566929133858,0.7407869738696806,0.9034326682096441,0.10755348172701623,0.9042828015140545,0.9360203032179166,0.614897266685388,0.8029525811953834,0.6179735420725376,0.37968006533965204,0.9939703013686008,0.5051628434434872,0.00035910534637624526,0.9340988440549203,0.8061921270326581,0.694749597581879,0.13752312110293416,0.8901001628995869,0.12366994816797666,0.00260779,3
374,7,36,35,True,False,False,False,True,1.1666666666666667,0.0,1.0,0.9154264764850776,0.9053489416070997,0.4666666666666667,0.5511811023622046,0.7333165603842295,0.9099789095988715,0.10643365296387466,0.909310817681771,0.9277670042008421,0.6304018066086305,0.8025937428154155,0.6154635386894693,0.3855539190748558,0.9936679961698642,0.5011539303264825,0.0003970605174619751,0.9221656820485518,0.8058893349681644,0.6954884892154848,0.1335355426055801,0.9012746227458723,0.12313421204514868,0.00753544,4
375,6,36,35,False,True,False,False,True,1.1666666666666667,0.0,1.0,0.9964598728303833,0.9893297420491038,0.4666666666666667,0.47736220472440943,0.730732881108821,0.9131150796368068,0.10612317987567549,0.9110313339393659,0.9222051095749524,0.6489878779369092,0.8025141041192712,0.6142071371075932,0.38199074274250266,0.993829823631331,0.5038000119372099,0.00043766526678472523,0.9163014876777689,0.8058259059471466,0.6955852607725735,0.12397786328181727,0.9066423792693625,0.1332852892400585,0.01159631,5
376,5,36,35,True,False,False,False,True,1.1666666666666667,0.027777777777777776,0.9722222222222222,0.6247167325428195,0.6224886909078352,0.4666666666666667,0.4035433070866141,0.7282330665789312,0.9159328393979651,0.10585103282222291,0.9128391599771968,0.9163438857534651,0.6682273237854536,0.8024521452484853,0.6145413609267274,0.37409948003786725,0.9941971919286039,0.5175874898036328,0.0005124103205892722,0.9116377765718908,0.8057784704391068,0.6953363684678714,0.10984527791396786,0.9125371214742128,0.16269001997937732,0.01536302,6
377,4,36,35,False,True,False,False,True,1.1666666666666667,0.0,1.0,0.927983044051097,0.9144825442867502,0.4666666666666667,0.32972440944881887,0.7258848537044027,0.9187334803270382,0.10562011041118682,0.9148986436168847,0.9116825370835613,0.6918934288121315,0.8024058091949542,0.6190301093081042,0.36511036787225126,0.99462644539169,0.5300220838390068,0.0006560435996347163,0.9030884927663845,0.8057453756824093,0.6962153229561622,0.0624734936389062,0.918389632356519,0.11835032969669501,0.01901715,7
378,3,36,35,True,False,False,False,True,1.1666666666666667,0.0,1.0,0.5051497966431804,0.5093753237335543,0.4666666666666667,0.2559055118110236,0.7234882573228439,0.9202330900176667,0.1054352436553504,0.916608888135628,0.9031375839784685,0.7039361602546101,0.8023734815045531,0.6178052052589214,0.35123829532472794,0.9952497878590063,0.5519467600421779,0.000979519158582834,0.8911496994952339,0.8057237576086335,0.6972044675848134,0.04088241287926564,0.9269735955677438,0.1639487066051133,0.02173662,8
379,2,36,35,True,False,False,False,True,1.1666666666666667,0.0,1.0,0.6769261614252162,0.6740287993369937,0.4666666666666667,0.18208661417322833,0.721194879089616,0.9211266930524933,0.10529288981200599,0.9184988880842693,0.8912048383878179,0.712116750912665,0.8023523644918952,0.6234030167636868,0.34543842940796043,0.9954892392845731,0.5536378648309892,0.0018776229580624451,0.8686917036111766,0.8057104685382793,0.7008155685990517,0.0,0.9394302537655957,0.3504605392419812,0.02398067,9
380,1,36,35,False,True,False,False,True,1.1666666666666667,0.0,1.0,0.8350071604513949,0.8333022549121172,0.4666666666666667,0.10826771653543307,0.7189369820948769,0.9219312781604789,0.10518757373333262,0.9208511162812196,0.8687582187610328,0.7221753252831602,0.8023393834340178,0.6492489646644346,0.3401801299993814,0.9957039722744634,0.5617651154925094,0.005448588502067781,0.838979102888327,0.8057032889919001,0.7072727160135355,0.18005574751175069,0.95341245378211,0.5056319346903175,0.02617762,10
381,0,36,35,False,True,False,False,True,1.1666666666666667,0.0,1.0,0.8205212808615455,0.8209468558997203,0.4666666666666667,0.03444881889763779,0.7166855362344084,0.9223934866267685,0.10511768508173591,0.9227000292744556,0.839060669167046,0.7289561920808763,0.8023323702943024,0.6730946967487547,0.3355621502384979,0.9958921353083863,0.5674651333983249,0.20530082225253374,0.8086828983607901,0.8056997316650284,0.7106563638210048,0.2074082270935781,0.9605282478009376,0.5726653871700811,0.02818191,11
382,9,37,36,False,False,True,False,True,1.2,0.0,1.0,0.019785759294265848,0.0,0.48,0.6998031496062992,0.7714932978090873,0.8894431586299456,0.11247585432972007,0.8890566606234602,0.9952508139877981,0.6281927673250336,0.8056829104874678,0.6286971687217835,0.3994821740946015,0.9929885287763338,0.4065382753383866,0.0004346876604219135,0.9866649943516709,0.8087366614251946,0.6955795756814459,0.11866156377521257,0.8744028444328688,0.11625778773063819,0.0,0
383,10,37,36,True,False,False,False,True,1.2,0.0,1.0,0.4869221515724351,0.47411858144272945,0.48,0.7736220472440944,0.7708718385410116,0.8887447102808856,0.11249045472390926,0.8885516334632708,0.9889478450856285,0.6230403444725265,0.8057091362733655,0.6247528610258863,0.3876337533122363,0.9935689281030124,0.43524063426377246,0.00043520313934810863,0.9831881149597109,0.808759995875563,0.6952203571338804,0.12426384974841938,0.8744785555709206,0.16382869890147259,0.0009349,2
384,11,34,36,False,True,False,False,True,1.2,0.0,1.0,0.6198659563498883,0.619596671155772,0.48,0.8474409448818897,0.7745812407466544,0.8861358002711621,0.11304634326149404,0.8861275030943612,0.9955944882494101,0.6159674248806516,0.8061409667467325,0.6188488235088252,0.38636406164996734,0.9936260427167012,0.4612935956866877,0.00044330439755791936,0.9889422437006625,0.8091601783370673,0.6952651588129589,0.12555333585146689,0.8741440123945441,0.16809797118243028,0.00452482,3
385,7,37,36,True,False,False,False,True,1.2,0.0,1.0,0.911680128315289,0.9032131634379641,0.48,0.5521653543307087,0.7630175825664548,0.8931374025938452,0.1114369718696567,0.8923059540134253,0.968764870520935,0.6328110081437799,0.8049591970344224,0.6292580581187807,0.38283971939862116,0.9938020965111489,0.41457931281459515,0.0004150183747020547,0.9523902159334078,0.8080514220901704,0.696924345287757,0.12342272220184942,0.8760367215483876,0.129099701743341,0.00924582,4
386,6,37,36,False,True,False,False,True,1.2,0.0,1.0,0.9974222374978519,0.9860665078214027,0.48,0.47834645669291337,0.7586888714708263,0.8948629808679931,0.11092295210952619,0.8938672583188245,0.9524143330075675,0.634384770195638,0.8046260786456085,0.6290305759382182,0.3779033050142493,0.9940497471263372,0.4422139545988102,0.0004045585051829974,0.9428887364465697,0.8077385588903471,0.6958547054484958,0.1273512538161594,0.8770074761658204,0.1177450039915617,0.01390424,5
387,5,37,36,True,False,False,False,True,1.2,0.02702702702702703,0.972972972972973,0.6247167325428195,0.6224886909078352,0.48,0.4045275590551181,0.7552439657702815,0.8967049672003176,0.11041859437496196,0.8952539430637514,0.9429176665626262,0.6372942993541141,0.804320466951459,0.6272758133946175,0.37162641130375623,0.9943599395894234,0.4624375783379422,0.0003946724135395146,0.9345519049032959,0.8074462898560145,0.6956924239724803,0.12846015208086742,0.8784286219670204,0.1276236640999762,0.01779816,6
388,4,37,36,False,True,False,False,True,1.2,0.0,1.0,0.9243398063813942,0.9106840705825477,0.48,0.33070866141732286,0.7520345264706166,0.898577767430395,0.10991455870791667,0.8968101114997251,0.9345850581005642,0.6407998689506693,0.8040349720937054,0.6267435050921011,0.3707061322868462,0.9944012045877519,0.48076119610846924,0.00038454261229202864,0.9309274181162908,0.8071757245503747,0.6949387735361744,0.12699804130857728,0.8799700692699606,0.1030619172503188,0.02149616,7
389,3,37,36,True,False,False,False,True,1.2,0.0,1.0,0.5049550323652403,0.5052142684484962,0.48,0.25688976377952755,0.7493895614196366,0.8997623906106631,0.10941470991861679,0.898006769075903,0.9309624073230758,0.6385914537115043,0.8037706779182275,0.6229393030879248,0.37181649977200537,0.9943485948456003,0.4957523426775161,0.0003759399155875228,0.9329802700959364,0.8069277892905856,0.6939931891277783,0.12912012791678465,0.8818595061191753,0.11941966083875866,0.02439389,8
390,2,37,36,True,False,False,False,True,1.2,0.0,1.0,0.6820942888239674,0.6786422183086432,0.48,0.18307086614173226,0.7473477774229654,0.9009675563894328,0.1089209804121756,0.8994910353399175,0.9330142194159754,0.636216184592343,0.8035284892721153,0.6212695838825959,0.37344673149457924,0.9942726130766903,0.505889023735153,0.0003688262180816012,0.9358061411502114,0.806704679666862,0.6938405815055865,0.12962780956173486,0.8837024988502772,0.13214712874079898,0.02675477,9
391,1,37,36,False,True,False,False,True,1.2,0.0,1.0,0.831460159248439,0.8258382540833592,0.48,0.109251968503937,0.7453576025004597,0.9022035360659555,0.10844142187656508,0.9011858722503838,0.9358386590052036,0.6336572123935225,0.8033105508564571,0.6212023891461835,0.3744414053102358,0.9942233771267897,0.5033424188767086,0.0003628669532629123,0.936251523001157,0.8065086686026116,0.6943134649263732,0.12752628801045413,0.8854231159485743,0.11829641372677864,0.02908439,10
392,0,37,36,False,True,False,False,True,1.2,0.0,1.0,0.8161894941857135,0.8150264166580338,0.48,0.035433070866141725,0.743102931072856,0.9025596077733193,0.10798569633735158,0.9026855461226753,0.9362838152448102,0.6225458672657493,0.8031190829131148,0.6192460423933459,0.3752766722999653,0.9941827605895495,0.5114995125639137,0.0003593555620557356,0.9359878774227237,0.8063382161586025,0.6944435167155837,0.133153815291585,0.8876204208207698,0.12301812598742641,0.03127386,11
393,9,38,37,False,False,True,False,True,1.2333333333333334,0.0,1.0,0.02037005212808618,0.013553644808177112,0.49333333333333335,0.7007874015748031,0.7920347845159875,0.8682614570636866,0.11918130007277655,0.8676144057713477,0.9122871650028738,0.621851305812974,0.8124051634855607,0.6196690425916637,0.3138311125263302,0.18340128255366617,0.09179383111500161,0.0005004143385378902,0.9122896381315123,0.815221301820244,0.694388639122293,0.1422024215778318,0.8693893806617172,0.11412414904822815,0.0,0
394,10,38,37,True,False,False,False,True,1.2333333333333334,0.0,1.0,0.4828206450134616,0.47808971304257747,0.49333333333333335,0.7746062992125984,0.7920347845159875,0.8681267889179529,0.11905258042106467,0.8675921503371697,0.9123118959050741,0.6206676495366471,0.8122547935547297,0.6193195366362968,0.37712582739896733,0.5055306858476563,0.26113642241808055,0.0033304512460685934,0.9151957120478351,0.8152417446816618,0.6937786612308245,0.14284606548135748,0.867505656391066,0.11773643998757907,0.00013467,2
395,11,35,37,False,True,False,False,True,1.2333333333333334,0.0,1.0,0.6180099673483417,0.6155530232397528,0.49333333333333335,0.8484251968503936,0.7942765536750501,0.8667744011832537,0.11956853258630848,0.8665855199297412,0.9143432410444285,0.6234100907984649,0.8129085496828381,0.6246209213611601,0.3869087411153789,0.5048725434399897,0.25861966058532126,0.0034172444389025604,0.9122674543611586,0.8158611499333701,0.6948029545268083,0.14083763599963534,0.8674526701016242,0.08862850808207293,0.00269014,3
396,7,38,37,True,False,False,False,True,1.2333333333333334,0.0,1.0,0.9098012258692788,0.903254601332919,0.49333333333333335,0.5531496062992125,0.7891898343026162,0.8712663827223053,0.11792566617250774,0.8705863622123271,0.9242722718830108,0.617962884957409,0.8109104469605238,0.6150561705999696,0.4255758584882316,0.991533877930129,0.5521158705210589,0.0004885188988242597,0.9359366841065231,0.8137598389676355,0.6921474151205422,0.14030215548366404,0.8701425164445712,0.1158413060469437,0.00413803,4
397,6,38,37,False,True,False,False,True,1.2333333333333334,0.0,1.0,0.9880391819900327,0.9756207051348458,0.49333333333333335,0.47933070866141725,0.7882092618934724,0.8726393130555061,0.11730246552347728,0.8720911719540443,0.9359691358340538,0.6146134044743986,0.8102021865222122,0.6125566663944657,0.4287748841949197,0.9913680411199852,0.5543143067465133,0.000482152317379525,0.95095168374817,0.8130686483390734,0.6916476549708733,0.13872775407049645,0.8705795439220911,0.1108520763065989,0.0058138,5
398,5,38,37,True,False,False,False,True,1.2333333333333334,0.02631578947368421,0.9736842105263158,0.6323870080769891,0.6409492731102594,0.49333333333333335,0.405511811023622,0.7874125468110431,0.8740499048192933,0.11668248554963562,0.8735394871320792,0.950976529521022,0.6112023776092859,0.8095270162270338,0.6092879224460751,0.42236552812585915,0.9917040199818072,0.5645106738555199,0.00047586516049994554,0.9691688253181665,0.8124104251868605,0.6911812017988274,0.13673600658053653,0.8710751887252566,0.11243112799040486,0.00740751,6
399,4,38,37,False,True,False,False,True,1.2333333333333334,0.0,1.0,0.9176147104313456,0.9055250526606582,0.49333333333333335,0.33169291338582674,0.7867448544140273,0.8756179898382612,0.11606508211594496,0.8750545686126476,0.9691844430686102,0.6087101001591314,0.8088840492919968,0.6061773661063217,0.40692574374104246,0.9925583179322697,0.574597616537015,0.00046968365548159477,0.9853151972478474,0.8117805631425519,0.6916837238557084,0.13298057800009377,0.8716839615966955,0.11213212485487299,0.00906101,7
400,3,38,37,True,False,False,False,True,1.2333333333333334,0.0,1.0,0.4968780431918428,0.49525190786974693,0.49333333333333335,0.2578740157480315,0.7856384848866053,0.8769669538065434,0.11544735661473543,0.8766056011791956,0.985322635938947,0.604008705419826,0.8082687861145109,0.6029453692794065,0.3916917469705047,0.9933643925222073,0.5702504824622485,0.00046457544281699765,0.990751927428355,0.8111805584353141,0.693478502430546,0.13165447157530227,0.8723255406926336,0.13178835078120854,0.0108027,8
401,2,38,37,True,False,False,False,True,1.2333333333333334,0.0,1.0,0.6751870309904336,0.6669377395628302,0.49333333333333335,0.1840551181102362,0.7832612419078586,0.8786651419493554,0.11483059731608256,0.8785829109080732,0.9907566121051795,0.6017340634653188,0.8076826882443229,0.6029936654962028,0.3824491625075802,0.9938207229502831,0.5645803075821181,0.00046047488748294493,0.9967492244212597,0.8106138406241349,0.6934461616606024,0.13277676328831997,0.8729177326664509,0.1660907025681416,0.01360925,9
402,1,38,37,False,True,False,False,True,1.2333333333333334,0.0,1.0,0.8358847453743484,0.8233796056493664,0.49333333333333335,0.11023622047244094,0.780867871093435,0.8811199824703158,0.11421995730028833,0.8811457097514752,0.9967508711247102,0.6057086024524947,0.8071291057505139,0.6081046651345645,0.379500868918272,0.9939756855816015,0.5438493524063424,0.00045531877980956536,1.0,0.8100886809983379,0.6938882842832733,0.12942281452174678,0.8733230111126917,0.1579945403726501,0.01703061,10
403,0,38,37,False,True,False,False,True,1.2333333333333334,0.0,1.0,0.826481067766512,0.8269156393521876,0.49333333333333335,0.03641732283464567,0.7781261390283948,0.8834584149330995,0.11362606479547588,0.8835338890344051,0.9999999999999998,0.6091556678835534,0.8066161182114572,0.6123375835559548,0.38215105692666024,0.9938389072210851,0.5001790581541092,0.00044993035324254613,0.9955922554751252,0.8096022552152272,0.6949449364077427,0.12800779569079185,0.8738485230109203,0.17429784218390232,0.02060092,11
404,9,39,38,False,False,True,False,True,1.2666666666666666,0.0,1.0,0.023360256630577947,0.01068752374046078,0.5066666666666667,0.701771653543307,0.8185328185328185,0.8503665712577091,0.125714976472431,0.8520869605411152,0.9361226379856422,0.6210552591344505,0.8224113052788767,0.625478587510645,0.5707688188419477,0.9813205754161083,0.32735478052112543,0.0005686578463687782,0.9330143989734034,0.8250748394775862,0.694955230121786,0.1375336423862254,0.8668370856549297,0.15494627901752378,0.0,0
405,10,39,38,True,False,False,False,True,1.2666666666666666,0.0,1.0,0.487621011628573,0.4907455367933976,0.5066666666666667,0.7755905511811022,0.8185199162642772,0.8502821183527574,0.12572549734471436,0.851866118155812,0.9357312074990916,0.6206220162875598,0.8224516484310509,0.6241050617701613,0.5589517968175077,0.9822883681123935,0.3118098800310367,0.0005679251686253608,0.9333335039777207,0.8251157476158401,0.69483326950901,0.13776854525043303,0.8668456349165828,0.15599713512402572,8.543e-05,2
406,11,36,38,False,True,False,False,True,1.2666666666666666,0.0,1.0,0.6188921349601879,0.61137470216513,0.5066666666666667,0.8494094488188975,0.8209455427500542,0.8484949122831043,0.1263841254208215,0.8499350312517655,0.936877356897619,0.62010483946457,0.8236414156121976,0.6220409234609956,0.5493858524460313,0.9830255433257604,0.3202355609494061,0.0005657749949123122,0.9356986351861902,0.8262999541604696,0.6946051172335636,0.13734505907845806,0.8666311418689394,0.1465083322075065,0.00305358,3
407,7,39,38,True,False,False,False,True,1.2666666666666666,0.0,1.0,0.907750472589792,0.9009876031630927,0.5066666666666667,0.5541338582677166,0.8135751218457986,0.8542913488270176,0.12441371634032103,0.8561032104319779,0.9318962120785725,0.6257345783019751,0.8201793491231796,0.6323504158840891,0.5652609432601781,0.9817913211770515,0.34048902771422296,0.0005717209687803676,0.9308608668052301,0.8228806502264517,0.6945724825878322,0.1364462245794553,0.8671597992028545,0.16091738062580568,0.00632318,4
408,6,39,38,False,True,False,False,True,1.2666666666666666,0.0,1.0,0.9801798705390388,0.9772609551434787,0.5066666666666667,0.48031496062992124,0.8112269089712699,0.85603404593325,0.12376893716752568,0.8580651125525784,0.9308958897240541,0.6265964616680708,0.8191115967129909,0.6359834812939653,0.560106605988405,0.9822103870571244,0.35357022063943644,0.0005728690778770393,0.9305716245686964,0.8218181594027635,0.694447078471584,0.1363715989919821,0.8674462377963714,0.15822722226362984,0.00924644,5
409,5,39,38,True,False,False,False,True,1.2666666666666666,0.02564102564102564,0.9743589743589743,0.6435172137251532,0.6572084671432025,0.5066666666666667,0.406496062992126,0.80896256084226,0.8577698955066488,0.12312222558961705,0.8599088896763887,0.9306067940052292,0.6274777684171113,0.8180737321740196,0.6390019948437372,0.5477337407037284,0.983233686328985,0.37303782106121797,0.0005756451365755983,0.9297653298385363,0.8207672685580049,0.6945460995354219,0.1370083155780729,0.8678884140178077,0.187292940800206,0.01209955,6
410,4,39,38,False,True,False,False,True,1.2666666666666666,0.0,1.0,0.9132153290943461,0.9117545495355502,0.5066666666666667,0.3326771653543307,0.8066466036390848,0.8598720880866624,0.12246295337847218,0.8620864983128669,0.9298009077093896,0.6315646354020407,0.8170471987510591,0.645259504672134,0.5381873423646257,0.9839712727425938,0.40522849809999406,0.0005830413792890845,0.9288208131546346,0.8197550443096779,0.6945762984365214,0.13425432066863274,0.8681398376821405,0.1409189048624148,0.01521962,7
411,3,39,38,True,False,False,False,True,1.2666666666666666,0.0,1.0,0.4993297817494414,0.5005697710556304,0.5066666666666667,0.2588582677165354,0.8043241953016391,0.8614641394705487,0.12180786804507271,0.8636067156628608,0.9288568694771203,0.6318763455958064,0.8160584357148017,0.6467584372557483,0.5272572948271331,0.984812510282854,0.4446511350297435,0.000652730258829197,0.924666475544953,0.8187597997406535,0.6952089741645684,0.1337315042647581,0.8686236709948633,0.09569404127426356,0.01802889,8
412,2,39,38,True,False,False,False,True,1.2666666666666666,0.0,1.0,0.6776742853869507,0.6681359853586105,0.5066666666666667,0.18503937007874016,0.8016824558177943,0.8627857133074952,0.12114312068610691,0.8644695417263712,0.9247046362766517,0.6299794065337453,0.8150862588048792,0.6430329790833051,0.5148268034327748,0.985737420021314,0.4647951773670491,0.0034703492429033877,0.9205326152617515,0.8179703287109005,0.6952051359698066,0.13590279293840962,0.8669620222159429,0.09228828281917573,0.02093251,9
413,1,39,38,False,True,False,False,True,1.2666666666666666,0.0,1.0,0.829550323652403,0.8150626748161194,0.5066666666666667,0.11122047244094488,0.7990955509752501,0.864268204166039,0.12060752240221145,0.8653426395287327,0.9205728700297281,0.6292223626322194,0.814315086039846,0.6389218511216621,0.43171898340439335,0.5020158330558853,0.21481009887989178,0.003456160803157096,0.9171436177292693,0.817228434406322,0.6950685043320708,0.13689531495280105,0.867046180045398,0.0732907825929842,0.02389692,10
414,0,39,38,False,True,False,False,True,1.2666666666666666,0.0,1.0,0.8227942945523286,0.8244017403915881,0.5066666666666667,0.03740157480314961,0.79663766881812,0.8656171681343212,0.12008351854899568,0.8660051666846422,0.9171855892180087,0.6272591968548161,0.8135903872723649,0.6325341514914665,0.4046702686331333,0.5037366773523266,0.23984839742952047,0.0034400101625722368,0.9142998290143239,0.8165304182829116,0.6949584410033336,0.13798665595594634,0.8671740553994884,0.05832487709961526,0.02668292,11
415,9,40,39,False,False,True,False,True,1.3,0.0,1.0,0.021240763017700615,0.022583652750440386,0.52,0.7027559055118109,0.8448373185215289,0.8347142524548405,0.13286058115795513,0.8337775860386525,0.9417681060051746,0.6387656401135762,0.8371072700878243,0.6259131368042836,0.7020657295591957,0.9684760479782972,0.4057258818614089,0.0005581241761437642,0.9409664274232357,0.8397939238525827,0.6945363306110284,0.12589424985018735,0.8648699353894436,0.12287986446573655,0.0,0
416,10,40,39,True,False,False,False,True,1.3,0.0,1.0,0.47849000400985275,0.4838046893884458,0.52,0.7765748031496063,0.8448663486257472,0.8346355058272505,0.13286412390066282,0.8338854392965913,0.9419940952839021,0.6378173265936535,0.8371364463430602,0.6266616115070986,0.6954205655723029,0.9691303022750457,0.3985635556970333,0.0005584176377841092,0.9410764930530671,0.8398119122257053,0.6945562228594421,0.12653040350384118,0.8649207425400323,0.12120306176665416,8.393e-05,2
417,11,37,39,False,True,False,False,True,1.3,0.0,1.0,0.6282843558457925,0.6193514969439553,0.52,0.8503937007874015,0.8473145540814714,0.8333789835522261,0.13350020725044842,0.8326631023732851,0.9426336875821875,0.6394383600112328,0.8386402003910602,0.629716872178346,0.7154400959431177,0.9670104619310873,0.401309114060044,0.0005578807535389828,0.9419646970891481,0.8413331906218373,0.6945122296713495,0.12607932704699903,0.864750424936772,0.1082576978444088,0.00281419,3
418,7,40,39,True,False,False,False,True,1.3,0.0,1.0,0.9090221687575184,0.905376566870403,0.52,0.5551181102362204,0.8399796144157046,0.837162245442967,0.13157359935251545,0.8371313087736056,0.9405230329978457,0.633921417204905,0.8341864149224776,0.6264491781477117,0.6276825401658435,0.9760065328004144,0.3535801683146649,0.0005601009736556241,0.9402292436699465,0.8368552625237743,0.6944460855517617,0.1293792192237537,0.865184374309425,0.12393131937767995,0.00543967,4
419,6,40,39,False,True,False,False,True,1.3,0.0,1.0,0.9829867674858223,0.9843053972858179,0.52,0.4812992125984251,0.8375959203026873,0.8384119201851574,0.13092914224723903,0.8386361185153228,0.9402595209709521,0.6315517644856314,0.8327623071246991,0.625398210473513,0.6033893001188946,0.9783033290283165,0.3463581560989195,0.0005607266910171484,0.9393947926158761,0.8354208999117952,0.6945490321240453,0.13091934115124226,0.8653593535135135,0.1285983418184143,0.00813084,5
420,5,40,39,True,False,False,False,True,1.3,0.025,0.975,0.6344297416509137,0.6493680721019373,0.52,0.40748031496062986,0.8351573915483691,0.8398053931168599,0.13028017619669827,0.8402333739067018,0.939425492613988,0.630102967331274,0.8313611899970877,0.6250020415067487,0.5714002322801919,0.9811268863729281,0.3301931838529337,0.0005617762190534765,0.9382685396594621,0.8340110821827685,0.6946038601658147,0.1324670772411967,0.865535309555444,0.1433841229078883,0.01093712,6
421,4,40,39,False,True,False,False,True,1.3,0.0,1.0,0.9087586641461878,0.9106668047929831,0.52,0.3336614173228346,0.8327027349583743,0.8414453772305837,0.12962734533593095,0.8420617434222353,0.9382998101690057,0.6306196761209398,0.8299840488540792,0.6265478704168174,0.5468688173362909,0.9831907094849046,0.32988480592085634,0.0005611907489192951,0.937620944209524,0.8326557339200195,0.6945147892397463,0.1316639359208693,0.8655888812187706,0.11434291550847686,0.01387646,7
422,3,40,39,True,False,False,False,True,1.3,0.0,1.0,0.5120123732600103,0.5019337684312304,0.52,0.25984251968503935,0.8303093641439506,0.8427292896369438,0.12898449856824887,0.8434227488200341,0.9376525427631409,0.6281194421042778,0.8286601146906002,0.6243006964454452,0.5276521719452856,0.9847585236612955,0.3390665101565762,0.0005607655863380514,0.9375467139010332,0.8313370348660623,0.6944100002263375,0.1325704169518263,0.865732872714468,0.11072322656003407,0.01659224,8
423,2,40,39,True,False,False,False,True,1.3,0.0,1.0,0.683994959042218,0.6762888911909942,0.52,0.18602362204724407,0.827980504672234,0.8439344554157138,0.12834294007064231,0.8447683466095559,0.9375783500565398,0.6246389122905551,0.8273719802849528,0.6216073074275849,0.5232485730776448,0.9851031841687417,0.33328691084893447,0.0005613742362740533,0.9377130921786851,0.830040527076144,0.6943663729499229,0.1344562211781861,0.8659514752362661,0.12616631982947069,0.01921365,9
424,1,40,39,False,True,False,False,True,1.3,0.0,1.0,0.8331397147276164,0.8183656203598191,0.52,0.11220472440944881,0.8256774497376002,0.8452902669168298,0.12769558435769593,0.8463758737397862,0.937744644054094,0.6220006084433212,0.8261055227968915,0.6208293183700611,0.5212572810074377,0.9852637454410518,0.3116507172273839,0.0005624238593963705,0.9377310098393554,0.8287665467815382,0.6943928280401666,0.13573296015517766,0.8661958272329149,0.13175111297691294,0.02188499,10
425,0,40,39,False,True,False,False,True,1.3,0.0,1.0,0.8254900612934639,0.8305000172657896,0.52,0.038385826771653545,0.8233582669672896,0.84681041920596,0.12704210936189086,0.848091254127955,0.937762552638446,0.6204544603575775,0.8248610706645616,0.6208769146416864,0.532695892573561,0.9843674696457416,0.32395599148479004,0.0005639570887365411,0.9368453654690845,0.8275179519480679,0.6945576271626608,0.13670242110442465,0.8664324667167804,0.1401963498373359,0.0246509,11
426,9,41,40,False,False,True,False,True,1.3333333333333333,0.0,1.0,0.03058944835882449,0.02318795538519991,0.5333333333333333,0.7037401574803149,0.8724320453643761,0.8142800732229512,0.14007435680164196,0.8151172604587702,0.9505219925943739,0.6184100907984649,0.8560274968415198,0.6159651660619918,0.3458738762089907,0.9937884115173881,0.6741804773557754,0.0005401781013297342,0.9520711109290905,0.8586716286930802,0.6941270969960059,0.1340242812286943,0.8640912160881993,0.1483094626570358,0.0,0
427,10,41,40,True,False,False,False,True,1.3333333333333333,0.0,1.0,0.48162914590135764,0.48318312096412175,0.5333333333333333,0.7775590551181102,0.872496556707083,0.8144558265656885,0.14007521564835898,0.8151549235012249,0.9511863157948596,0.6196396143405412,0.8560497211560146,0.6164231635188577,0.3395714895417283,0.9936806821719122,0.6882796490460177,0.0005401586633289247,0.9512050906633631,0.8586753272370867,0.6943886141314519,0.13291457459025008,0.8641449691435374,0.14760702975265227,0.00018722,2
428,11,38,40,False,True,False,False,True,1.3333333333333333,0.0,1.0,0.6277917167898264,0.6152577782381988,0.5333333333333333,0.8513779527559054,0.8751963563993639,0.8129356742765581,0.14075606638326874,0.813377912679948,0.953056483675046,0.621301132640644,0.8580420269450654,0.616389916123237,0.26038834929517857,0.9962392388451335,0.7108907148399417,0.0005351615359824758,0.9511615763445925,0.8606952366115508,0.6946937754634789,0.13219175226381197,0.8640119276077662,0.13252469187476865,0.00307389,3
429,7,41,40,True,False,False,False,True,1.3333333333333333,0.0,1.0,0.9059746806438678,0.9091646811008668,0.5333333333333333,0.5561023622047243,0.8674678975430856,0.8179241019460688,0.1386990211401899,0.8195204125130323,0.9507386011860598,0.6192403819151924,0.8521317825213977,0.6236766953255328,0.47458841886871167,0.9846196358357022,0.5811531345124645,0.0005496980409026575,0.9488885931052843,0.8547594097123765,0.6947108383903854,0.13436289093177364,0.8642697452005053,0.15046368280936165,0.00615806,4
430,6,41,40,False,True,False,False,True,1.3333333333333333,0.0,1.0,0.9782551412041015,0.9804205946337926,0.5333333333333333,0.4822834645669291,0.8647971279550227,0.8198345636067326,0.1380188145403179,0.821477178764207,0.9489144839513499,0.6207027520359449,0.8502514741398751,0.6261793492843061,0.5826729744990856,0.9761059373496579,0.532319996816744,0.000553835941892995,0.9470379547246313,0.8528839116698029,0.6947182919331019,0.13371061958386776,0.8643282202741822,0.1652614188111048,0.00944163,5
431,5,41,40,True,False,False,False,True,1.3333333333333333,0.024390243902439025,0.975609756097561,0.6284229821847969,0.6427708139093201,0.5333333333333333,0.4084645669291338,0.8621489373369073,0.8215053616182089,0.1373469816959367,0.8236137004452799,0.9470647830247085,0.6202768417111298,0.8484194461657035,0.6305071102763617,0.6797529980611263,0.9696529491265111,0.4733004396872451,0.0005568004707225849,0.9447316958297926,0.8510783497320796,0.6947954491569199,0.13518172718669896,0.8643253483598834,0.15579038621423513,0.0125677,6
432,4,41,40,False,True,False,False,True,1.3333333333333333,0.0,1.0,0.9097553989803517,0.9132566732276668,0.5333333333333333,0.33464566929133854,0.8594781677488444,0.823552773935551,0.13668674328223518,0.8255756025658805,0.9447596923816881,0.6230422166058224,0.8466557333257426,0.6338769963019564,0.7294598587889835,0.9649846834824949,0.41378349879633136,0.0005584483105045453,0.9431242257010926,0.8493531470686797,0.6946745412086647,0.134981452431042,0.8643021382769099,0.1444484201015595,0.01593066,7
433,3,41,40,True,False,False,False,True,1.3333333333333333,0.0,1.0,0.510683393481125,0.49437135260195453,0.5333333333333333,0.2608267716535433,0.8569073907419771,0.825696051712568,0.13604293031199646,0.8272858470846236,0.9431530365283952,0.6269570813441917,0.8449705172024952,0.6355418158910886,0.7565667604875725,0.9622076866402147,0.38218968227125316,0.0005589799665556316,0.9428221851355088,0.8476876254562938,0.6944506150025023,0.13350005975361634,0.8643249030805059,0.12973805265803537,0.01927017,8
434,2,41,40,True,False,False,False,True,1.3333333333333333,0.0,1.0,0.6750747551125623,0.6704202493180014,0.5333333333333333,0.187007874015748,0.8544882153904709,0.827654446103069,0.13540910143484303,0.8287547057403613,0.9428511489636044,0.629777216137789,0.8433435988500285,0.6353517807771725,0.7490007853592165,0.9631224253471267,0.3690587509698984,0.0005589544304207599,0.9426455681946166,0.8460537095835999,0.6944293005001799,0.13209028075034746,0.8644245248166715,0.12246906380755183,0.02237979,9
435,1,41,40,False,True,False,False,True,1.3333333333333333,0.0,1.0,0.8287071088961449,0.8145481542870956,0.5333333333333333,0.11318897637795274,0.8520851678746416,0.8296368068584887,0.1347746284226518,0.8301259828770113,0.9426746214892777,0.6331557146868858,0.8417475536832147,0.6342696655428658,0.7372736423883923,0.9645973372314964,0.3735650478483177,0.0005581936733308018,0.9425483008938353,0.8444537530695113,0.6944154833545346,0.13072533268489572,0.8645258997260508,0.10578744887418653,0.02549166,10
436,0,41,40,False,True,False,False,True,1.3333333333333333,0.0,1.0,0.8198693933665578,0.8254083359232017,0.5333333333333333,0.03937007874015748,0.8496917970602181,0.83167394787658,0.13414015541046057,0.831266145889507,0.9425774034599383,0.637449920434335,0.8401846807690707,0.6310926144118711,0.730142612219904,0.9653809134594225,0.39552951475240206,0.0005582806401443715,0.9426046135416561,0.8428726255067285,0.6943878676360481,0.12812853871334035,0.864671444368105,0.1214346317494465,0.02862981,11
437,9,42,41,False,False,True,False,True,1.3666666666666667,0.0,1.0,0.03415248897290479,0.02011464484270875,0.5466666666666666,0.7047244094488189,0.9651724764506721,0.0030214738629671667,0.9993558649622425,0.0034050814292097553,0.7663424360109223,0.7857089924802646,0.8023009295346907,0.7974766976586835,0.1424939023516268,0.9999991453104049,0.747478264329626,1.1186118317717022e-10,0.7602489019033676,0.8056940169326069,0.7089638947402104,0.21064066425470943,0.979339675951834,0.7880240197463988,0.0,0
438,7,42,41,True,False,False,False,True,1.3666666666666667,0.0,1.0,0.9068453915334822,0.9153803653441073,0.5466666666666666,0.5570866141732284,0.964933246888134,0.0018462660403456566,0.999790656112729,0.0017384918005844407,0.7637576303361184,0.7682392586352149,0.8023215870623834,0.7654687882782515,0.1424939023516268,0.9999991453104049,0.747478264329626,1.671483230244848e-10,0.7534709068384032,0.8056975510034822,0.7280504650477926,0.22397473887112018,0.9893649280162596,0.9803639587785498,0.00119931,2
439,10,42,41,True,False,False,False,True,1.3666666666666667,0.0,1.0,0.47296786389413986,0.4738423288096965,0.5466666666666666,0.7785433070866141,0.965796086096838,0.004682000575192746,0.9985949804488914,0.005361205696706367,0.7796351893449038,0.8123458415239165,0.8022484892529564,0.8289100687112843,0.1424939023516268,0.9999991453104049,0.747478264329626,8.398402600650848e-11,0.7630357380540397,0.8056777144090791,0.7122772978713245,0.21028604162506614,0.9703297719429402,0.6634501282449159,0.00177376,3
440,6,42,41,False,True,False,False,True,1.3666666666666667,0.0,1.0,0.983846021653205,0.9882937946752305,0.5466666666666666,0.48326771653543305,0.9643929643929644,0.0,1.0,0.0,0.7535957879009603,0.7381915192361697,0.8023267653002909,0.7372697472031358,0.1424939023516268,0.9999991453104049,0.747478264329626,3.2884146749312406e-10,0.7534709068384032,0.8056975510034822,0.694399092473775,0.21414676282273754,0.8593585592962321,0.13306564839118407,0.00312041,4
441,11,39,41,False,True,False,False,True,1.3666666666666667,0.0,1.0,0.6272727272727272,0.6129700611208951,0.5466666666666666,0.8523622047244094,0.9666992448947337,0.00633294074145084,0.9975168594294446,0.007258010672336668,0.79530360167215,0.8320464757090705,0.8021522258800499,0.8509968385809779,0.13387387590533084,0.9999902320793947,0.7396892346258677,6.720055011116308e-11,0.7743129856965875,0.805633444308333,0.7109078173611778,0.20855615951352302,0.9614049099397163,0.5477662234307978,0.00364648,5
442,5,42,41,True,False,False,False,True,1.3666666666666667,0.023809523809523808,0.9761904761904762,0.6340035515838919,0.6408681238993059,0.5466666666666666,0.4094488188976378,0.8902823338913564,0.803455265067996,0.1445210356789618,0.8041230759749164,0.9521687295650259,0.6261256201441543,0.8696554355418243,0.6251801775527583,0.10927619529961109,0.026002138714290135,0.10578357837773311,0.0034647184541136164,0.9516197565245883,0.8726887742464776,0.6943978182529471,0.13052549440124725,0.8629850405336554,0.12042688046280156,0.80392959,6
443,4,42,41,False,True,False,False,True,1.3666666666666667,0.0,1.0,0.909789769147047,0.910476881107773,0.5466666666666666,0.3356299212598425,0.8876954290488127,0.8049651460578753,0.14393487279460243,0.8055713911529513,0.9516442638804319,0.6250449311991014,0.8677652740159445,0.6235251571960196,0.1336399835130708,0.5127110742303767,0.4066808586833257,0.003452098747115819,0.9512511646479437,0.8708511022221525,0.6943734044733504,0.13091067629916459,0.8629321059812869,0.11761872126910619,0.80567757,7
444,3,42,41,True,False,False,False,True,1.3666666666666667,0.0,1.0,0.5181302629317752,0.5041437894954937,0.5466666666666666,0.2618110236220472,0.8851311031762159,0.8063928566537475,0.14336481328618697,0.8070042987227093,0.9512758587166195,0.6231449499204343,0.8659701953331128,0.6215016157067697,0.13288421947639464,0.5127054490439753,0.3964844915743191,0.003374514414903294,0.9537775548024451,0.8691040445259867,0.6939148653083195,0.1327242350142276,0.8628843538715962,0.12217075860580665,0.80734887,8
445,2,42,41,True,False,False,False,True,1.3666666666666667,0.0,1.0,0.6809245574841037,0.6774508788286888,0.5466666666666666,0.18799212598425197,0.8828893340171537,0.8081903340226517,0.14281407782890423,0.8085399236809804,0.9538009691102503,0.624126649817467,0.8642636307304244,0.6200828268452305,0.1457707258792344,0.5126881486427333,0.3845870720012734,0.0005230755243779319,0.9557920117949401,0.8669493064109216,0.6940020450300138,0.13091883933420806,0.8637818811851135,0.11153671533663954,0.80936235,9
446,1,42,41,False,True,False,False,True,1.3666666666666667,0.0,1.0,0.8268327891390272,0.8156704306087917,0.5466666666666666,0.11417322834645668,0.8805669256797077,0.809703638778948,0.1421280740136924,0.8099163366870561,0.9558144056652526,0.6227695871946083,0.8621588348766276,0.6171591558661238,0.22717463349494713,0.9965426077053459,0.7050414818057016,0.0005265967035426366,0.9555897981959476,0.8648278551919152,0.6944125742695431,0.13087224406231912,0.8638674946802506,0.1209304841759569,0.81110678,10
447,0,42,41,False,True,False,False,True,1.3666666666666667,0.0,1.0,0.8278524374176548,0.8325304741185815,0.5466666666666666,0.04035433070866141,0.8779993742399758,0.8111895534039086,0.14144529087366936,0.8115084562090094,0.9556122944989944,0.6210343536459797,0.8600865543992099,0.6156770219666126,0.2632794714068278,0.9961781007559845,0.7226090762588782,0.0005310028850916641,0.9530326920517258,0.8627348155155041,0.6948092609062768,0.13219585052333266,0.863963731009377,0.13741595731045858,0.81285595,11
448,9,43,42,False,False,True,False,True,1.4,0.0,1.0,0.02169903190697131,0.01819814220104299,0.56,0.7057086614173228,0.9872944910538898,0.047423159269048665,0.9179640351495901,0.048898612801668156,0.8917477243306026,0.9747589628381541,0.7813086398938487,0.9803898694602257,0.13938687003021355,0.9994090376550817,0.7842183448394775,9.693307627446652e-13,0.8907799131078781,0.7884998817586688,0.6945902562241927,0.19986716233055568,0.8857495856949097,0.15285076491016109,0.0,0
449,10,43,42,True,False,False,False,True,1.4,0.0,1.0,0.47777968723148306,0.4736178735453573,0.56,0.7795275590551181,0.9871815962041527,0.04746367383831601,0.9176698801490143,0.048912993236059965,0.8906246002548134,0.9747472620050548,0.7809242577845313,0.9800247313960406,0.13875070622255045,0.9993930720313782,0.7578536895927421,1.0432122639866512e-12,0.8888465121993674,0.7881030728176068,0.6948083997389012,0.1993906150438416,0.885814746082221,0.14765688444949226,0.00011994,2
450,11,40,42,False,True,False,False,True,1.4,0.0,1.0,0.6355421893796185,0.6214803687972651,0.56,0.8533464566929133,0.9891846733951998,0.05172865966392304,0.9061591870242862,0.05327026485678629,0.8929348076362202,0.9805087522231584,0.7761039353458562,0.9857957793306191,0.09721170539432525,0.9993141740788518,0.8429063127946996,1.4826124767038657e-12,0.8905691672895187,0.7837872081932836,0.6949258622933352,0.19983462978310806,0.8839598268495389,0.1523811757438864,0.00470214,3
451,7,43,42,True,False,False,False,True,1.4,0.0,1.0,0.9070630692558859,0.9172450706170794,0.56,0.5580708661417323,0.9836076678181941,0.04046789191854175,0.939055163402566,0.041099795078809925,0.8893095984895387,0.9744430403444726,0.7887880687180182,0.9739702056672227,0.13867742956510615,0.9994284472712738,0.6833356544575533,4.833062952671452e-13,0.8871008201169256,0.7950057663663374,0.6948835981875178,0.19873893475176196,0.8905249530789224,0.12681859036583487,0.007872,4
452,6,43,42,False,True,False,False,True,1.4,0.0,1.0,0.9883026866013633,0.9916433578507545,0.56,0.484251968503937,0.9816787786712599,0.03727865350114351,0.9488266919253487,0.037790240820917365,0.8871580099981067,0.9769072357951887,0.7918827935634881,0.975625575996547,0.16020373077892253,0.999604209344052,0.6598094025426258,3.0085386146886664e-13,0.8850579508339391,0.7977100576860787,0.6948881804829401,0.19854848401733086,0.8940623519634977,0.12635802516544936,0.01159514,5
453,5,43,42,True,False,False,False,True,1.4,0.023255813953488372,0.9767441860465116,0.6308609726757175,0.6335543354397597,0.56,0.4104330708661417,0.9798337542698444,0.03386413125350937,0.9580764710675476,0.03443138221653849,0.8851161755450604,0.9775203594495928,0.7945244051437792,0.9774594323444663,0.1328214787961644,0.9997226665139904,0.6395857788034935,1.703978257512351e-13,0.8827688417000277,0.799931268723879,0.6949606169833998,0.19877697416428072,0.8985776522611175,0.12868417507050042,0.01547611,6
454,4,43,42,False,True,False,False,True,1.4,0.0,1.0,0.9232743312138397,0.928830415414897,0.56,0.33661417322834647,0.978004857704106,0.03018460948520249,0.966637025719346,0.031070982851331974,0.8828282259756339,0.9742066835158664,0.7966941332188908,0.9785128498267636,0.08428250493754214,0.9994709967298734,0.6994110976264845,7.973969498641999e-14,0.883035046944271,0.8017142191084715,0.694278531617397,0.19886325730484877,0.9036205939680535,0.12397057815636751,0.01958226,7
455,3,43,42,True,False,False,False,True,1.4,0.0,1.0,0.5191957380993297,0.51246590006561,0.56,0.26279527559055116,0.9763888485692996,0.02642223256960516,0.974379528873192,0.027787107940567685,0.8830942963717207,0.969879715435739,0.798435758593584,0.9808821642304687,0.11044271697047203,0.9994585614419793,0.7255038497503132,1.578743217998548e-14,0.8762698502083569,0.803110819586144,0.6961029667242086,0.2007323673355557,0.9109243337642532,0.15934702056274586,0.02366373,8
456,2,43,42,True,False,False,False,True,1.4,0.0,1.0,0.6806175173282923,0.6622224524327498,0.56,0.1889763779527559,0.974363192408305,0.02206891357044055,0.9812975391787084,0.02383762435223849,0.8763325265942477,0.9551156042310213,0.799799988833103,0.973200265979165,0.09797508506529999,0.999466825959606,0.714989157034001,0.0,0.8629163296440018,0.8041346387699314,0.6983132641745597,0.20162529082971523,0.9184232208365348,0.1761320754289381,0.02846149,9
457,1,43,42,False,True,False,False,True,1.4,0.0,1.0,0.8203024574669187,0.8088400842570531,0.56,0.11515748031496062,0.9722504459346565,0.01781762281050138,0.987107637219282,0.019779773919027854,0.8629857703505476,0.9369933539267996,0.800800078058799,0.961367692864059,0.09896353825196896,0.9994629048696857,0.7498259156835045,5.924637777022353e-14,0.8415525908937329,0.8048407779046739,0.7028098659230848,0.20377543259740724,0.9284721308393089,0.23747276224926736,0.0332086,10
458,0,43,42,False,True,False,False,True,1.4,0.0,1.0,0.8268511198945981,0.828220933043268,0.56,0.04133858267716536,0.9701893085351733,0.01351942645064981,0.9917743955678355,0.015411716972507705,0.8416328535538304,0.9056189740709539,0.8014898503854768,0.9357182020741709,0.11129489681777222,0.9994954840205614,0.7603803991007303,3.2238826848576296e-13,0.8212111826679909,0.805271656095929,0.7017596778467141,0.20303149114291574,0.940101291276718,0.31960195183707363,0.03797434,11
459,9,44,43,False,False,True,False,True,1.4333333333333333,0.022727272727272728,0.9772727272727273,0.019006702182505553,0.0175247764080253,0.5733333333333334,0.7066929133858267,0.9978528474769076,0.0897597428979672,0.7881600894574741,0.09179853011417033,0.8291563692306642,0.99075400168492,0.7021421830626637,0.9961036385483137,0.15983670629103738,0.9998517965119702,0.5613241018907213,1.956928776536127e-11,0.8510940011672077,0.7129806566148459,0.6846878904936163,0.19115343577523344,0.8718889701708964,0.1280984894877377,0.0,0
460,10,44,43,True,False,False,False,True,1.4333333333333333,0.0,1.0,0.47710374061980865,0.4656583445560966,0.5733333333333334,0.780511811023622,0.9980485318831186,0.08993892000712142,0.7883694333447453,0.09151092142633366,0.8321372104565664,0.9919428063278106,0.7019767597168425,0.9942896139802382,0.1547253764737962,0.999560192832933,0.6521695879672917,1.997742738104453e-11,0.8525066807277643,0.7127339749373208,0.6848758820359181,0.19164429953270107,0.8718804781162501,0.13169286325322185,0.00026532,2
461,11,41,43,False,True,False,False,True,1.4333333333333333,0.0,1.0,0.6329208913329896,0.6232362995959806,0.5733333333333334,0.8543307086614174,0.9962454398544626,0.09375641956203182,0.776816871442563,0.09499817676635386,0.8102910400794117,0.9926612374801086,0.6920536580345822,0.9923892628410775,0.18724255646989918,0.9995255940134902,0.6450172094781448,2.4637036548950264e-11,0.8320521352732188,0.7029664564474027,0.6738315048782488,0.18896584050591542,0.8711832593903895,0.12662399094099425,0.0043078,3
462,7,44,43,True,False,False,False,True,1.4333333333333333,0.0,1.0,0.9099501632582918,0.9221140232742844,0.5733333333333334,0.5590551181102361,0.9999967744328649,0.08208479984661526,0.8118320520950653,0.08399046782634595,0.8684420043287605,0.9884887203968923,0.7206024869336357,0.9944191038368662,0.1825115766159271,0.9986365225894098,0.723096512345065,1.2654085853564206e-11,0.8809709324350614,0.7308879419619991,0.6895265507899344,0.1956473934795087,0.8732681029731684,0.14199311865809733,0.00796876,4
463,6,44,43,False,True,False,False,True,1.4333333333333333,0.0,1.0,1.0,0.9954590973445216,0.5733333333333334,0.4852362204724409,1.0000000000000002,0.0784898451088073,0.8236744747642387,0.07985249783009518,0.8810312274543713,0.9889824955536834,0.7292510843932761,0.9916473209598582,0.16201520862625177,0.9984367232870124,0.7341881702246182,9.923119308468443e-12,0.8891692860580124,0.7391962167257126,0.691701081869465,0.1970897790460392,0.8739425496834946,0.14110837688636133,0.01147261,5
464,5,44,43,True,False,False,False,True,1.4333333333333333,0.022727272727272728,0.9772727272727273,0.6235091940195909,0.626337235401775,0.5733333333333334,0.4114173228346456,0.9993355331701196,0.07488804283816541,0.8354524839296359,0.07577975337555021,0.8892254281430844,0.9895113732097726,0.737366790962258,0.989078522182429,0.15308647202520925,0.9984547865566293,0.760410242126415,7.762580942637777e-12,0.8938429798605495,0.7469750953495852,0.6931342411201088,0.19805032463887667,0.8747686212752197,0.1393418657331155,0.01494543,6
465,4,44,43,False,True,False,False,True,1.4333333333333333,0.0,1.0,0.9332416795554792,0.9425567181187195,0.5733333333333334,0.33759842519685035,0.9981582011657198,0.07122427039537654,0.8471950656679567,0.07181588935282907,0.8938967544528414,0.9896166807076664,0.744965371671553,0.9870451814607856,0.15298824063415478,0.9984534243075656,0.7516761832759684,6.127884231563e-12,0.8940221564672517,0.7541921315157417,0.6943297147569848,0.1982747533783939,0.875613963560225,0.12512603568308717,0.01853799,7
466,3,44,43,True,False,False,False,True,1.4333333333333333,0.0,1.0,0.5062038150885031,0.5064228737180152,0.5733333333333334,0.2637795275590551,0.9964067182112296,0.06788096248921513,0.8588345858002364,0.06844829977042663,0.8940758402963613,0.992141720490499,0.7520151322401452,0.9893095040888464,0.08061585018948574,0.9993642431295391,0.8012553966138112,4.7499479602827674e-12,0.8939888808117213,0.7610734407554892,0.6943770899948828,0.19860643139356404,0.8771000921191852,0.13449423693917645,0.02192652,8
467,2,44,43,True,False,False,False,True,1.4333333333333333,0.0,1.0,0.6670286990891906,0.6409458199523465,0.5733333333333334,0.1899606299212598,0.994635881853927,0.06400012325559101,0.8707156565716752,0.06467857161199533,0.8940425814968505,0.9908265468501358,0.758736947320711,0.9887495479520771,0.051263029326915566,0.9993760937235705,0.8083281937011317,3.686896003398211e-12,0.8942448473927245,0.7674588088670911,0.6943063703672797,0.19875545643861223,0.8784705665007827,0.1290532570032313,0.02595972,9
468,1,44,43,False,True,False,False,True,1.4333333333333333,0.0,1.0,0.8238620610643295,0.8152059808695051,0.5733333333333334,0.11614173228346455,0.9929005267351133,0.06007477505854639,0.8825677412664146,0.06113893040383339,0.8942984184161646,0.9889988767200225,0.7649743161370418,0.9898379626929223,0.08055787468049953,0.999538067832634,0.844816266438533,2.7902870245652315e-12,0.895409495336289,0.7734349835190637,0.6940831727523128,0.19927950967372873,0.8802919525007172,0.14152699129182872,0.03009523,10
469,0,44,43,False,True,False,False,True,1.4333333333333333,0.0,1.0,0.8303408374863951,0.8302841948962326,0.5733333333333334,0.04232283464566929,0.9912522619289538,0.05581115873950615,0.8945003428408739,0.05712268051297065,0.895462476399044,0.9842881213142376,0.7708119757306106,0.9872831628189125,0.06376348824966743,0.9993622127956288,0.8310088932216542,2.076088744865269e-12,0.8928805455159775,0.7788525099104168,0.6949691776615559,0.19961640025796382,0.8817972835089606,0.1376664242716397,0.0345843,11
470,2,45,44,False,False,True,False,True,1.4666666666666666,0.0,1.0,0.6708598270034942,0.6515245692185504,0.5866666666666667,0.19094488188976377,0.9884610711678382,0.1073693148358646,0.7325068221952187,0.10861850248319288,0.7368161265949299,0.9844940559767856,0.6493457512146736,0.9847703596551604,0.14140841076288915,0.999798493775975,0.6165336994077817,5.22064054402377e-11,0.751975464749989,0.6606081527117612,0.7456392010888415,0.17994176340450768,0.8689384396412928,0.13041409531173073,0.0,0
471,2,45,44,False,False,True,False,True,1.4666666666666666,0.0,1.0,0.6708598270034942,0.6515245692185504,0.5866666666666667,0.19094488188976377,0.9884610711678382,0.1073693148358646,0.7325068221952187,0.10861850248319288,0.7368161265949299,0.9844940559767856,0.6493457512146736,0.9847703596551604,0.14140841076288915,0.999798493775975,0.6165336994077817,5.22064054402377e-11,0.751975464749989,0.6606081527117612,0.7456392010888415,0.17994176340450768,0.8689384396412928,0.13041409531173073,0.0,0
472,9,45,44,False,False,True,False,True,1.4666666666666666,0.044444444444444446,0.9555555555555556,0.019006702182505553,0.0175247764080253,0.5866666666666667,0.7076771653543306,0.9769027889328642,0.1320090204832532,0.6687803957930682,0.13191823011091763,0.6735307712118652,0.998956285687541,0.572691025099243,0.9887483813767921,0.1449818110482895,0.997216802964219,0.7371658410096225,1.6791877956063254e-10,0.6828586859699598,0.5839782435950744,0.6983869463118333,0.17303833231847066,0.8667659920991222,0.10747187887428364,0.0,0
473,9,45,44,False,False,True,False,True,1.4666666666666666,0.044444444444444446,0.9555555555555556,0.019006702182505553,0.0175247764080253,0.5866666666666667,0.7076771653543306,0.9769027889328642,0.1320090204832532,0.6687803957930682,0.13191823011091763,0.6735307712118652,0.998956285687541,0.572691025099243,0.9887483813767921,0.1449818110482895,0.997216802964219,0.7371658410096225,1.6791877956063254e-10,0.6828586859699598,0.5839782435950744,0.6983869463118333,0.17303833231847066,0.8667659920991222,0.10747187887428364,0.0,0
474,10,45,44,True,False,False,False,True,1.4666666666666666,0.0,1.0,0.48612018101621124,0.4714423840602231,0.5866666666666667,0.7814960629921258,0.9770307364292327,0.1316780563962804,0.6689725627459993,0.13208428988901388,0.6751797254358181,0.9968524758962838,0.5726335484238252,0.9903489226677245,0.20128721204688024,0.9971144714174924,0.7283687802160632,1.6902256964596502e-10,0.6811723781343109,0.5840101855660397,0.6970485975622841,0.17323931276615126,0.8668454501860762,0.11994071174279698,0.00035483,5
475,3,45,44,True,False,False,False,True,1.4666666666666666,0.0,1.0,0.5069485020335681,0.5103076763700405,0.5866666666666667,0.26476377952755903,0.9884460185212066,0.10806776318492445,0.7324069812643663,0.10925021442254851,0.737655510471405,0.9894552092108959,0.6488968857495067,0.9890890213599934,0.16496411677717326,0.9996796845030329,0.6409585579849988,5.342798112005038e-11,0.7547626677860939,0.6603783946749933,0.715054026748428,0.18058681297603268,0.8691325769698299,0.14417304027337546,0.00069861,6
476,11,42,44,False,True,False,False,True,1.4666666666666666,0.0,1.0,0.6254877699490176,0.623374425912497,0.5866666666666667,0.8553149606299212,0.9751470052221932,0.1350299237184842,0.6592815511029364,0.13538665392971044,0.6680958569769285,0.9938945052887767,0.5593367301136176,0.9875771397907165,0.11932639846765171,0.9977166628009231,0.7103535403776136,1.9870379537479866e-10,0.6750151020282792,0.5705542100078117,0.6972723048257109,0.17225297853602514,0.8665038833748128,0.12365798268352106,0.00349409,7
477,4,45,44,False,True,False,False,True,1.4666666666666666,0.0,1.0,0.9340551068339348,0.9406056838979246,0.5866666666666667,0.33858267716535434,0.9863655277189113,0.1117346170174886,0.7214727889984314,0.11332295887709343,0.7228031539575411,0.9893967050453993,0.6369910029844079,0.9916648195891322,0.13756878379266593,0.9997747582821646,0.6113443288303522,6.554609865138575e-11,0.7375225506557864,0.6486271116724928,0.7288809944309852,0.17883893241629464,0.8687543757701737,0.14108903325681496,0.00484223,8
478,1,45,44,False,True,False,False,True,1.4666666666666666,0.0,1.0,0.8201993469668327,0.8114092337442591,0.5866666666666667,0.11712598425196849,0.9926295790957446,0.10089497254139329,0.7543848687526551,0.10163885593372673,0.7726962141252678,0.990721239352242,0.6712815875386188,0.9870241831056568,0.17813804025504051,0.999471622623997,0.6622067922726458,3.650227509973905e-11,0.7896440016791408,0.6823595141682254,0.7049788679691192,0.1844577897346688,0.8699256107508825,0.1273112280033158,0.00770023,9
479,7,45,44,True,False,False,False,True,1.4666666666666666,0.0,1.0,0.910339691814172,0.9172796021962084,0.5866666666666667,0.5600393700787402,0.9806853039935747,0.12448472315424752,0.6891500928037556,0.12569013245407246,0.6905250796932002,1.0,0.5988314170792214,0.9985837776040878,0.13662901204265754,0.9983735201198538,0.6500109424427509,1.1907335225920408e-10,0.700318422426768,0.6107187167621376,0.7000816673654005,0.1757907203527885,0.8677493666873854,0.13577823367869923,0.00842155,10
480,5,45,44,True,False,False,False,True,1.4666666666666666,0.022222222222222223,0.9777777777777777,0.6301151400584293,0.634476328602507,0.5866666666666667,0.4124015748031496,0.9845656612573904,0.11596639230885106,0.7105482587580626,0.11770385549717782,0.7116613026192582,0.9931760741364786,0.6245891786199904,0.9960884730696096,0.1790223358445797,0.9986795918661251,0.6472355410540558,8.021805740180833e-11,0.7226626667622276,0.6364387280146776,0.7058929085255768,0.17810925268976055,0.8684712889382324,0.14741134858610686,0.00943843,11
481,0,45,44,False,True,False,False,True,1.4666666666666666,0.0,1.0,0.8248828550151801,0.8242049103905522,0.5866666666666667,0.04330708661417323,0.994342355244611,0.09724866130733095,0.765518742880295,0.09819268754911176,0.7897505590036685,0.9910956660114201,0.6818474426711216,0.9886725539832714,0.18819375859581444,0.9995181069511831,0.620118178381712,3.018092256093365e-11,0.8101948929547759,0.6928079009866146,0.6990082479486636,0.18630775050796522,0.8704795690418574,0.12038879989999982,0.01170543,12
482,6,45,44,False,True,False,False,True,1.4666666666666666,0.0,1.0,0.9936186057169043,0.9847543078144964,0.5866666666666667,0.48622047244094485,0.9826174187076443,0.12021186266588146,0.699775100251567,0.12173037712689194,0.7004702282576992,0.9966605822334551,0.61186712706396,0.9976493508008539,0.16376476472179374,0.9984230461896644,0.6371485983725602,9.832433646039809e-11,0.7115151685795903,0.6237426351341506,0.7029608016459006,0.17685863527671375,0.8680952918596226,0.13786655294249747,0.01310839,13
483,6,45,44,False,True,False,False,True,1.4666666666666666,0.0,1.0,0.9936186057169043,0.9847543078144964,0.5866666666666667,0.48622047244094485,0.9826174187076443,0.12021186266588146,0.699775100251567,0.12173037712689194,0.7004702282576992,0.9966605822334551,0.61186712706396,0.9976493508008539,0.16376476472179374,0.9984230461896644,0.6371485983725602,9.832433646039809e-11,0.7115151685795903,0.6237426351341506,0.7029608016459006,0.17685863527671375,0.8680952918596226,0.13786655294249747,0.01410955,14
484,5,45,44,True,False,False,False,True,1.4666666666666666,0.022222222222222223,0.9777777777777777,0.6301151400584293,0.634476328602507,0.5866666666666667,0.4124015748031496,0.9845656612573904,0.11596639230885106,0.7105482587580626,0.11770385549717782,0.7116613026192582,0.9931760741364786,0.6245891786199904,0.9960884730696096,0.1790223358445797,0.9986795918661251,0.6472355410540558,8.021805740180833e-11,0.7226626667622276,0.6364387280146776,0.7058929085255768,0.17810925268976055,0.8684712889382324,0.14741134858610686,0.01777879,15
485,7,45,44,True,False,False,False,True,1.4666666666666666,0.0,1.0,0.910339691814172,0.9172796021962084,0.5866666666666667,0.5600393700787402,0.9806853039935747,0.12448472315424752,0.6891500928037556,0.12569013245407246,0.6905250796932002,1.0,0.5988314170792214,0.9985837776040878,0.13662901204265754,0.9983735201198538,0.6500109424427509,1.1907335225920408e-10,0.700318422426768,0.6107187167621376,0.7000816673654005,0.1757907203527885,0.8677493666873854,0.13577823367869923,0.01879893,16
486,4,45,44,False,True,False,False,True,1.4666666666666666,0.0,1.0,0.9340551068339348,0.9406056838979246,0.5866666666666667,0.33858267716535434,0.9863655277189113,0.1117346170174886,0.7214727889984314,0.11332295887709343,0.7228031539575411,0.9893967050453993,0.6369910029844079,0.9916648195891322,0.13756878379266593,0.9997747582821646,0.6113443288303522,6.554609865138575e-11,0.7375225506557864,0.6486271116724928,0.7288809944309852,0.17883893241629464,0.8687543757701737,0.14108903325681496,0.02237398,17
487,3,45,44,True,False,False,False,True,1.4666666666666666,0.0,1.0,0.5069485020335681,0.5103076763700405,0.5866666666666667,0.26476377952755903,0.9884460185212066,0.10806776318492445,0.7324069812643663,0.10925021442254851,0.737655510471405,0.9894552092108959,0.6488968857495067,0.9890890213599934,0.16496411677717326,0.9996796845030329,0.6409585579849988,5.342798112005038e-11,0.7547626677860939,0.6603783946749933,0.715054026748428,0.18058681297603268,0.8691325769698299,0.14417304027337546,0.02657875,18
488,10,45,44,True,False,False,False,True,1.4666666666666666,0.0,1.0,0.48612018101621124,0.4714423840602231,0.5866666666666667,0.7814960629921258,0.9770307364292327,0.1316780563962804,0.6689725627459993,0.13208428988901388,0.6751797254358181,0.9968524758962838,0.5726335484238252,0.9903489226677245,0.20128721204688024,0.9971144714174924,0.7283687802160632,1.6902256964596502e-10,0.6811723781343109,0.5840101855660397,0.6970485975622841,0.17323931276615126,0.8668454501860762,0.11994071174279698,0.02686201,19
489,11,42,44,False,True,False,False,True,1.4666666666666666,0.0,1.0,0.6254877699490176,0.623374425912497,0.5866666666666667,0.8553149606299212,0.9751470052221932,0.1350299237184842,0.6592815511029364,0.13538665392971044,0.6680958569769285,0.9938945052887767,0.5593367301136176,0.9875771397907165,0.11932639846765171,0.9977166628009231,0.7103535403776136,1.9870379537479866e-10,0.6750151020282792,0.5705542100078117,0.6972723048257109,0.17225297853602514,0.8665038833748128,0.12365798268352106,0.0306981,20
490,1,45,44,False,True,False,False,True,1.4666666666666666,0.0,1.0,0.8201993469668327,0.8114092337442591,0.5866666666666667,0.11712598425196849,0.9926295790957446,0.10089497254139329,0.7543848687526551,0.10163885593372673,0.7726962141252678,0.990721239352242,0.6712815875386188,0.9870241831056568,0.17813804025504051,0.999471622623997,0.6622067922726458,3.650227509973905e-11,0.7896440016791408,0.6823595141682254,0.7049788679691192,0.1844577897346688,0.8699256107508825,0.1273112280033158,0.03486282,21
491,0,45,44,False,True,False,False,True,1.4666666666666666,0.0,1.0,0.8248828550151801,0.8242049103905522,0.5866666666666667,0.04330708661417323,0.994342355244611,0.09724866130733095,0.765518742880295,0.09819268754911176,0.7897505590036685,0.9910956660114201,0.6818474426711216,0.9886725539832714,0.18819375859581444,0.9995181069511831,0.620118178381712,3.018092256093365e-11,0.8101948929547759,0.6928079009866146,0.6990082479486636,0.18630775050796522,0.8704795690418574,0.12038879989999982,0.03888986,22
492,9,46,45,False,False,True,False,True,1.5,0.043478260869565216,0.9565217391304348,0.019006702182505553,0.0175247764080253,0.6,0.7086614173228346,0.9573074685856642,0.1715706414312257,0.5710758461492051,0.17321918007556575,0.6324002960885945,0.9890495803301196,0.41545400004817085,0.9921664469616547,0.186520813041179,0.999369470232224,0.692152610601569,9.91514616526908e-10,0.6374271775077046,0.42490722818783666,0.6958032105261744,0.1679212735173754,0.8643716459476453,0.13451417088324946,0.0,0
493,10,46,45,True,False,False,False,True,1.5,0.0,1.0,0.48487139829294834,0.4757070340826687,0.6,0.7824803149606299,0.9574579950519801,0.17174981854037985,0.571173539963265,0.17317124529425965,0.6339835855032567,0.9904450996910981,0.4153790066716734,0.9917628119130668,0.11948522249553857,0.9989678519525373,0.7342578039512164,1.0063728406515403e-09,0.6346699054971383,0.42478114146034207,0.6946003433154824,0.16830289573634366,0.8643627965136009,0.13455179953274582,0.00023401,2
494,11,43,45,False,True,False,False,True,1.5,0.0,1.0,0.6324912642492982,0.6303273593701441,0.6,0.8562992125984251,0.9556484518890535,0.17539612977444224,0.5632764444003571,0.1773004843124868,0.6315477621944666,0.9901502386969953,0.4002527878924561,0.9944995975315267,0.13937882713350458,0.9988941933046327,0.6832361777052702,1.1710452466154236e-09,0.6337980833222415,0.40956835749902204,0.6950435413188316,0.1682542783571323,0.8642574250200392,0.14167087316804067,0.00416974,3
495,7,46,45,True,False,False,False,True,1.5,0.0,1.0,0.9127456034828436,0.9119272074311958,0.6,0.561023622047244,0.9609416075581488,0.16507689779372492,0.5872608125312607,0.16588858244867988,0.6382946934306195,0.9961246840775064,0.4449712835581674,0.9930962074637487,0.1445211933498285,0.9998260366243725,0.772914469888387,7.405422514157504e-10,0.6400953731480818,0.4549562170843593,0.694938731561859,0.16930440175488398,0.8647384401795528,0.13309749117204459,0.00744148,4
496,6,46,45,False,True,False,False,True,1.5,0.0,1.0,0.9927593515495217,0.9848924341310128,0.6,0.48720472440944873,0.9626189024685268,0.16136211123132332,0.5956152439709765,0.16212399015967421,0.6402776853922234,0.9965810165683797,0.45971487189817534,0.9929947154139593,0.15064356801303094,0.999810503624416,0.7447824443427571,6.348793627782693e-10,0.6394958994153723,0.46993700146708905,0.694207034017252,0.16960450500977642,0.8649343731750077,0.1289856176857947,0.01150762,5
497,5,46,45,True,False,False,False,True,1.5,0.021739130434782608,0.9782608695652174,0.6242034713868362,0.6248471977623538,0.6,0.4133858267716535,0.9639800917996406,0.15758912063983344,0.6041500332212646,0.1585237456922895,0.6396785153271897,0.9966395207338763,0.47434843345952643,0.9941566243977555,0.11932887767806327,0.9995787788292749,0.7430018104768914,5.407091261590014e-10,0.6410375861327545,0.484954771289884,0.694828447919809,0.16992160254869543,0.8651989807397072,0.13586324129619762,0.01549215,6
498,4,46,45,False,True,False,False,True,1.5,0.0,1.0,0.9372859025032938,0.9341828101799096,0.6,0.3395669291338582,0.9655928753673114,0.15341897314397618,0.6129618005377884,0.1546358925370681,0.6412194210922189,0.9936768697931293,0.4890181232168545,0.9932501954013602,0.1424758472378493,0.9994579129580932,0.7372818972206194,4.5952904761097544e-10,0.6450045562051419,0.49982459935241846,0.6955853409300992,0.16984730265388673,0.8654067903794934,0.13308105213925767,0.01995322,7
499,3,46,45,True,False,False,False,True,1.5,0.0,1.0,0.5063985793664432,0.5094271211022481,0.6,0.26574803149606296,0.967457253171539,0.14939947137046516,0.621944263639318,0.1508661643786368,0.6451843816677496,0.9915051951698961,0.5035433001902749,0.9931592025291351,0.09148490277272853,0.9990868204301955,0.6857131488371166,3.85954348170629e-10,0.6492909725706212,0.5146103695966233,0.6957606549854903,0.17042739739544682,0.8656605674689567,0.14515873667477186,0.02438399,8
500,2,46,45,True,False,False,False,True,1.5,0.0,1.0,0.7903500028641806,0.6224852377499224,0.6,0.1919291338582677,0.9693055031400896,0.14516427231268575,0.6311553946792513,0.14662907210247084,0.6494686267185844,0.9874567069175326,0.5179863676273846,0.9894704914781676,0.10847723470926429,0.9989857934261694,0.6908859399558323,3.248130695653591e-10,0.6536459879798094,0.5290632708802422,0.6957789409464212,0.1702417126148747,0.8658302454759847,0.14382089173588114,0.0290043,9
501,1,46,45,False,True,False,False,True,1.5,0.0,1.0,0.8196849401386264,0.8203978037915673,0.6,0.11811023622047244,0.9711085951687456,0.14151111354578944,0.6404470425989044,0.14249983308424363,0.6538214360637954,0.9874028830852757,0.5321042813007025,0.9862227458849058,0.1538197474520946,0.9977328088186193,0.7316415653661736,2.749419101362498e-10,0.6607081059496872,0.54315136123231,0.6967310874583778,0.17038315691476075,0.8659949670919055,0.13423142796273355,0.03307637,10
502,0,46,45,False,True,False,False,True,1.5,0.0,1.0,0.8332359511943632,0.8264218377706413,0.6,0.04429133858267716,0.9731632814339582,0.1382277215519248,0.6498031040223334,0.1387917353589202,0.6608799766676728,0.9901759805298137,0.5458658395864305,0.9857712812496355,0.16184039335451642,0.9978802801159978,0.7006147663291089,2.339551972353986e-10,0.667927643366882,0.5569418869074905,0.6970649765572061,0.17117921534670041,0.8662138745107133,0.12674551886215973,0.03692096,11
503,9,47,46,False,False,True,False,True,1.5333333333333334,0.0425531914893617,0.9574468085106383,0.03784155353153462,0.0212369211644049,0.6133333333333333,0.7096456692913385,0.9383250059941789,0.21343759843328447,0.49264703751023775,0.21552162457821672,0.6217715512756881,0.9954265343692472,0.24635214700015529,1.0,0.0421586361429636,0.9980941000892329,0.7235706848642802,4.819099411125381e-09,0.6270310948202603,0.25285208177592866,0.6956643968539364,0.16778608449000615,0.8630870818380274,0.14664812801776986,0.0,0
504,10,47,46,True,False,False,False,True,1.5333333333333334,0.0,1.0,0.48953428424127854,0.4867053420352913,0.6133333333333333,0.7834645669291338,0.9381691035826373,0.2135574302578781,0.49271467168920224,0.2153161898011905,0.6209617421470857,0.9960404380791913,0.24629904950000747,0.998212806663478,0.08537938923058885,0.9982359132399741,0.7217137854883311,4.894880605009296e-09,0.6247949707686165,0.25269293230655765,0.6953574559720888,0.16784548337020058,0.863067072209855,0.14160187654749312,0.00019663,2
505,11,44,46,False,True,False,False,True,1.5333333333333334,0.0,1.0,0.6268751790112849,0.6310266238475086,0.6133333333333333,0.857283464566929,0.936266018972786,0.21760774592914173,0.48633129346502457,0.21911159730675006,0.6190844108331583,0.9979780960404381,0.23056522015208858,0.9980168220156087,0.09351620659018064,0.9983635610120816,0.7042854584883513,5.644079812619349e-09,0.6207696403157604,0.23647649799438042,0.6948095676139698,0.16757380646631365,0.8629429636398042,0.132040472119465,0.00465076,3
506,7,47,46,True,False,False,False,True,1.5333333333333334,0.0,1.0,0.9116572148708254,0.904754998446079,0.6133333333333333,0.562007874015748,0.9422881528144686,0.2055834782727783,0.5059226606384215,0.20684200524885854,0.62839073461013,0.9923242534868484,0.27788658811885947,0.9915703269910523,0.06729594380697633,0.9985459646691535,0.7006247140043371,3.657798883763587e-09,0.6284686031391742,0.28470887415199664,0.6943913314529503,0.168088537250313,0.8632099656623491,0.14609789688779648,0.00879737,4
507,6,47,46,False,True,False,False,True,1.5333333333333334,0.0,1.0,0.9835596035974108,0.9825615525397977,0.6133333333333333,0.4881889763779527,0.9438977108150042,0.20183103027979016,0.5126248857062893,0.2025895053644156,0.6286568050062167,0.9920434334924647,0.29341350143527456,0.9875316433546039,0.10795185059810752,0.9995741370652613,0.6886178700037799,3.198351262429351e-09,0.6241120519305,0.300264614012102,0.6932314817297637,0.16780354945808534,0.8632444790971114,0.1304406941127923,0.01287507,5
508,5,47,46,True,False,False,False,True,1.5333333333333334,0.02127659574468085,0.9787234042553191,0.6175516984590709,0.6163852342967644,0.6133333333333333,0.41437007874015747,0.9449879525067495,0.1983969925635793,0.5193303314493457,0.19901494024415922,0.6243024606394898,0.9942034072825986,0.30860869222499315,0.9882700855099684,0.16341851884115088,0.998778035236652,0.6744722758291388,2.7970556048146135e-09,0.6222030531693783,0.3158354842795068,0.6938698138214598,0.16764117589114244,0.8633698335092973,0.12792083886523128,0.01645037,6
509,4,47,46,False,True,False,False,True,1.5333333333333334,0.0,1.0,0.9348112505012316,0.9241168548637729,0.6133333333333333,0.34055118110236215,0.9464072020462999,0.19470959613251343,0.5261968109518416,0.19552768490413897,0.6223944288952449,0.9946644201067116,0.3238186627312477,0.9897749676275358,0.1825516717743152,0.9989797015438784,0.6805900960945426,2.4512033950614267e-09,0.6215818222772835,0.3313693691068464,0.6941783204081703,0.16726588887475366,0.863490815029033,0.12154691458965833,0.02039755,7
510,3,47,46,True,False,False,False,True,1.5333333333333334,0.0,1.0,0.49373890130033793,0.5002417210539039,0.6133333333333333,0.2667322834645669,0.9479974066440231,0.19120365932154643,0.5332114415130217,0.19227154368827332,0.6217735126920694,0.996592717401479,0.3389925050415254,0.993218697868667,0.1785250131350686,0.9990414785599984,0.6571732686071263,2.1377173886435504e-09,0.6222519427863499,0.3470293406616807,0.6945286073009773,0.1677593676106645,0.8636647188955596,0.12728422680392143,0.02424672,8
511,2,47,46,True,False,False,False,True,1.5333333333333334,0.0,1.0,0.7032972446583032,0.649067647363514,0.6133333333333333,0.19291338582677164,0.9497392128971076,0.18720127638012019,0.540451519337417,0.18872265791514514,0.6224432937468338,0.9948843957689788,0.35428951165626965,0.9948285717618787,0.1383422997280503,0.9983981516786669,0.6623957981019835,1.8578272321736529e-09,0.623145266154051,0.36270276146744773,0.6945778985138568,0.16775208765194802,0.8638132812813152,0.1280114754683238,0.02861169,9
512,1,47,46,False,True,False,False,True,1.5333333333333334,0.0,1.0,0.8144847339176262,0.818077281674091,0.6133333333333333,0.11909448818897636,0.9514939214187335,0.1832091647379449,0.5478687342971956,0.1851275493171861,0.6233361645952403,0.993082467471684,0.3695996557968237,0.9962214626520922,0.17256326679776232,0.9980537192917849,0.6486083202355608,1.6024328208346058e-09,0.6269527690464733,0.37840812424418,0.6953257636201652,0.1677675938085334,0.8639762634345666,0.13111776827801128,0.03297239,10
513,0,47,46,False,True,False,False,True,1.5333333333333334,0.0,1.0,0.8295125164690382,0.822923788804862,0.6133333333333333,0.0452755905511811,0.9535615099524876,0.1792204768621865,0.5554824104434902,0.18139890811416004,0.6271417387700383,0.9911003463446597,0.38494100156117583,0.9967394220786039,0.13000636485043268,0.9989228089012805,0.6734974036567654,1.3716767599179695e-09,0.6313610255045101,0.39408322620631375,0.6955361665021794,0.16796046079546365,0.8641378132876882,0.14012943309338263,0.03745614,11
514,9,48,47,False,False,True,False,True,1.5666666666666667,0.041666666666666664,0.9583333333333334,0.03902159592140686,0.013070202700369515,0.6266666666666667,0.7106299212598425,0.9172136690933684,0.25474534025390655,0.4299082848326488,0.2565743408539581,0.6077943275838249,0.997037349059253,0.07637445889815564,0.9978418357228684,0.06670859267035269,0.9996262312674911,0.7669425488596646,1.9890757694470817e-08,0.6075443590084879,0.07832003165057044,0.6943469608866868,0.16599655375918532,0.8621244434496771,0.11628623083516441,0.0,0
515,10,48,47,True,False,False,False,True,1.5666666666666667,0.0,1.0,0.4782264993985221,0.4819917814841673,0.6266666666666667,0.7844488188976377,0.9172996842169774,0.2547419164874895,0.4300049050883126,0.2566599386777191,0.6084364782513033,0.9969648038940373,0.07648503307372101,0.9987727628002474,0.08497402009600764,0.9996965923132333,0.7583709687046136,1.98855046769584e-08,0.6092542157695892,0.07858397320012589,0.6946094321840116,0.16626130208102335,0.8621535197193713,0.13392052613812955,8.608e-05,2
516,11,45,47,False,True,False,False,True,1.5666666666666667,0.0,1.0,0.6193733172939222,0.6241790117062054,0.6266666666666667,0.858267716535433,0.9152966070259305,0.2584258891521385,0.4248969142388949,0.26014205814831354,0.6070165833491098,0.9962299915754003,0.061074715298867654,0.9963124555243172,0.06260455184712915,0.999203974506055,0.7126315580048941,2.247039412560858e-08,0.6082380284430065,0.06263316159387067,0.6946989733446653,0.16576869466810906,0.8620645058553495,0.12489682144536375,0.00414989,3
517,7,48,47,True,False,False,False,True,1.5666666666666667,0.0,1.0,0.9121842240934868,0.9002952450015539,0.6266666666666667,0.562992125984252,0.921092951168139,0.24683301606431202,0.4405912644338585,0.24900749323349197,0.6097565967549644,0.9941729851165404,0.10763574895939843,0.9988952532051656,0.11040046246085396,0.9996600158118403,0.7588385094403436,1.541186973183772e-08,0.6088037145870235,0.11056797307459965,0.6941924512826328,0.16654550858064512,0.8622941326454038,0.14563799678311784,0.00881213,4
518,6,48,47,False,True,False,False,True,1.5666666666666667,0.0,1.0,0.9860686257661683,0.9921440657481266,0.6266666666666667,0.48917322834645666,0.9228250807198176,0.2425704268751968,0.4460535295540428,0.24467281943823854,0.6090018778429876,0.9901127960310775,0.12330881725044707,0.9950210566838931,0.15760413261349138,0.999447913928762,0.7169687444044324,1.3492155648937326e-08,0.611573272993478,0.12652382814995466,0.6950043034145176,0.16586118756549673,0.8623440284274636,0.1454952355165824,0.01340584,5
519,5,48,47,True,False,False,False,True,1.5666666666666667,0.020833333333333332,0.9791666666666666,0.6222833247407916,0.6173590248282055,0.6266666666666667,0.4153543307086614,0.9249539550291429,0.2386981470576151,0.45158342885319164,0.24039977607609297,0.6117700333099667,0.988647851727043,0.13889484943300623,0.9911713582436043,0.16949547801098963,0.99945372915258,0.7097367845134592,1.1795134195848444e-08,0.6136030879808333,0.1423485530287153,0.6948664347497,0.166036817720247,0.8623890194568878,0.1506412522239735,0.01781641,6
520,4,48,47,False,True,False,False,True,1.5666666666666667,0.0,1.0,0.9303316721086097,0.9156048206084464,0.6266666666666667,0.34153543307086615,0.9269634833544609,0.23489091880195562,0.4571648589553611,0.23598292837002904,0.613798820080128,0.9875315922493683,0.15435279073892005,0.9857852801530547,0.183290128475253,0.9995215608566959,0.7076179296898313,1.0420971554518833e-08,0.6148982788807094,0.15784209010325667,0.6946817879280545,0.16578181781475176,0.8623964460616387,0.1345738279762072,0.02211915,7
521,3,48,47,True,False,False,False,True,1.5666666666666667,0.0,1.0,0.4962020965801684,0.501674781587762,0.6266666666666667,0.2677165354330709,0.9288697935314476,0.23153220394691792,0.4627334063567754,0.2322645589058543,0.6150933548918576,0.9897711317045774,0.16948722047176856,0.9852148248387209,0.1606871888793347,0.9994952361168572,0.673984839742952,9.236250654214692e-09,0.6145143290092046,0.17326838092313412,0.6942649977298553,0.16603081536045974,0.8624564246870388,0.12785191202516097,0.02597528,8
522,2,48,47,True,False,False,False,True,1.5666666666666667,0.0,1.0,0.6765572549693533,0.6660899892952105,0.6266666666666667,0.1938976377952756,0.9305696674117727,0.2281769128582971,0.4683824706379095,0.22881325465181368,0.6147095995128864,0.9923031919872696,0.18455596257556806,0.9866532121650471,0.1794260508593255,0.9991279425744088,0.6843901080317527,8.228274249610787e-09,0.6156994542792493,0.1887568745285757,0.6946406920660987,0.16601344785760852,0.8625474597110561,0.11783885929924706,0.02973658,9
523,1,48,47,False,True,False,False,True,1.5666666666666667,0.0,1.0,0.815306180901644,0.8236161469664007,0.6266666666666667,0.12007874015748031,0.9324469474845415,0.22490721593010038,0.4741668032769726,0.22573686886584587,0.6158941244493109,0.9958157820836844,0.1996854657362378,0.9911328612592014,0.16000365692323626,0.9994696204600535,0.7064142609872073,7.305243659904668e-09,0.6163521690608075,0.20443533880344256,0.6945332784897915,0.16653624922349902,0.862669846916158,0.11833431274708339,0.03350174,10
524,0,48,47,False,True,False,False,True,1.5666666666666667,0.0,1.0,0.821748295812568,0.8150626748161194,0.6266666666666667,0.04625984251968504,0.9342532650803328,0.2214389405497199,0.48013793507698543,0.22257317329964205,0.616546508593562,0.9981863708696059,0.21500053644897044,0.995479520770873,0.10763381826662582,0.9984365814899419,0.7037383363507947,6.4520829902518465e-09,0.6188913575443591,0.22036933884603183,0.6950119769389637,0.16707622464548572,0.8628141179854834,0.12380363722645246,0.03741208,11
525,9,49,48,False,False,True,False,True,1.6,0.04081632653061224,0.9591836734693877,0.03302973019419142,0.025484305397285967,0.64,0.7116141732283464,0.720034750109938,0.8221090857630664,0.12016897379733815,0.8257228308227491,0.8435395208345058,0.8978727885425443,0.8023201866021321,0.9122309585749117,0.5033816669934549,0.9865920668206623,0.5085185258871667,0.0008031466552815619,0.8142275611162874,0.8056951063331401,0.7053205299339345,0.21010007914242915,0.9506678150575053,0.41025395818180993,0.0,0
526,10,49,48,True,False,False,False,True,1.6,0.0,1.0,0.48262588073552154,0.4854276736075141,0.64,0.7854330708661417,0.719769178415795,0.8219504512524136,0.12015308513307349,0.8255139721327724,0.8292094127519353,0.87948633342694,0.8023176685555509,0.8931016903675879,0.5032743009069794,0.9866045859939518,0.5095099775182541,0.0015648147228896777,0.8109377079728471,0.8056934501654818,0.7066357189070693,0.21083062630306423,0.9530055371475237,0.46433037174982167,0.00030934,2
527,11,46,48,False,True,False,False,True,1.6,0.0,1.0,0.6257856447270436,0.6302790151593632,0.64,0.8592519685039369,0.7211981046567513,0.8253262849395364,0.12008480681907116,0.8288831024760026,0.8443257929665313,0.9109636806140597,0.8023094314352527,0.9216272558649573,0.5019498668863083,0.986694983376962,0.511240873007978,0.0005734377513898396,0.8291228537202183,0.8056882384126297,0.700054584051874,0.2048267111344657,0.9370488998971888,0.2899592747932805,0.00342108,3
528,7,49,48,True,False,False,False,True,1.6,0.0,1.0,0.9132038723721143,0.8988639110466522,0.64,0.5639763779527558,0.7175765991555465,0.8170262192032209,0.12022828789873169,0.8200712345089338,0.7991401960734148,0.8206183305251334,0.8023249742942411,0.8300776647495947,0.49601132117104835,0.9871252501229906,0.5162445536478124,0.07184594620794359,0.7790218109123673,0.8056970849322997,0.7138687842024403,0.21833556513570634,0.9686655267819988,0.6587967092345522,0.00564606,4
529,6,49,48,False,True,False,False,True,1.6,0.0,1.0,0.9831929884859941,0.9864290894022584,0.64,0.4901574803149606,0.7168951980982057,0.8153528533669319,0.12024573322267093,0.8181987821141636,0.7876464026770774,0.7932911323286218,0.8023261582754369,0.8003983854598057,0.49601132117104835,0.9871252501229906,0.5162445536478124,0.09558690274440783,0.7592595910677903,0.8056974510699438,0.724606286052674,0.22561910559358567,0.9769084291263808,0.8157784876561832,0.00745006,5
530,5,49,48,True,False,False,False,True,1.6,0.02040816326530612,0.9795918367346939,0.62097725840637,0.6161538727165994,0.64,0.4163385826771653,0.7159839753824717,0.8137265643188758,0.12025566363783638,0.816405507706372,0.7622744157963947,0.7573873209772536,0.8023266188743547,0.76376442178696,0.49601132117104835,0.9871252501229906,0.5162445536478124,0.14266761639653083,0.7534709068384032,0.8056975510034822,0.7280504650477926,0.22728533735120646,0.9893649280162596,0.9803639587785498,0.00930996,6
531,4,49,48,False,True,False,False,True,1.6,0.0,1.0,0.9226900383800195,0.9087157705721882,0.64,0.34251968503937,0.7155243320656854,0.8125453649050247,0.12026129981941677,0.8147748691637263,0.7535957879009603,0.7381915192361697,0.8023267653002909,0.7372697472031358,0.49601132117104835,0.9871252501229906,0.5162445536478124,0.280175084962489,0.7534709068384032,0.8056975510034822,0.694399092473775,0.21414676282273754,0.8593585592962321,0.13306564839118407,0.01057396,7
532,3,49,48,True,False,False,False,True,1.6,0.0,1.0,0.5120123732600103,0.5028315894885873,0.64,0.26870078740157477,0.9080971411798481,0.27319601747490374,0.40546658082493725,0.2749693131801817,0.6078224696449493,0.9941729851165403,0.0,0.9943561087714796,0.09342808910198028,0.5122248989531724,0.3553409068300737,3.5623864178739706e-08,0.6085503076718304,0.0,0.6945794206023178,0.16585157522060057,0.8618396476565041,0.1359289987932183,0.58023531,8
533,2,49,48,True,False,False,False,True,1.6,0.0,1.0,0.6765183021137653,0.6795832038399117,0.64,0.19488188976377951,0.9100357070281881,0.26941617935058,0.4102202974035883,0.2710763241555347,0.6087485992928666,0.9938898249555369,0.015303575377649037,0.9934146825165362,0.09991841306008796,0.9991932317791727,0.6703738336350793,3.178606148268859e-08,0.6095920916565134,0.015617942645669403,0.6946114098620839,0.16573809313811694,0.861881072872705,0.1327902421841221,0.58443974,9
534,1,49,48,False,True,False,False,True,1.6,0.0,1.0,0.8208294666895801,0.827894609620498,0.64,0.12106299212598425,0.9119742728765287,0.26584861474410765,0.41503520681082634,0.26732713947480596,0.6097898555544752,0.9952377609285781,0.030559527224237826,0.9934636786785036,0.08804534696366648,0.9991387761463906,0.6876131548057218,2.837703726768881e-08,0.6094717873634419,0.031192175225807306,0.6943422273131944,0.1658968039342644,0.8619231586847469,0.12661028761211737,0.58844413,10
535,0,49,48,False,True,False,False,True,1.6,0.0,1.0,0.8222374978518645,0.8129113574363755,0.64,0.047244094488188976,0.9137741393380492,0.26230844026897104,0.41991130904665114,0.2638090689182318,0.6096696122023976,0.9969788448937564,0.0457727821119448,0.9953570303659547,0.05299705055762813,0.9990964728715754,0.7357897459363745,2.5240647065507607e-08,0.6068174139184388,0.04685719024974133,0.6937490396481417,0.1662984113521456,0.8619903292342925,0.12976114749508166,0.59237802,11
536,9,50,49,False,False,True,False,True,1.6333333333333333,0.04,0.96,0.0445437360371197,0.03325391070133643,0.6533333333333333,0.7125984251968502,0.7338563052848768,0.8504350465860484,0.11908360625871661,0.8516504116399346,0.8552611156877492,0.9090899872070892,0.8020317265774336,0.9024288097432368,0.4242373057287006,0.9916528753962575,0.46773305745114024,0.00018285771608470057,0.8511289832666115,0.805447436965042,0.6955600043110126,0.19964089861234646,0.8820238696922803,0.151089178657219,0.0,0
537,10,50,49,True,False,False,False,True,1.6333333333333333,0.0,1.0,0.4733803058944836,0.4720121551158535,0.6533333333333333,0.7864173228346455,0.7339358692742152,0.8505834097974501,0.11907963409265046,0.8519072051112171,0.8557159084513166,0.9102826921276795,0.8020268076688116,0.9040876797984159,0.4242417076093707,0.9916536862516283,0.4715397011718361,0.00018419280357389998,0.8529507827458047,0.8054440931450288,0.6952056867688056,0.19971993780180333,0.8824783644840997,0.160723917499659,0.00016835,2
538,11,47,49,False,True,False,False,True,1.6333333333333333,0.0,1.0,0.6209085180729793,0.6240598777582099,0.6533333333333333,0.8602362204724409,0.7354196301564723,0.8532060148728413,0.11894726434239128,0.8549784550277595,0.8574832298899389,0.9110502667789947,0.8019665327003964,0.9089075022456574,0.43209071269155785,0.9911988553357238,0.48820205717923715,0.00019667325916259353,0.8556427832782153,0.805390476025029,0.6948783719767523,0.19996364756269497,0.881458860085084,0.1557321873582883,0.00318155,3
539,7,50,49,True,False,False,False,True,1.6333333333333333,0.0,1.0,0.9084607893681618,0.8973013570910597,0.6533333333333333,0.5649606299212598,0.7308231969886105,0.8455196592667662,0.1193205405967718,0.8460266346188414,0.8496558993435224,0.9100276139661144,0.8021236066011687,0.8943381435120916,0.42177230515392716,0.9917885380949625,0.4503710482860155,0.0001659572134456521,0.846300515004761,0.8055290621501092,0.6954896464427611,0.1982254299119072,0.8839407845803352,0.14893973811999509,0.00577588,4
540,6,50,49,False,True,False,False,True,1.6333333333333333,0.0,1.0,0.9826201523744057,0.9872060499326634,0.6533333333333333,0.4911417322834645,0.7293329849720828,0.8432120407017354,0.11942907735063396,0.8433713901257776,0.8463783725701887,0.9121735467565291,0.8021621816613276,0.8911243452596214,0.42336836924555277,0.9916975004989665,0.4454966874241486,0.0001609891308942466,0.8452349261280447,0.8055616923864911,0.694694130211399,0.19708612479502027,0.8847403277877985,0.12456265354275266,0.00852246,5
541,5,50,49,True,False,False,False,True,1.6333333333333333,0.02,0.98,0.6318267743598556,0.6287337269933354,0.6533333333333333,0.41732283464566927,0.7280814649235702,0.84108930552322,0.11952924034900525,0.8412297325752789,0.8453133234750839,0.9166502855003277,0.8021940555980092,0.8925396343953057,0.42959300171386944,0.9913384027658116,0.45763285120267416,0.00015918210541109888,0.8415950813461796,0.80558904463246,0.695652121990727,0.19661661298642313,0.8860200620656511,0.11605553903095082,0.01098598,6
542,4,50,49,False,True,False,False,True,1.6333333333333333,0.0,1.0,0.9182333734318611,0.9073068821437205,0.6533333333333333,0.34350393700787396,0.7266299597126665,0.8388501622865281,0.11962296199699898,0.839170248935591,0.8416753224824367,0.9208508845829824,0.8022207738769057,0.8956375917219818,0.439941342607566,0.9907243422142504,0.4708831546067682,0.00016202839870040935,0.8417246004361671,0.8056127512908479,0.6942133680087408,0.19558389765894638,0.8895215348459095,0.08579217367149505,0.01365392,7
543,3,50,49,True,False,False,False,True,1.6333333333333333,0.0,1.0,0.5119894598155468,0.49589074208363554,0.6533333333333333,0.2696850393700787,0.7254977856481617,0.8366178665826702,0.11971636157747384,0.837572993544212,0.8418047759636096,0.9257792754844145,0.8022439310652124,0.904822972200511,0.4552192515650775,0.9897828372381308,0.4859737779280979,0.00017111903711149575,0.8408635288576725,0.8056332511434665,0.6945733272279195,0.19558242798149256,0.8943273619949282,0.08297659966493667,0.01614866,8
544,2,50,49,True,False,False,False,True,1.6333333333333333,0.02,0.98,0.670068167497279,0.6791083946268863,0.6533333333333333,0.19586614173228345,0.7242914235395438,0.8341493309960419,0.11980943909042979,0.8358730207643199,0.8409441405670368,0.9285242909295142,0.8022639557747089,0.9147719928605593,0.46979592945884097,0.9888266759651136,0.501492151284245,0.00019099557134900273,0.8451330514288056,0.8056519291269306,0.6927130403823698,0.19548982892989716,0.9027383604689064,0.07907527186214636,0.01888681,9
545,1,50,49,False,True,False,False,True,1.6333333333333333,0.0,1.0,0.8181463023428996,0.8234383093338858,0.6533333333333333,0.12204724409448818,0.723404392577325,0.8315096070885657,0.1199067034811312,0.8340754664653405,0.8452115003811969,0.9297669194046616,0.8022822008421153,0.9256834381306798,0.48612639810419167,0.9877406939762978,0.5080974076358353,0.0002318442515794606,0.8436215687679817,0.8056674359283289,0.6946284870852549,0.19717422186829264,0.9121931197016677,0.11041581626576286,0.02161978,10
546,0,50,49,False,True,False,False,True,1.6333333333333333,0.0,1.0,0.8165114280804262,0.8057926723989088,0.6533333333333333,0.04822834645669291,0.7222399628414666,0.8285138114737258,0.1199994589265683,0.8317489176155186,0.8437007833726468,0.9244992043433493,0.802297348228733,0.9296601766194982,0.49569586480182204,0.9871128251845316,0.5111314485804666,0.00032381439548482676,0.8442468951253725,0.8056798058432512,0.6937732675557394,0.19891188595711087,0.9246208030884026,0.1680442499256689,0.02480887,11
547,9,51,50,False,False,True,False,True,1.6666666666666667,0.0392156862745098,0.9607843137254902,0.04882855015180154,0.024103042232121452,0.6666666666666666,0.7135826771653542,0.747995041228124,0.8785156374824816,0.11773843758819955,0.8796580195745103,0.8534702572525501,0.9085400480514213,0.8011786550238993,0.9068157161022387,0.40191427383325123,0.9928610423251252,0.5163108714826676,0.00038949620886158485,0.8572640756022895,0.8046263181666877,0.6930567599964901,0.19925748786272296,0.8708112484322371,0.14377901895758233,0.0,0
548,10,51,50,True,False,False,False,True,1.6666666666666667,0.0,1.0,0.47832960989860795,0.4756379709244104,0.6666666666666666,0.7874015748031495,0.7481315902368534,0.8785213437598434,0.1177288829184728,0.8794919597964139,0.8548693440853061,0.9086515959936348,0.8011666232398451,0.9054277248282219,0.4050552012118036,0.9926948876628212,0.520959751706026,0.00039015962725867534,0.8545623483398008,0.8046142810871029,0.6944222406115326,0.19942563200121124,0.8706162340022117,0.14459854934365313,0.00013667,2
549,11,48,50,False,True,False,False,True,1.6666666666666667,0.0,1.0,0.6137709801225869,0.615447701923409,0.6666666666666666,0.8612204724409448,0.7491444183173508,0.8809898793464714,0.117595546965657,0.8823269597193759,0.8526090249031656,0.908459702330806,0.8010445099374434,0.9081365126398433,0.40546591247117175,0.9926745786341327,0.5065455703002208,0.00041686721764797085,0.8547957898616757,0.8045098812767373,0.6935942843953767,0.19924003895167586,0.8715700026231789,0.1463888208871303,0.00272818,3
550,7,51,50,True,False,False,False,True,1.6666666666666667,0.0,1.0,0.9026407744744228,0.8988535515729135,0.6666666666666666,0.5659448818897638,0.7457704750937835,0.8737383420753502,0.11795529638424462,0.8740017153803878,0.856675552735664,0.9104909669568474,0.8013588416643492,0.9005421075349098,0.41331628910444745,0.9922481692901592,0.5471022422059963,0.0003415273177111491,0.855704727190818,0.804783032200869,0.6946515821991162,0.19943029974432044,0.869226980804248,0.1363101628073648,0.00526984,4
551,6,51,50,False,True,False,False,True,1.6666666666666667,0.0,1.0,0.9913158045483187,0.9983942815704963,0.6666666666666666,0.49212598425196846,0.7443802556584511,0.8714307235103194,0.11805062836983271,0.8715108187089451,0.8557778209857907,0.9122999157540017,0.80143344310466,0.8997532693272361,0.42067408577437365,0.9918476343813176,0.5675646101506076,0.0003199753451296216,0.8563088083219855,0.8048582639482741,0.694139661154636,0.19904660617742373,0.8701713964567529,0.12305045919618003,0.00795378,5
552,5,51,50,True,False,False,False,True,1.6666666666666667,0.0196078431372549,0.9803921568627451,0.6317729277653663,0.6246123830242758,0.6666666666666666,0.4183070866141732,0.7431545401470214,0.8691402237773727,0.11815207963827956,0.8693434818113184,0.856381596115372,0.9144505288776561,0.8015069311396583,0.9015986747704763,0.4268827970692842,0.9914958187943848,0.5785070529017367,0.0002999720300577742,0.8551927940288117,0.8049346069400376,0.6946985981203846,0.19908126804072737,0.8715113623620141,0.11106287123676517,0.01055125,6
553,4,51,50,False,True,False,False,True,1.6666666666666667,0.0,1.0,0.9136392278169216,0.9123070548016161,0.6666666666666666,0.34448818897637795,0.7417417417417417,0.8667264684534162,0.1182622267297361,0.8674432101238259,0.8552661471471623,0.9158195263502762,0.8015815046627268,0.905889338668471,0.43223745576203254,0.9911880114414457,0.5826452857967093,0.00028099552002310653,0.8570987211909614,0.8050149695766735,0.6937158597602487,0.19887097275460827,0.8735583287600156,0.10592415391387716,0.01334497,7
554,3,51,50,True,False,False,False,True,1.6666666666666667,0.0,1.0,0.5194248725439652,0.5009150868469215,0.6666666666666666,0.27066929133858264,0.7406547256171316,0.8642202714362015,0.11838590065698554,0.8655994330000154,0.8571711088483756,0.9165941215014509,0.8016600046638216,0.9112001726531422,0.43906912695900463,0.9907911251210821,0.5778604540118972,0.00026266192622591836,0.8572466698747812,0.8050952010831129,0.6942945349375609,0.19925655985440371,0.8753355345337238,0.10963089641833659,0.01606978,8
555,2,51,50,True,False,False,False,True,1.6666666666666667,0.0196078431372549,0.9803921568627451,0.670068167497279,0.6791083946268863,0.6666666666666666,0.19685039370078738,0.7393612731958596,0.8616079376600609,0.118517626272207,0.863575900446307,0.8573189825877391,0.9165566788355332,0.8017383765740397,0.9155982781348795,0.4413088616282389,0.9906652116672814,0.5633865865547221,0.00024461033222577936,0.8599972867542415,0.8051815385494758,0.6934636919983835,0.19948797925334966,0.8784328942293428,0.12751576884583113,0.01898453,9
556,1,51,50,False,True,False,False,True,1.6666666666666667,0.0,1.0,0.8302927192530217,0.831596394903139,0.6666666666666666,0.1230314960629921,0.7383290917125503,0.8588655007600761,0.11866642146592896,0.8610798679054383,0.860068206122689,0.9154053168585603,0.8018227129209755,0.9165866007162773,0.4405575139987737,0.9907081312426445,0.5386765612876272,0.00022728999368435725,0.8589967133891,0.805258389250462,0.6946468542285954,0.20020280503949917,0.8789464464124457,0.14219003090581,0.02189882,10
557,0,51,50,False,True,False,False,True,1.6666666666666667,0.0,1.0,0.8221790685684826,0.8080544908318658,0.6666666666666666,0.049212598425196846,0.7368937143373233,0.8560443172325012,0.11880780910671676,0.8582294603741993,0.85906813960509,0.9134325563980156,0.8018977823856432,0.914649502455641,0.4376544614572855,0.9908780392214513,0.515597954757973,0.00021103876046905988,0.8574110004197852,0.8053287708617495,0.6948570910040869,0.20030480410730336,0.8804871249689398,0.16104638679796748,0.02506391,11
558,9,52,51,False,False,True,False,True,1.7,0.038461538461538464,0.9615384615384616,0.043867789425445336,0.04243931074968055,0.68,0.7145669291338582,0.7619778747598296,0.9072638628302223,0.11620324908154395,0.9076228285972057,0.8554056635471616,0.9129317607413648,0.7994525209817234,0.9064663268044003,0.3527656966550775,0.9951638943224794,0.548723713268209,0.0007606475660249479,0.8574313071018782,0.8029279299473349,0.6936569308260877,0.1988329696206771,0.8669770633855174,0.12566792388963663,0.0,0
559,10,52,51,True,False,False,False,True,1.7,0.0,1.0,0.47631322678581656,0.46619358403259786,0.68,0.7883858267716535,0.7621208749028299,0.9073768471219819,0.11620163874394959,0.9077700568540745,0.8567453962146367,0.9139450528877656,0.7994464941417582,0.9076329020893363,0.3512427144254899,0.9952226678520724,0.543063486063307,0.0007611857317117071,0.8548195947537091,0.8029169856193884,0.6949486317585748,0.19931227805491428,0.8667645541039096,0.13660046817482324,0.00018225,2
560,11,49,51,False,True,False,False,True,1.7,0.0,1.0,0.620828321017357,0.6217773403777755,0.68,0.8622047244094487,0.763378846085613,0.9096878894534299,0.11607603241158684,0.9103739426528819,0.8563854336691618,0.9120144154263784,0.7992669534296605,0.908406341503249,0.3415032743681611,0.9956303008777079,0.5515687483835028,0.0008038344543820061,0.8566727928001721,0.8027489372289836,0.6942291350311596,0.19920935390110328,0.8669687134537938,0.13670347521227144,0.00279975,3
561,7,52,51,True,False,False,False,True,1.7,0.0,1.0,0.9032250673082431,0.9019354950101868,0.68,0.5669291338582676,0.7594017218077368,0.9025253701091496,0.11644351145062756,0.9028498939442962,0.8553608068073086,0.9164420106711598,0.799773602112514,0.9082159564167473,0.3685006323967538,0.9944987835929515,0.5188110538567134,0.0006828243214110607,0.8532374653165283,0.8032446429952378,0.6950522801926249,0.1988107238455201,0.8674250755769577,0.12526803707955056,0.0053935,4
562,6,52,51,False,True,False,False,True,1.7,0.0,1.0,0.9882110328235092,0.993611657861114,0.68,0.4931102362204724,0.7579050586569385,0.900022596858352,0.11656686331035812,0.9005284809638998,0.8533118089205216,0.917312552653749,0.7999307104992915,0.9097778840657482,0.37076120193710627,0.9943963738957615,0.5125539661381133,0.0006459976891051473,0.8530603364424741,0.8034062861798859,0.6944162188858601,0.19856862064340006,0.868036654892588,0.12037254977627652,0.00830805,5
563,5,52,51,True,False,False,False,True,1.7,0.019230769230769232,0.9807692307692307,0.6304680071031677,0.6202234193169653,0.68,0.4192913385826771,0.7566309596384784,0.8973897204837096,0.11669601238542854,0.8983149212414423,0.8531347697723561,0.9172025648226154,0.8000886071376176,0.9123666312805497,0.3715926420515425,0.9943559073162689,0.5107136462208781,0.000609869406483627,0.8516571276454147,0.803569896317483,0.6948227907966854,0.19884403547742105,0.8687695022148223,0.12580644880009162,0.0112289,6
564,4,52,51,False,True,False,False,True,1.7,0.0,1.0,0.9126424929827576,0.9183500811492109,0.68,0.34547244094488183,0.7552310635017402,0.8945616894233008,0.11683192487839539,0.8959164702196609,0.851732271780676,0.9154591406908172,0.8002484251390934,0.9138155177844403,0.37374975776119734,0.994254459405215,0.5065455703002208,0.0005749880610006976,0.8512882798021891,0.8037419794831676,0.6944979204392575,0.19863776240763037,0.8700434249126067,0.12566787637706242,0.01438279,7
565,3,52,51,True,False,False,False,True,1.7,0.0,1.0,0.5241908689923813,0.5152456921855036,0.68,0.2716535433070866,0.753953738916145,0.8918500664210685,0.11698072007211735,0.8935026115896028,0.8513636107799443,0.9144996723766732,0.8004165197818294,0.9152630043979888,0.3838965054204497,0.9937412356194315,0.5055706981278472,0.0005405067644303355,0.8513251389898535,0.8039143988801256,0.6943501267536256,0.19900212152868804,0.8710355733592656,0.13700173710409458,0.01737734,8
566,2,52,51,True,False,False,False,True,1.7,0.019230769230769232,0.9807692307692307,0.6795188176662657,0.6876238820401257,0.68,0.19783464566929132,0.7527247978375798,0.8889295936674018,0.1171362786837358,0.8907908725328566,0.8514004512963256,0.9116797715997379,0.8005849428627105,0.9144104711797576,0.3900852914259228,0.9934400145982676,0.5038298549628952,0.0005072183452610144,0.8512155852931842,0.8040817916195475,0.694398613934667,0.19906439461598277,0.8717080538426571,0.1418382074124056,0.02053691,9
567,1,52,51,False,True,False,False,True,1.7,0.0,1.0,0.8275568539840752,0.8262819848751684,0.68,0.12401574803149606,0.7514797289233379,0.8861905805338335,0.11729344763294869,0.8879712802181716,0.851290953094859,0.9100276139661144,0.8007484557933203,0.9125703153252995,0.39576163075063775,0.9931628222091664,0.49969162206792284,0.00047538330174191386,0.8515445023497733,0.8042393159710975,0.6942407080398559,0.19911298435535218,0.872075604039389,0.14382123790014667,0.02354346,10
568,0,52,51,False,True,False,False,True,1.7,0.0,1.0,0.8192965572549693,0.80422839186436,0.68,0.05019685039370079,0.7502798179489908,0.8835337377942727,0.11744739590697273,0.8851208726869331,0.8516197035361778,0.9088458298230835,0.8009023290643672,0.910282894506597,0.3994520961083994,0.9929852535929622,0.49532459264269924,0.0004453453410004264,0.8525343251185126,0.8043848704893173,0.6940201212940493,0.19914185393612735,0.8722206011684308,0.14334269817946027,0.02645682,11
569,9,53,52,False,False,True,False,True,1.7333333333333334,0.03773584905660377,0.9622641509433962,0.04731626281720802,0.04166235021927567,0.6933333333333334,0.7155511811023622,0.7764337914713855,0.9355555859890348,0.11485217583984744,0.9356218767494053,0.8579836469041173,0.9145035726543731,0.79722174172938,0.9027519510971641,0.3719337689782636,0.9943360477347558,0.623712605030871,0.001348473861699156,0.8555533656192515,0.800633964065843,0.6951389948524508,0.19938075525295265,0.8633981769132074,0.12021712261000746,0.0,0
570,10,53,52,True,False,False,False,True,1.7333333333333334,0.0,1.0,0.4841496247923469,0.47087261300459277,0.6933333333333334,0.7893700787401574,0.776381107208175,0.935318204850792,0.11484992136721528,0.9357605452238984,0.8573051673940961,0.9128147524103717,0.7972145598819373,0.9039616896676427,0.3712981474806727,0.9943681790955838,0.6186061317470106,0.0013505661532207185,0.8559292098823579,0.800643188010441,0.6947659866765902,0.1992660013349727,0.863827318462637,0.11978456650990638,0.00024316,2
571,11,50,52,False,True,False,False,True,1.7333333333333334,0.0,1.0,0.6139313742338317,0.6147000932352636,0.6933333333333334,0.8631889763779527,0.7777939056134544,0.9376395184814912,0.11475974246192922,0.9381333168985513,0.858214667642258,0.9110923897781522,0.7970364642976787,0.9033901844355525,0.36943957759506163,0.9944514616586053,0.6291506674890077,0.0014120661442983528,0.857232847679407,0.8004640439880166,0.6946524518577781,0.19964870390990722,0.8637110253744502,0.13010583686836852,0.00248851,3
572,7,53,52,True,False,False,False,True,1.7333333333333334,0.0,1.0,0.9034885719195738,0.9020511758002694,0.6933333333333334,0.5679133858267716,0.7735813149346984,0.9304735753707938,0.11503897500079716,0.9316364420750967,0.8553687377518073,0.9152625666947487,0.7975706196751965,0.9106612148715018,0.36764627232320335,0.9945359440871715,0.5763086166762825,0.0012340407459088961,0.8545815458333761,0.8010264076042064,0.6945819952474804,0.19919625652428294,0.8647099165919855,0.11016093299362244,0.00582782,4
573,6,53,52,False,True,False,False,True,1.7333333333333334,0.0,1.0,0.995772469496477,0.9895887288925722,0.6933333333333334,0.49409448818897633,0.7722233511707196,0.9278030375655653,0.11514622348458375,0.9296642682156449,0.8546552085838401,0.9145979593747076,0.7977638891017653,0.9153739457075862,0.3626423501815428,0.994759150942873,0.5561645743389769,0.0011762753422948952,0.854019955154655,0.8012440669189895,0.6945496185021294,0.1992149612324675,0.8654881445171921,0.11606836160909473,0.00882212,5
574,5,53,52,True,False,False,False,True,1.7333333333333334,0.018867924528301886,0.9811320754716981,0.6393229077161025,0.6306467764770883,0.6933333333333334,0.4202755905511811,0.7708911919438235,0.9250948383297499,0.1152673208716822,0.9274661161014643,0.8540939023828649,0.9135519048956287,0.7979765035350891,0.9188096265792514,0.3567176928980616,0.9950139181146729,0.5395718520581738,0.0011185356171503204,0.8559013095250285,0.8014806056197694,0.6937191886997773,0.19920957582530335,0.8663276653424697,0.12239449471182119,0.0118384,6
575,4,53,52,False,True,False,False,True,1.7333333333333334,0.0,1.0,0.9126081228160623,0.9164335785075451,0.6933333333333334,0.3464566929133858,0.7698170780877548,0.922410605458853,0.1154022671620924,0.925067665079683,0.855974303739824,0.912569034915286,0.7982075597702684,0.9209633578703001,0.3457328017398953,0.9954561299648668,0.5342398981358056,0.001060456627540106,0.8559238345841568,0.8017115124467213,0.6943426866938026,0.19969152667504636,0.8665106636366975,0.13543397038119798,0.01471637,7
576,3,53,52,True,False,False,False,True,1.7333333333333334,0.0,1.0,0.5093544137022398,0.511999723747367,0.6933333333333334,0.2726377952755905,0.7685268512336182,0.919692134923787,0.11553785758754037,0.92230456732868,0.8559968173887236,0.9111859964429467,0.7984331146665148,0.9204034017335309,0.337467451302789,0.9957963102777208,0.5389252531683346,0.0010033941077375167,0.8570511114068948,0.8019445039075677,0.6939793801487967,0.19962699946681062,0.8669748833426172,0.14427338929017774,0.01772481,8
577,2,53,52,True,False,False,False,True,1.7333333333333334,0.018867924528301886,0.9811320754716981,0.685963223921636,0.6929123933837494,0.6933333333333334,0.19881889763779526,0.7673527447963538,0.917131157643901,0.11567827902577155,0.9193257630617999,0.8571235231813831,0.9109168772816625,0.7986607058792616,0.9179906907292262,0.32998252410768436,0.996105513245447,0.5473509340867038,0.0009481423139879626,0.8556061800571318,0.8021634577127531,0.6948097774949092,0.1998739641324814,0.8669290060389578,0.15316037261680324,0.02054081,9
578,1,53,52,False,True,False,False,True,1.7333333333333334,0.0,1.0,0.8343564186286303,0.8325373804344073,0.6933333333333334,0.12499999999999999,0.7658980140183148,0.9145496377655129,0.1158141915187384,0.9161569316261704,0.8556793237718547,0.9104675652906488,0.7988745847994446,0.9137084261732831,0.3253634208311022,0.996290641920027,0.5548813242345267,0.0008969224779803456,0.8571250857488047,0.8023728289266489,0.6938238843312323,0.1994921951907932,0.8670550358833187,0.1464160785312192,0.02350005,10
579,0,53,52,False,True,False,False,True,1.7333333333333334,0.0,1.0,0.8204765996448415,0.8068735108256501,0.6933333333333334,0.051181102362204724,0.7647690655209451,0.9120982210109696,0.11594849367411086,0.9132243501841211,0.8571974600510649,0.9110268651127961,0.7990791032324881,0.9108725983131322,0.3295919083905059,0.9961137866784955,0.5584525396414861,0.0008487004086338484,0.8563126478207006,0.8025651364034236,0.6946062336514529,0.1996136360887393,0.8668892341378213,0.14471890883899036,0.02619759,11
580,9,54,53,False,False,True,False,True,1.7666666666666666,0.037037037037037035,0.9629629629629629,0.04851921865154385,0.05920439241686537,0.7066666666666667,0.7165354330708661,0.7900994442347825,0.9622039012677064,0.1136535478904202,0.9625851912340979,0.8546475334762608,0.9122180099223065,0.7945614748624391,0.9022100768773114,0.35540072645108667,0.9950773237689292,0.6986849173348189,0.00220758068098225,0.8517522618913542,0.7979634471775066,0.6953204120826008,0.19983103848180592,0.8628889048789982,0.11014374123327585,0.0,0
581,10,54,53,True,False,False,False,True,1.7666666666666666,0.0,1.0,0.4838288365698573,0.47244379985496743,0.7066666666666667,0.7903543307086613,0.7898091431926019,0.9619311412098221,0.11365505087217495,0.9625184249315646,0.8519591991281077,0.9099925114668165,0.7945621426866677,0.9020564389122852,0.34835138626354156,0.9953710819439814,0.7038676561287627,0.0022048305201691812,0.8528519796455375,0.7979916850006108,0.6940024450828369,0.1993321407993454,0.863359637518163,0.12097502324377377,0.00039834,2
582,11,51,53,False,True,False,False,True,1.7666666666666666,0.0,1.0,0.6078936816176892,0.6100642287371802,0.7066666666666667,0.8641732283464566,0.7912477461349642,0.964498966022542,0.11356905884463431,0.9645060063992932,0.8536551420662412,0.9103716184592343,0.7943456855270445,0.8988450904679134,0.34437575453401875,0.9955275520993911,0.7239520124146985,0.0022960619475901225,0.8518841700027645,0.797748690659383,0.6949256721909552,0.19933295255131725,0.8628894835614895,0.11623375129841106,0.0025663,3
583,7,54,53,True,False,False,False,True,1.7666666666666666,0.0,1.0,0.9040270378644669,0.9059256189785558,0.7066666666666667,0.5688976377952756,0.7872996519613061,0.9563367068845094,0.11385215619372877,0.9580553544006696,0.8517903467613603,0.9050617803987644,0.7950405785328448,0.905434374307346,0.3459345662435261,0.9954760842984132,0.7104032787537551,0.002023778835368643,0.8520472207148635,0.7985074469623185,0.6942248211628279,0.2001296872585031,0.864076943494066,0.13479733176226164,0.00650099,4
584,6,54,53,False,True,False,False,True,1.7666666666666666,0.0,1.0,0.9920146646044566,0.9795573051555648,0.7066666666666667,0.4950787401574803,0.7860965154198238,0.9534847094591818,0.11396326948774196,0.9555387783820983,0.8521221672457108,0.9016638584667229,0.7953033126271328,0.9050581537779541,0.3439898929343609,0.9955614153782717,0.7036289119232833,0.0019371674915051825,0.8512759934063009,0.7987758099531181,0.694595497420774,0.20000647397907018,0.8642188776076325,0.13097826074314267,0.00959415,5
585,5,54,53,True,False,False,False,True,1.7666666666666666,0.018518518518518517,0.9814814814814815,0.6332176204387925,0.6272402361960012,0.7066666666666667,0.421259842519685,0.7847740328943338,0.9510127501061367,0.11407631518686842,0.9531197838826149,0.8513513306078172,0.9009992511466817,0.7955654555327594,0.9054025268020671,0.3439048504141501,0.9955674837018411,0.6931540099078843,0.0018525831700011636,0.8537015327278871,0.7990626656639502,0.6935245937269342,0.19971283909012458,0.8647553751289192,0.13608047883111665,0.01239362,6
586,4,54,53,False,True,False,False,True,1.7666666666666666,0.0,1.0,0.9169502205419029,0.9198867364204566,0.7066666666666667,0.34744094488188976,0.7837934604851898,0.9487017077746887,0.11419966704659898,0.9505723926474892,0.8537756412552381,0.901577272301788,0.7958456625363745,0.9047095810828152,0.34629933340014596,0.9954661828662861,0.6843602650060678,0.0017723019585591886,0.8538945315299635,0.7993334831430451,0.6942954775700335,0.19998459730562088,0.864682164034221,0.13224495268712141,0.01490217,7
587,3,54,53,True,False,False,False,True,1.7666666666666666,0.0,1.0,0.5078421263676461,0.5111709658482683,0.7066666666666667,0.27362204724409445,0.7825516171380833,0.9464351744066613,0.11431915409610302,0.9481277188008772,0.8539685422924009,0.9026256669474867,0.7961102030404613,0.9047967242566,0.3509619337138007,0.9952728869123417,0.6623062690249286,0.0016951059617466256,0.8564334640469341,0.7996011400481706,0.6935132367052335,0.1997741354229579,0.8648286070861666,0.1317414395144345,0.01748206,8
588,2,54,53,True,False,False,False,True,1.7666666666666666,0.018518518518518517,0.9814814814814815,0.6838471673254282,0.6862823301909596,0.7066666666666667,0.1998031496062992,0.781548465758992,0.9442371163669729,0.11443960734816372,0.9456933166931163,0.856506188695078,0.9043480295797062,0.7963716562259828,0.9049822097269047,0.3573535094239916,0.9949957907794094,0.6410580347372818,0.0016204826867778892,0.856989423460873,0.7998455969954372,0.6941671741596834,0.1997718156872674,0.8645569015050383,0.13168191780400204,0.01989785,9
589,1,54,53,False,True,False,False,True,1.7666666666666666,0.0,1.0,0.827491550667354,0.827697779619462,0.7066666666666667,0.1259842519685039,0.7803098479790209,0.9421794327503801,0.1145523309797713,0.9432589145853556,0.8570618664838284,0.9074417298511654,0.7966104471794826,0.905177494429603,0.36245344967092946,0.9947696571057723,0.6309511967053301,0.001546862361638745,0.8590530260369207,0.8000811774370883,0.6936736118327559,0.19979618292486404,0.8645466949923876,0.1401491511451206,0.02228936,10
590,0,54,53,False,True,False,False,True,1.7666666666666666,0.0,1.0,0.8151927593515496,0.8029196450153666,0.7066666666666667,0.05216535433070866,0.7792196062872755,0.9399300182144372,0.1146631222062656,0.9406190777005685,0.8591244237273391,0.9093162033136759,0.7968405673659479,0.9037461065549866,0.3669516423652275,0.9945640835253102,0.6314386327915165,0.0014776186447505411,0.8581428088748734,0.8002817225800594,0.6946405887939444,0.19997101131413428,0.8639666559787385,0.1348106603803042,0.02478904,11
591,9,55,54,False,False,True,False,True,1.8,0.03636363636363636,0.9636363636363636,0.062118347940654184,0.060136745053351426,0.72,0.71751968503937,0.8050230681809629,0.9896796267638104,0.11256657001420428,0.9917483697894465,0.8589878068124254,0.9142773565477862,0.7915320982599346,0.9177739410412851,0.19078250084014703,0.9996334938281404,0.8425614600534521,0.003502912763965974,0.8581757432416292,0.7949664497227773,0.6945883739659082,0.20046768781728877,0.8631274122544685,0.1306324216844884,0.0,0
592,10,55,54,True,False,False,False,True,1.8,0.0,1.0,0.49061121613106484,0.4846679788666736,0.72,0.7913385826771653,0.804882218416053,0.9896944630849502,0.11257129367114782,0.991453913275709,0.8577743723041183,0.9141205653842553,0.791543648334709,0.9156686226245612,0.1915420702375895,0.9996171766448394,0.8250800787855874,0.003502974585830465,0.8596087294842786,0.794983037132261,0.6937388198323139,0.20004106019245352,0.8631979604226265,0.1260436194781599,0.00014163,2
593,11,52,54,False,True,False,False,True,1.8,0.0,1.0,0.6151228733459357,0.6183034635173867,0.72,0.8651574803149606,0.8062079265086782,0.9925601555759458,0.11247531755052195,0.9936931523452948,0.8578805446256337,0.9162711785079098,0.7912498604137882,0.9128649922422744,0.18310233905442858,0.9997132865048761,0.8234785030738316,0.003648798384114671,0.8577022903889668,0.7946585739535081,0.6943857878365407,0.19979266887921696,0.8628242790288209,0.11901036886981399,0.0031147,3
594,7,55,54,True,False,False,False,True,1.8,0.0,1.0,0.8933150025777625,0.8963379260333575,0.72,0.5698818897637795,0.8023598249162158,0.9839493830372914,0.11278321409857009,0.9861845112449861,0.8589942027354082,0.9088715716559019,0.7921770412978123,0.9155643307940877,0.20585731867780732,0.999415468710755,0.8251795555378707,0.0032099809467743094,0.8603599913995229,0.7956425547748763,0.6938881594404297,0.20072662167604152,0.8635553696089676,0.145786013352054,0.0063189,4
595,6,55,54,False,True,False,False,True,1.8,0.0,1.0,0.9909835596035974,0.9792637867329673,0.72,0.4960629921259842,0.8011792673446808,0.9811932510716388,0.11289529359513989,0.9832467939335108,0.8604307270373571,0.9067232986988674,0.7925048225667659,0.9129066389799465,0.21729754637453252,0.9991943661920253,0.8155004675407356,0.0030703322800232904,0.8594449108724366,0.7959508788525098,0.6946479336923206,0.20114051338168226,0.863334792576198,0.14950014808573417,0.0093163,5
596,5,55,54,True,False,False,False,True,1.8,0.01818181818181818,0.9818181818181818,0.6292971300910809,0.6211074277426707,0.72,0.42224409448818895,0.7997374388351833,0.9785090182007423,0.1129999655387755,0.9802577179277794,0.8595161100508091,0.9049190302349528,0.7928060003459547,0.909488806710141,0.2366847545300998,0.9988087862279005,0.7938543262439566,0.002937432191532506,0.8603592234997799,0.7962565130799568,0.6940650513227269,0.20103572677524434,0.8634286493390215,0.15065238263600914,0.01235801,6
597,4,55,54,False,True,False,False,True,1.8,0.0,1.0,0.9189207767657672,0.9268621154045374,0.72,0.34842519685039364,0.7984955954880769,0.9759480409208563,0.11310560368496775,0.9772994571386016,0.8604299595265992,0.9038846765889732,0.7931045506199816,0.9059019376815483,0.25480730853551836,0.998378189887708,0.7848019417862044,0.002810688498403262,0.8587325558775047,0.7965396198120915,0.6948641710806333,0.20120875585213888,0.8632545128209145,0.1548216341072658,0.01520409,7
598,3,55,54,True,False,False,False,True,1.8,0.0,1.0,0.511279143037177,0.5156255395559239,0.72,0.2746062992125984,0.7969828045016015,0.9734623865021435,0.11320544461582016,0.9743001093940185,0.8588041159043578,0.9033721800992232,0.7933810955382772,0.9015531783343638,0.2771489234976824,0.9977814812536514,0.7740385571891846,0.0026939349089075194,0.8571785827642344,0.7968076801947451,0.694872784142014,0.20070946612099533,0.8631545535550756,0.14703821858005303,0.01810096,8
599,2,55,54,True,False,False,False,True,1.8,0.01818181818181818,0.9818181818181818,0.6871753451337572,0.6875634517766498,0.72,0.20078740157480313,0.795495818052209,0.971158191703529,0.11330142073644606,0.9715626909901443,0.8572509299672015,0.904315267247028,0.793642942849573,0.8988184925514169,0.29824109035801794,0.9971737941373764,0.7610966317171677,0.002584684364774102,0.8558199121522695,0.797059214810315,0.6947757529912544,0.20013913502480007,0.8630355528198904,0.14174504242927852,0.02082816,9
600,1,55,54,False,True,False,False,True,1.8,0.0,1.0,0.8343014263619178,0.8380192686211541,0.72,0.12696850393700787,0.7940475384084406,0.9689738287295087,0.1133932099793265,0.9689844845384652,0.8558929475994821,0.9063699335392681,0.7938886474260302,0.8971123761971979,0.3181228872053009,0.9964936573834486,0.7483636074249447,0.0024827402787772433,0.8549447624118196,0.7973009819073951,0.6946357894404482,0.1996285697284141,0.8629804785036804,0.13345150055182387,0.02343485,10
601,0,55,54,False,True,False,False,True,1.8,0.0,1.0,0.8188428710545913,0.8101488311060465,0.72,0.053149606299212594,0.7926669956745146,0.9667997370547392,0.11348306681709369,0.9666271204720891,0.8550182411723469,0.9087358419919499,0.7941248108743679,0.8969835862857409,0.3333489306947575,0.9959396317454088,0.7405248393450452,0.0023873593428200275,0.8535809724682346,0.7975270974387022,0.6947861893922745,0.19936851308805528,0.8628584326099821,0.12323695948405262,0.02600311,11
602,9,56,55,False,False,True,False,True,1.8333333333333333,0.03571428571428571,0.9642857142857143,0.06413473105344558,0.04972547394592364,0.7333333333333333,0.7185039370078738,0.6645711232177398,0.7593514473401899,0.11842497818260952,0.7253508226806841,0.22049987122875048,0.304418234578302,0.8023234343162027,0.28851739947037486,0.5451839768317277,0.9832426874009683,0.4944094065216955,0.0003132471049430628,0.37750292655124285,0.8056967323736358,0.7053061105903549,0.22998224976084405,0.9759851361951896,0.39002133246409915,0.0,0
603,10,56,55,True,False,False,False,True,1.8333333333333333,0.0,1.0,0.48284355845792515,0.4836320314928002,0.7333333333333333,0.7923228346456692,0.6648313189666573,0.758805927224421,0.11841585293624127,0.7253337031159319,0.2763550402431473,0.3373944584854442,0.8023221085947335,0.3287337991857304,0.5308914894904068,0.984411842536006,0.5057696516324133,0.0006826561487857334,0.40473691754804497,0.8056955187095332,0.7079660763195169,0.23173471218731614,0.9666853639384136,0.46987459708637996,0.0006044,2
604,11,53,55,False,True,False,False,True,1.8333333333333333,0.0,1.0,0.6149051956235321,0.6158862529783488,0.7333333333333333,0.8661417322834645,0.655402986230054,0.7484387625138662,0.11838235791427787,0.715323893605329,0.17750477135854514,0.2364504352709914,0.8023181545930979,0.23772937786540055,0.5179944406305841,0.9852772809767449,0.5145236058333165,0.00021114138416618484,0.27598828696925326,0.8056927838043559,0.7011759993414179,0.2242935913615914,0.9490578959742745,0.31120593959165854,0.01425277,3
605,7,56,55,True,False,False,False,True,1.8333333333333333,0.0,1.0,0.8942086269118406,0.8979384647259919,0.7333333333333333,0.5708661417322834,0.6790875193130832,0.7732405264383242,0.11845490362290534,0.7396178399560368,0.47176263962299864,0.5152654919030235,0.8023261655584843,0.49417135241072785,0.5125954022545924,0.9859341455971329,0.5389252531683344,0.033449864974915686,0.6053782418167485,0.8056974633381124,0.7150616723857615,0.2401376601187335,0.9878247402262905,0.6382291603346026,0.0200906,4
606,6,56,55,False,True,False,False,True,1.8333333333333333,0.0,1.0,0.9818754654293407,0.9814047446389723,0.7333333333333333,0.49704724409448814,0.6837524957825709,0.7779025550427514,0.11846147916808245,0.7442251428199689,0.5562389243933679,0.5934147711317046,0.8023266511223278,0.5635626042626661,0.5125954022545924,0.9859341455971329,0.5389252531683344,0.04452488697729929,0.7056136884101746,0.8056975738680493,0.722667896000892,0.24728647943449622,1.0,0.8252979909927128,0.02668461,5
607,5,56,55,True,False,False,False,True,1.8333333333333333,0.017857142857142856,0.9821428571428571,0.6388657844990548,0.6265668704029835,0.7333333333333333,0.4232283464566929,0.6887118052531587,0.7820567249619961,0.11846416306407312,0.7491898165981028,0.6818463238793062,0.6816612842834411,0.8023267988022134,0.6674528411941065,0.5125954022545924,0.9859341455971329,0.5389252531683344,0.0664863842449389,0.7534709068384032,0.8056975510034822,0.7280504650477926,0.25103104258584497,0.9893649280162596,0.9803639587785498,0.03314064,6
608,4,56,55,False,True,False,False,True,1.8333333333333333,0.0,1.0,0.9211548376009624,0.9358230601885424,0.7333333333333333,0.3494094488188976,0.6925099105550234,0.7855318478752105,0.11846255272647871,0.7535039469156536,0.7535957879009603,0.7381915192361697,0.8023267653002909,0.7372697472031358,0.5125954022545924,0.9859341455971329,0.5389252531683344,0.13056786455488295,0.7534709068384032,0.8056975510034822,0.694399092473775,0.21414676282273754,0.8593585592962321,0.13306564839118407,0.03828824,7
609,0,56,55,False,True,False,False,True,1.8333333333333333,0.0,1.0,0.8141158274617631,0.8074156566179771,0.7333333333333333,0.05413385826771653,0.8072917170661532,0.9952820498774293,0.11238095176749047,0.9958039946792392,0.855892180088724,0.91712533932416,0.7909565651500852,0.9094170623301174,0.18066478085161156,0.9997406847818091,0.813590513896902,0.0037931994835048487,0.8578085165200833,0.7943578150795242,0.693693106665624,0.19914055205487763,0.8627224013963806,0.11599819819566531,0.27573976,8
610,1,56,55,False,True,False,False,True,1.8333333333333333,0.0,1.0,0.8316583605430486,0.834692150972064,0.7333333333333333,0.1279527559055118,0.8085851694874252,0.9978396033908983,0.11229238319979878,0.9978634783189273,0.8559185312914135,0.9166760273331461,0.7906759147549741,0.9059820814036235,0.1755182123145598,0.9997974056994128,0.8151920896086584,0.0039377099313820186,0.8558191442525265,0.7940575605524504,0.6943620397987731,0.19895086397933187,0.8624878531893369,0.11589314725955487,0.27859764,9
611,2,56,55,True,False,False,False,True,1.8333333333333333,0.017857142857142856,0.9821428571428571,0.692094861660079,0.691470699955109,0.7333333333333333,0.20177165354330706,0.8096238021050051,1.0,0.11219769534924842,1.0,0.8537428941295659,0.913341289899841,0.7903704672798971,0.9035007757725645,0.163096565804781,0.5128816897423871,0.48079103913415433,0.004083680592951898,0.8558455088103698,0.7937702509293992,0.6936260471210289,0.19837436897348637,0.8626704445432775,0.12057539936601658,0.280984,10
612,3,56,55,True,False,False,False,True,1.8333333333333333,0.0,1.0,0.4973592255255771,0.49827342104354433,0.7333333333333333,0.2755905511811023,0.8139041296936034,0.29314288062011257,0.31048564883239255,0.29487080720459763,0.7535957879009603,0.7381915192361697,0.8023267653002909,0.7372697472031358,0.30851116930146427,0.9969057712876745,0.842478562759883,3.879834429281803e-05,0.7534709068384032,0.8056975510034822,0.694399092473775,0.21414676282273754,0.8593585592962321,0.13306564839118407,0.48954139,11
613,9,57,56,False,False,True,False,True,1.8666666666666667,0.03508771929824561,0.9649122807017544,0.04937847281892649,0.05509513450050085,0.7466666666666667,0.7194881889763779,0.5716264062128723,0.6399532998260726,0.11820919294496071,0.6084584345527598,0.1013480900068392,0.03038472339230558,0.8022892781914881,0.0395235706536321,0.4026115022632679,0.9928277226576236,0.5518903898825511,1.1587549526340872e-05,0.09973225895627058,0.805654944897298,0.694336417528235,0.20927527461123624,0.8447434907143007,0.1378731675881623,0.0,0
614,10,57,56,True,False,False,False,True,1.8666666666666667,0.0,1.0,0.4818811937904565,0.4866362788770331,0.7466666666666667,0.7933070866141732,0.5716221054566919,0.639929333461154,0.11821584900701756,0.6085132171599668,0.1010632582366695,0.030511092389778227,0.8022932203195922,0.040432332800597326,0.413381369489476,0.9921614997854458,0.5990390545729463,1.1782802073354065e-05,0.09945069571716703,0.8056540035057713,0.6943350577066318,0.20949127808917853,0.6006350802455905,0.14516482653798474,2.435e-05,2
615,11,54,56,False,True,False,False,True,1.8666666666666667,0.0,1.0,0.6197743025720341,0.6096705687351083,0.7466666666666667,0.8671259842519684,0.5636259245281803,0.6291821306783165,0.11824354681364113,0.597799793538049,0.10347068364741563,0.027045305625760574,0.8023062446984608,0.03611717082161903,0.4350169685232326,0.9908860761561136,0.6144380558263534,1.0376832472039982e-05,0.10060766466330151,0.8056632100728164,0.6942720129924848,0.20910006042715454,0.6322074211059167,0.13825402917445087,0.01341737,3
616,7,57,56,True,False,False,False,True,1.8666666666666667,0.0,1.0,0.8980924557484103,0.9015055768500293,0.7466666666666667,0.5718503937007874,0.5882273250694303,0.6619201851572878,0.11819620288836594,0.6304690589546451,0.10297947676233243,0.04517925676308154,0.8022839425495996,0.05769298071651052,0.427261247337946,0.9912102017045061,0.5707379185484351,1.5234294443050394e-05,0.10661520031944638,0.8056545732496639,0.69461096024708,0.2099387476684901,0.8598416786521383,0.1416285655772207,0.02753424,4
617,6,57,56,False,True,False,False,True,1.8666666666666667,0.0,1.0,0.9859540585438505,0.9861873683483546,0.7466666666666667,0.49803149606299213,0.5967202433367846,0.6726365740423725,0.11820167803618686,0.6411157162740294,0.10706775073297281,0.0511630628100721,0.8022847836796895,0.064702931603691,0.4620730232209764,0.9888542285987252,0.5924337982213554,1.760748696061054e-05,0.10837113106512819,0.8056548260955815,0.6944823444940504,0.21020930684403902,0.8566075762788434,0.15101285860327307,0.04120555,5
618,5,57,56,True,False,False,False,True,1.8666666666666667,0.017543859649122806,0.9824561403508771,0.6420690840350576,0.6254083359232018,0.7466666666666667,0.4242125984251968,0.6050260787102892,0.6836063216423123,0.1182032883737813,0.6522656887971281,0.10882279199946776,0.06165636993353929,0.8022850306651748,0.07907980541524251,0.49423179239613707,0.98671884858254,0.579680878578676,2.0592471039588996e-05,0.11590422754405172,0.8056605390011465,0.6947825204766838,0.21070945372685734,0.8744806185751687,0.1485945258832988,0.05496476,6
619,4,57,56,False,True,False,False,True,1.8666666666666667,0.0,1.0,0.9207996792117775,0.9308850443730792,0.7466666666666667,0.35039370078740156,0.6137060798714934,0.6946240019720895,0.11822422276250838,0.6629688406801946,0.11635207253488322,0.0750444631657774,0.8022906111577006,0.09131484700365133,0.5098045321101765,0.9858458385713922,0.5571493941865784,2.4663319343010698e-05,0.1185458026600047,0.805666463564298,0.6945245125338316,0.21090680153157854,0.8773672714678115,0.14977355370794962,0.06898974,7
620,3,57,56,True,False,False,False,True,1.8666666666666667,0.0,1.0,0.4990433636936472,0.49951655789219246,0.7466666666666667,0.27657480314960625,0.6219667573051032,0.7052513729303331,0.11824773369138655,0.6733792480059987,0.1189923095422053,0.08729523542076201,0.8022963984020388,0.103955856791218,0.5136080357662527,0.9856216904507202,0.5711855639337087,3.0724877400763954e-05,0.118243762094421,0.8056720451715508,0.6943712046452499,0.2115452441116523,0.8814535467864553,0.1607899335561322,0.08244992,8
621,2,57,56,True,False,False,False,True,1.8666666666666667,0.017543859649122806,0.9824561403508771,0.6852872773099616,0.6862374391380918,0.7466666666666667,0.202755905511811,0.6299951939049683,0.7158684725893261,0.11827414322793459,0.6840567205419368,0.11869042197741464,0.10347982776373688,0.802301850639469,0.1243452596213297,0.5087595944093506,0.9859842299571131,0.5584724349919423,4.0544368804104853e-05,0.12014047445965459,0.8056765605894358,0.694485725898111,0.2131435197555431,0.885737390921014,0.17484810734644765,0.09576027,9
622,1,57,56,False,True,False,False,True,1.8666666666666667,0.0,1.0,0.834988829695824,0.8340274180738285,0.7466666666666667,0.12893700787401574,0.6380075026691568,0.7270641887727851,0.11830184103455818,0.6949036767689218,0.1205861735495326,0.1351282411307686,0.8023062613995405,0.15407893048377885,0.5166688778595774,0.9852855431607241,0.5120565823766983,5.848967719433838e-05,0.14216383908916852,0.8056839698658325,0.6955822575874534,0.2151705850187135,0.9122499424748883,0.18679835844452938,0.10952058,10
623,0,57,56,False,True,False,False,True,1.8666666666666667,0.0,1.0,0.8150518416680987,0.8180496564107876,0.7466666666666667,0.05511811023622047,0.6467874964115566,0.7377976964899546,0.11834660841968234,0.7052319101839153,0.14259838208732212,0.17391416268838356,0.8023134989446187,0.18954865202225823,0.5077953833214699,0.9859744961471577,0.5128822394206474,9.784331966845373e-05,0.17708791940124302,0.8056887359827983,0.6964405507184659,0.21793525175542286,0.9231765468313328,0.21132421558423303,0.12338037,11
624,9,58,57,False,False,True,False,True,1.9,0.034482758620689655,0.9655172413793104,0.0797731568998109,0.07524431092233852,0.76,0.7204724409448818,0.47958484800590073,0.5222898606298818,0.11869336778167516,0.48979417147298443,0.09589449967679253,0.00740428718524766,0.8026398735951057,0.001475717735444082,0.373159087140598,0.9942189515531639,0.4840969832016926,2.8172128558185888e-06,0.09369997986396228,0.8059217247991858,0.6943081515705907,0.2086204309217511,0.9016483043866221,0.14388731893341025,0.0,0
625,10,58,57,True,False,False,False,True,1.9,0.0,1.0,0.4744572377842699,0.4711143340584965,0.76,0.7942913385826771,0.47974505117362265,0.5226893000451938,0.11869283100247704,0.49051661710552663,0.09727175509243369,0.010860713282785706,0.8026426439708608,0.00830484945345955,0.4103256253225878,0.9921365775417561,0.48194496946063703,2.8456385530865662e-06,0.09068895964942802,0.8059333567200863,0.6940812310801892,0.20873917406502632,0.896308382017146,0.1346138498911748,0.00043037,2
626,11,55,57,False,True,False,False,True,1.9,0.0,1.0,0.6304531133642665,0.6173659311440313,0.76,0.8681102362204723,0.47170048673808085,0.5117024336131692,0.11881006357934892,0.47933069349644863,0.09954102856675029,0.00793550500795659,0.8027490546455385,0.004203170751624463,0.4519521957809037,0.9889143287827333,0.43364900622724467,2.4442887405951587e-06,0.09681423993283422,0.8060209247929095,0.6942780246541974,0.20852981222385103,0.8958952422244322,0.13775213982046158,0.01320063,3
627,7,58,57,True,False,False,False,True,1.9,0.0,1.0,0.9006587615283267,0.9054698021340516,0.76,0.5728346456692913,0.49568902952361615,0.5445877100480696,0.11851891454228247,0.5127395241103391,0.08965037326606518,0.017197884489375537,0.8024928932554131,0.016455710969307424,0.4270765096977027,0.9912437546163062,0.5418100789845413,3.825249245898916e-06,0.08727948479046577,0.8058132044745657,0.6942990749910826,0.20925159402427146,0.8969026979747867,0.14023338058854593,0.02750525,4
628,6,58,57,False,True,False,False,True,1.9,0.0,1.0,0.9851979148765538,0.9859456472944508,0.76,0.499015748031496,0.5038916467487896,0.5553931168599953,0.11845321276843121,0.5239562629359711,0.08774182984798173,0.019645698773752773,0.8024397381691105,0.022608229022059834,0.44546029450728053,0.9901131071719096,0.6219286552732626,4.395879389379e-06,0.08618138815796195,0.8057714717851526,0.6943419646291329,0.2095738416108003,0.9082769433929344,0.14073745214381786,0.0410688,5
629,5,58,57,True,False,False,False,True,1.9,0.017241379310344827,0.9827586206896551,0.6429581256802429,0.6250198556579993,0.76,0.42519685039370075,0.5121878054208882,0.5665306290143661,0.11839878335774068,0.5351267789367722,0.08664428946412384,0.025648226153702214,0.802398972754961,0.029149216644696274,0.4837110547091647,0.9878651896013402,0.677874380757217,5.010681349406319e-06,0.08650134638421603,0.8057504744783651,0.6944138299945234,0.2096631581304708,0.8900173817052132,0.13625888076369924,0.05495633,6
630,4,58,57,False,True,False,False,True,1.9,0.0,1.0,0.9333906169444921,0.9344072654442488,0.76,0.35137795275590544,0.5206258890469416,0.5771545762061929,0.11836915314600385,0.5457991156032849,0.08696408561326652,0.027564822615370188,0.8023784621212287,0.031833506375333886,0.5075892268050525,0.9862221790195091,0.726588146350198,5.68434091304899e-06,0.09142614340271726,0.8057341302761691,0.6946468293748423,0.2095541958078823,0.8890435107808763,0.13595893075232032,0.06851645,7
631,3,58,57,True,False,False,False,True,1.9,0.0,1.0,0.49981096408317577,0.4873096446700508,0.76,0.2775590551181102,0.5294671685649129,0.5873574001287336,0.1183453201496068,0.5564046859672639,0.0918863879408709,0.025688008986239796,0.8023624967429883,0.03428681419955437,0.5093793709661107,0.9860986728878056,0.7610369456657977,6.419588562842359e-06,0.09601306453429437,0.8057169273897357,0.6946312952998286,0.20933076459552685,0.9184794390054984,0.13305637224480302,0.08198799,8
632,2,58,57,True,False,False,False,True,1.9,0.017241379310344827,0.9827586206896551,0.6869267342613278,0.6880693394108913,0.76,0.20374015748031493,0.5382181322030946,0.5976971747079527,0.11831858854553987,0.5667226476434063,0.09647098553498046,0.024890012168866438,0.8023456925829907,0.034290313925409155,0.509481203711089,0.9860923131219308,0.76622963213497,7.2490028066800715e-06,0.09666577931585241,0.8056976105668522,0.694428901050202,0.20922236529733376,0.6588834392672933,0.13513140749122482,0.09552029,9
633,1,58,57,False,True,False,False,True,1.9,0.0,1.0,0.8298642378415535,0.826527159086985,0.76,0.12992125984251968,0.5465626743822233,0.6083005793012777,0.11828477145605759,0.5772203647494467,0.09712336967923152,0.02652812880277078,0.8023268234831084,0.036026177949394,0.4929870129042901,0.9871233525109373,0.7105823369078643,8.160627347372511e-06,0.1009941742006164,0.8056879977147481,0.694616668296769,0.20915213863247772,0.6426768777202152,0.13337457169588562,0.10901318,10
634,0,58,57,False,True,False,False,True,1.9,0.0,1.0,0.8065795955777052,0.8141096032321559,0.76,0.05610236220472441,0.5552200965734801,0.6186369301140797,0.11826609153996265,0.5875331905561633,0.10144957198483395,0.025793316484133744,0.8023174334365358,0.036306156017778646,0.4657521959932114,0.9888686250088319,0.6550544137834988,9.180837058998687e-06,0.10301631019054147,0.8056765434920755,0.6944974227224977,0.20903587097612586,0.6448157203322277,0.13280419896219414,0.12248857,11
635,9,59,58,False,False,True,False,True,1.9333333333333333,0.03389830508474576,0.9661016949152542,0.07810047545397258,0.08475776097240939,0.7733333333333333,0.7214566929133858,0.3881238918832904,0.4040386748654459,0.12019957021163166,0.37136102251736347,0.09153248020248639,0.005426846391463069,0.8043766298742957,0.0,1.0,0.9265374272356168,0.4852907042290884,4.185059282896108e-07,0.09779117905032986,0.8075894403206301,0.6947340092183424,0.20842792204626773,0.872285214355,0.13175767717029085,0.0,0
636,10,59,58,True,False,False,False,True,1.9333333333333333,0.0,1.0,0.48140001145672223,0.47565523671397497,0.7733333333333333,0.795275590551181,0.3885711705260578,0.4038024349826757,0.12020010699082978,0.37170854968183287,0.09643005162789031,0.0030375362725827415,0.8043827388237972,0.002820779038975263,0.9810183586331417,0.929743082920889,0.46640670075403357,4.2908590761917443e-07,0.09184336892975253,0.8075709644121613,0.6941776739686724,0.20816992270420578,0.8740894049685989,0.12957790529437754,0.00050583,2
637,11,56,58,False,True,False,False,True,1.9333333333333333,0.0,1.0,0.6300246319527982,0.6120049034842364,0.7733333333333333,0.8690944881889763,0.37997180854323714,0.3935482545638806,0.12034085049657983,0.36129814235602875,0.09329604936629199,0.007364504352710077,0.8045819365588878,0.006002029840995737,0.9562520783025026,0.9336627665956025,0.47297216640471107,3.522133275641321e-07,0.09597210988133398,0.8078023083397684,0.6945497359508231,0.20844566753286817,0.871108875552199,0.12930956721080608,0.01328553,3
638,7,59,58,True,False,False,False,True,1.9333333333333333,0.0,1.0,0.9072807469782895,0.9042266652854035,0.7733333333333333,0.5738188976377953,0.4050312396177057,0.425070871964831,0.11988319255225305,0.39320729909762775,0.09455476700931742,0.0,0.8039552929996693,0.001753362653258761,0.9600434599626299,0.9328573032649179,0.3966436543779719,6.32859703123057e-07,0.09396789155207896,0.8071714712247672,0.6943857760659409,0.20837218578222044,0.8743049283391788,0.1334389642071462,0.0269854,4
639,6,59,58,False,True,False,False,True,1.9333333333333333,0.0,1.0,0.9933894712722691,0.9994820263130633,0.7733333333333333,0.49999999999999994,0.4133306238569397,0.43600295813418416,0.11973665183116322,0.4040439835857612,0.09442684854966044,0.0012379481419076965,0.8037665231756902,0.002131333045577999,0.8745811542748354,0.9453048474476473,0.3606032270258439,7.63042840101131e-07,0.09655059435440116,0.8069877376454619,0.6945254041515535,0.20841574578790972,0.8754931416308774,0.13705086090101865,0.04070743,5
640,5,59,58,True,False,False,False,True,1.9333333333333333,0.01694915254237288,0.9830508474576272,0.6486555536461018,0.6339151904416589,0.7733333333333333,0.4261811023622047,0.42186870006418875,0.44690080663936776,0.11959172144766775,0.41518882023943426,0.09700824306554034,0.0023495272863428562,0.8035870481512216,0.0056275591745312825,0.8355954911441047,0.9508892663387063,0.2945904542108506,9.138281200549612e-07,0.09370424597364568,0.806810906894198,0.6942473368189968,0.20838040773256425,0.8773405282615955,0.13571552335341183,0.05455158,6
641,4,59,58,False,True,False,False,True,1.9333333333333333,0.0,1.0,0.9353726298905883,0.927811733830588,0.7733333333333333,0.35236220472440943,0.42989713666405394,0.45784658787438876,0.11944646899665343,0.42616417320206046,0.09416333652276687,0.0041093325844800965,0.8034143159618748,0.007940877964559556,0.7745200988215667,0.9594368526467014,0.27261603963153824,1.0865726616199819e-06,0.09688335090970523,0.8066653574194473,0.6945570085924915,0.20865038452264106,0.8771039683833259,0.13391292079158787,0.06811971,7
642,3,59,58,True,False,False,False,True,1.9333333333333333,0.0,1.0,0.5044051096981154,0.4899340446838634,0.7733333333333333,0.2785433070866142,0.4384900475126039,0.4690012188608445,0.11932054059677183,0.43694436312651186,0.09734083106064861,0.008139099503884584,0.8032721400153708,0.008707317926762381,0.7261848145932165,0.9652998200410385,0.27577940035413717,1.2872633803680482e-06,0.10010597016453537,0.8065188580913495,0.6945620540138139,0.20849332939164672,0.879902805881441,0.1332159382971517,0.08220025,8
643,2,59,58,True,False,False,False,True,1.9333333333333333,0.01694915254237288,0.9830508474576272,0.6913009108094175,0.6921820504851687,0.7733333333333333,0.2047244094488189,0.44705070268980035,0.47966967501609165,0.11918881498155037,0.4476526508790041,0.10056181787481389,0.00800805017317241,0.8031290362311065,0.008857806138519164,0.655797454093835,0.9727100183870325,0.29355589598710763,1.5132569790903912e-06,0.09867767664253757,0.8063726933133686,0.6943200355885746,0.20837787556779197,0.8833230672531373,0.1304028370472863,0.09587709,9
644,1,59,58,False,True,False,False,True,1.9333333333333333,0.0,1.0,0.8359832731855416,0.8349338720259678,0.7733333333333333,0.1309055118110236,0.45515977846804906,0.49038264013475946,0.11905225835354577,0.458109281029639,0.09913424786504088,0.00829823083403558,0.8029862592427968,0.006603982688022758,0.5969058279446782,0.9771036675964688,0.3447167896862502,1.7772818104808758e-06,0.09855737234946593,0.8062440596339786,0.6943862903120254,0.20842730988640729,0.8846638757435633,0.13137658705866534,0.1093119,10
645,0,59,58,False,True,False,False,True,1.9333333333333333,0.0,1.0,0.8114876553817952,0.8203218343174834,0.7733333333333333,0.05708661417322834,0.4634011024988469,0.5010476725235897,0.1189272961562208,0.46868917204648997,0.09901400451296316,0.00817420200318264,0.8028606070193799,0.0052075920719544255,0.5236153520754608,0.9835511461279505,0.38274675208403774,2.0831481984631523e-06,0.0990846635063326,0.8061298603631522,0.6944198808038968,0.20842274867710595,0.8883063065930668,0.13182475392162615,0.12279008,11
646,9,60,59,False,False,True,False,True,1.9666666666666666,0.03333333333333333,0.9666666666666667,0.0926848828550152,0.08788286888359409,0.7866666666666666,0.7224409448818897,0.2935878950916545,0.28920554924060854,0.12145670709365522,0.2557868408753576,0.07368785508032405,0.023496832974507997,0.8064494030089312,0.01606957454999358,0.7762572933179399,0.95936445521169,0.6386175384146058,4.314577636173277e-08,0.0721433276338107,0.8096352675224125,0.6943450061673632,0.2099195488801085,0.8681095777314302,0.1281957452235806,0.0,0
647,10,60,59,True,False,False,False,True,1.9666666666666666,0.0,1.0,0.4773443317866758,0.46636624192824344,0.7866666666666666,0.796259842519685,0.2934620979733762,0.28942467029129404,0.12143813453339986,0.2557868408753576,0.07226369622947526,0.02532294299354121,0.8064172489145118,0.015556281424621843,0.6617359738900193,0.9704209181267629,0.5710065057795992,5.9438417360332696e-08,0.07573795165303221,0.8096379629764536,0.6945923153368323,0.2098812289112874,0.8671595647590504,0.13144272319453854,0.00025266,2
648,11,57,59,False,True,False,False,True,1.9666666666666666,0.0,1.0,0.6295961505413301,0.6086674263614076,0.7866666666666666,0.8700787401574803,0.28485305928914945,0.2791362522083293,0.12155472297523398,0.2456743139762414,0.07212298592385258,0.026553870635589227,0.8066417692306007,0.019853944774326115,0.6929609518242514,0.9682506987558335,0.5645504645564332,3.4057000730700845e-08,0.07179350663977302,0.8098850929623431,0.6944038973118053,0.21015093021120096,0.8662685276638802,0.12784025737183632,0.01332997,3
649,7,60,59,True,False,False,False,True,1.9666666666666666,0.0,1.0,0.9099501632582918,0.8981939984115473,0.7866666666666666,0.5748031496062992,0.3111059502036945,0.30914214108656646,0.12119561769168413,0.27653061748558105,0.07757998741282357,0.014015257886361598,0.8059619186918526,0.011034635620209898,0.4802437271822442,0.49492167932839637,0.2938443785687286,4.466244009050562e-06,0.07976942530383235,0.8092585259845131,0.6945305896196724,0.20938408427283298,0.8646750859545278,0.13113782967840257,0.02653959,4
650,6,60,59,False,True,False,False,True,1.9666666666666666,0.0,1.0,0.9929655725496935,0.9988949894678684,0.7866666666666666,0.5009842519685039,0.3198859439460943,0.3193963215053616,0.12111091393421902,0.2870231987221957,0.08023557463530451,0.011150893943648876,0.8058052044308495,0.009421262001143238,0.3352030501861345,0.017953157985443502,0.02974354893261444,4.481984024162325e-06,0.08220366748917263,0.8090941088918601,0.6945192685860795,0.20914174352525994,0.8651621362334198,0.13425946276900932,0.04003836,5
651,5,60,59,True,False,False,False,True,1.9666666666666666,0.016666666666666666,0.9833333333333333,0.6372332015810276,0.6361804620325288,0.7866666666666666,0.4271653543307087,0.32861110304719326,0.32962311179282094,0.12102073502893296,0.2978033886466471,0.08266858373798203,0.007612562014415403,0.8056445981778251,0.010460680580021142,0.33361746216562393,0.018118158668323447,0.03758231701251402,4.500083569166456e-06,0.0843077127850187,0.8089573972561286,0.6945033771800528,0.2090321473737616,0.864576493351294,0.13279665009213656,0.05348088,6
652,4,60,59,False,True,False,False,True,1.9666666666666666,0.0,1.0,0.9304347826086956,0.920801823267378,0.7866666666666666,0.35334645669291337,0.33727497637272075,0.3401854311891425,0.12094215055432656,0.3084346383577544,0.08477156321474422,0.006859028362819486,0.8055110552279688,0.010233198399458687,0.41805985476606344,0.010073979435765823,0.02751526968147544,4.5083678246784735e-06,0.08490155525294618,0.8088173905539185,0.6944289287997121,0.20905698578616597,0.8651278744134084,0.134405272791316,0.06713799,7
653,3,60,59,True,False,False,False,True,1.9666666666666666,0.0,1.0,0.515357736151687,0.49908491315307857,0.7866666666666666,0.27952755905511806,0.345758217938669,0.3511209411249127,0.12085744679686142,0.3192199641516314,0.08536510486755322,0.009224936815501406,0.8053742935842891,0.011381108479835644,0.5280372804941511,0.0,0.0,7.676460798061671e-07,0.08867450265693311,0.8086481989771844,0.6945895768681952,0.20903572570941187,0.8665347504643869,0.13426151671558012,0.08096455,8
654,2,60,59,True,False,False,False,True,1.9666666666666666,0.016666666666666666,0.9833333333333333,0.6858074124992839,0.6900687178424669,0.7866666666666666,0.2057086614173228,0.3545124071439861,0.36183048247716343,0.12075406312330134,0.32997447472895447,0.08913614105824375,0.009681269306374696,0.8052090235096023,0.012406528155294416,0.6826673501125999,0.47558568428287185,0.2642898354654515,1.9185583512620627e-07,0.08837246209134941,0.8084282364781791,0.6943786222300198,0.20892139295328954,0.8691221976341146,0.13143397434347395,0.09479545,9
655,1,60,59,False,True,False,False,True,1.9666666666666666,0.0,1.0,0.8310007446869451,0.8306122448979592,0.7866666666666666,0.13188976377952755,0.3628634004573854,0.3725776852600008,0.12061686236025895,0.3404721918349948,0.08883425349345309,0.010570532621922757,0.8049941592749836,0.011020636716790544,0.8451625317400177,0.9499626676007717,0.5230288681535125,2.361719076196534e-07,0.09186640592204276,0.8082201933778129,0.6945691999603925,0.20891524636212314,0.8693591293704422,0.1319451087345199,0.10839746,10
656,0,60,59,False,True,False,False,True,1.9666666666666666,0.0,1.0,0.808365698573638,0.816459477191892,0.7866666666666666,0.05807086614173228,0.37154985275286023,0.38319478491899367,0.12048288227240539,0.3510366752435685,0.09232642744209119,0.01029907329401858,0.8047909381726138,0.010079210461847121,0.9303280665522361,0.9375474465093503,0.4649443924954735,2.88381790075097e-07,0.09283651926404501,0.8080062326070364,0.694439741726821,0.2086515231207695,0.8704904371230304,0.12831114937686544,0.12211488,11
657,9,61,60,False,False,True,False,True,2.0,0.03278688524590164,0.9672131147540983,0.09853926791544931,0.08746848993404477,0.8,0.7234251968503936,0.1900095584306111,0.18263511323536796,0.11973686654284246,0.15068983286168935,0.007323758210233122,0.07549143499017141,0.8022869424488785,0.07968292483755435,0.5707685149704314,0.980811714192376,0.568950652899084,1.8301425196096825e-09,0.014751354063213373,0.807017903474726,0.6947576933843301,0.21479993597763797,0.0,0.1277546880464863,0.0,0
658,10,61,60,True,False,False,False,True,2.0,0.0,1.0,0.4827977315689981,0.46855899720294214,0.8,0.797244094488189,0.19062456656441618,0.18230186663745052,0.119761128962598,0.15037312091377386,0.01446501941802203,0.07182205373022565,0.8023303782841077,0.07643051294315273,0.563776507608909,0.9794343376968229,0.563227423751069,1.9149462869640798e-09,0.02155750545208812,0.806917112434617,0.6947473463852889,0.21430192397423292,0.34432432662780177,0.12609604082777578,0.00069949,2
659,11,58,60,False,True,False,False,True,2.0,0.0,1.0,0.6377453170647878,0.6170309748264788,0.8,0.8710629921259843,0.18080271463730113,0.17319464796833695,0.119232294096599,0.1409025776928648,0.009153844973060155,0.07767949077974357,0.801004834773717,0.07845685421308657,0.6493302434714747,0.9728755593285334,0.5211786005610488,1.4226782576272746e-09,0.013965536659533595,0.8057012497156043,0.6946353926556963,0.21485106099495707,0.36486305388003526,0.1304528044226257,0.01318667,3
660,7,61,60,True,False,False,False,True,2.0,0.0,1.0,0.9099043363693646,0.8924358575917677,0.8,0.5757874015748031,0.21029730052286444,0.20059162683685067,0.12065873113771317,0.16858491389714902,0.028177878293260683,0.058169521669942936,0.8045233105141808,0.06330304126176778,0.4141460508316785,0.9913575466879578,0.6697968684718381,3.478553828507056e-09,0.0355537581013422,0.8087457732927016,0.6947500488013827,0.2131057499887583,0.30352169651584493,0.12583486598592794,0.02709297,4
661,6,61,60,False,True,False,False,True,2.0,0.0,1.0,0.9980867273872944,0.9945440104976,0.8,0.5019685039370079,0.22009334791289678,0.20994193292156832,0.12098627380441293,0.17793733212126817,0.036042305192977686,0.051925957128147626,0.8053043362593522,0.05767898181309117,0.4015986421714525,0.9923269328058213,0.7245787159540813,4.6760893495620454e-09,0.042600518076359895,0.8093866300996477,0.6947137639199998,0.21249300527797957,0.8167364207767172,0.12641862276282367,0.04062877,5
662,5,61,60,True,False,False,False,True,2.0,0.01639344262295082,0.9836065573770492,0.6291310076187203,0.6333540522808109,0.8,0.42814960629921256,0.22972166581189138,0.21940179953162875,0.12125455604763896,0.1874181470810286,0.043085495581696276,0.04588364691566049,0.8059303393641875,0.05249938754797534,0.4139274354983827,0.9914204304458445,0.7030718421104987,6.214016548807582e-09,0.04966519571204775,0.809825008433801,0.6947226983687588,0.21190125428070744,0.8416577848624387,0.1245006093342884,0.05411876,6
663,4,61,60,False,True,False,False,True,2.0,0.0,1.0,0.9277424528842299,0.9216823785351704,0.8,0.3543307086614173,0.23926611896536706,0.2288924800394418,0.12144328761370193,0.19681165226055292,0.05014659455476689,0.03925395488158767,0.8063585570179567,0.04569242076037383,0.47924274264340105,0.9870528503443694,0.6850963929729621,8.27202759362828e-09,0.052654885378164984,0.8100618665542907,0.6945382674447126,0.21157822950726468,0.8516432310653056,0.12986148704045997,0.06757183,7
664,3,61,60,True,False,False,False,True,2.0,0.0,1.0,0.5113478833705677,0.5022445526433924,0.8,0.280511811023622,0.2483912483912484,0.2390062860351415,0.12154828162485642,0.20671360851321713,0.053134769772356205,0.03812833473743327,0.8065899252693739,0.04312712170879951,0.527133446749604,0.9841042338576784,0.6306129757475678,1.0902388563975825e-08,0.05855235540447834,0.8102536696841555,0.6946772291591381,0.21131972192113568,0.8529808480525652,0.12671563384991513,0.08115498,8
665,2,61,60,True,False,False,False,True,2.0,0.01639344262295082,0.9836065573770492,0.6878089018731741,0.6926948444352361,0.8,0.20669291338582674,0.25771313741238555,0.24894547994357635,0.12163234124728378,0.21639472238057827,0.059029252393354326,0.035001872133296086,0.8067772828093285,0.03793352854026444,0.564862230372932,0.9816438214530123,0.556433161570141,1.4424334106386803e-08,0.06519212851570089,0.8103401483676531,0.694717170811718,0.21092174234936845,0.8565021808860649,0.1263227636531858,0.09476729,9
666,1,61,60,False,True,False,False,True,2.0,0.0,1.0,0.8351870309904337,0.8305172830553541,0.8,0.13287401574803148,0.267028575299252,0.2588846738520111,0.12166905694443594,0.22612719494219574,0.0656656620803634,0.0314120565384256,0.8068617571002852,0.032484455384328204,0.6247173615057384,0.9756545352224673,0.5440582535861369,1.8994725250757295e-08,0.07028330381185433,0.8102815432567136,0.6946406767404568,0.2105210853273705,0.8609678815600355,0.12468190810943822,0.10837862,10
667,0,61,60,False,True,False,False,True,2.0,0.0,1.0,0.8160428481411468,0.8197244379985497,0.8,0.05905511811023622,0.2761279001880505,0.26891288568728683,0.12163781639510471,0.23580317294013114,0.07075425840552196,0.028248151268370436,0.8068045103315692,0.025649490789888207,0.6862266855301604,0.968936032412719,0.5350456598292979,2.5027579915919813e-08,0.07165272502022135,0.810114940660784,0.694463478904874,0.2102528896072746,0.8641858432957703,0.12611445417703676,0.12190251,11
668,9,62,61,False,False,True,False,True,2.033333333333333,0.03225806451612903,0.967741935483871,0.08181245345706589,0.08211609516903218,0.8133333333333334,0.7244094488188976,0.08780907653088105,0.07538334771315225,0.11188700754937,0.04369255316052842,0.00899949003174072,0.0644536490998161,0.7803183988859377,0.07229850328390941,0.5515450861507438,0.9820808637805492,0.5520396050109757,2.96001857642206e-11,0.010135423385789433,0.7861849294418672,0.6944718932690143,0.2147616340505459,0.8767780334895311,0.1382649350995471,0.0,0
669,10,62,61,True,False,False,False,True,2.033333333333333,0.0,1.0,0.4817895400126024,0.46843813667599027,0.8133333333333334,0.7982283464566928,0.0878634810965638,0.07585491447431489,0.11181443500178265,0.04386083848204239,0.009834371178435997,0.0697159037723486,0.7800621076532656,0.07436217496296116,0.5449103580011069,0.9826191796816,0.572200226806995,3.314261222174254e-11,0.01195619899865874,0.7860470185812609,0.6945160171725906,0.2145698868379702,0.8776009259432774,0.13090936469231196,0.00047469,2
670,11,59,61,False,True,False,False,True,2.033333333333333,0.0,1.0,0.6363556166580742,0.6208277219517249,0.8133333333333334,0.8720472440944881,0.0784493408553559,0.06633410482203261,0.1107068448043585,0.03420283602709684,0.009396890046408757,0.07235795188617433,0.7766466793808721,0.07511461602174496,0.52710156882759,0.9841622951255578,0.6470664305751743,2.0856753335811692e-11,0.00933254154337615,0.7829046011008212,0.6944171764930049,0.21472973040281426,0.8766574999740642,0.13205342283624727,0.01301896,3
671,7,62,61,True,False,False,False,True,2.033333333333333,0.0,1.0,0.9065360600332245,0.8903432438965434,0.8133333333333334,0.5767716535433071,0.10708753866648604,0.09561552472644105,0.11375489180302736,0.06342490588519276,0.016360770990139994,0.0714101844051297,0.7858894214452591,0.07529660176619501,0.624299906204519,0.9764049533454662,0.4971052265085649,8.043966293102375e-11,0.01789206401212262,0.791406208846693,0.6944890702103622,0.21470251706305918,0.8793326118644466,0.13421295605389105,0.02794638,4
672,6,62,61,False,True,False,False,True,2.033333333333333,0.0,1.0,0.9954402245517557,0.9852204841327394,0.8133333333333334,0.5029527559055118,0.1165361924760421,0.10574302578780867,0.11460192937767863,0.07322311757545874,0.018389557760301267,0.0754890948235516,0.7883666661557628,0.07622402911771908,0.625085075686675,0.9763255237997144,0.5018900582933765,1.2220739570530244e-10,0.019901401672997587,0.7937186898636357,0.6944884206350146,0.21477100499530447,0.8809384694110035,0.13560083604723497,0.04179662,5
673,5,62,61,True,False,False,False,True,2.033333333333333,0.016129032258064516,0.9838709677419355,0.6210459987397605,0.6410822196899064,0.8133333333333334,0.4291338582677165,0.12596000941865604,0.11573015242608087,0.11538809619126175,0.08310915263290342,0.020397877576917356,0.07866470092670597,0.7906255487654009,0.07822587230666933,0.6533585347583815,0.9736459491109053,0.5086544774486201,1.8190400356043048e-10,0.021332254860805366,0.7958543300423763,0.694461170430717,0.21478676839770872,0.8831406817787513,0.13623884419900797,0.055528,6
674,4,62,61,False,True,False,False,True,2.033333333333333,0.0,1.0,0.9238700807698917,0.9200593943161021,0.8133333333333334,0.35531496062992124,0.13530802553358945,0.1255700571084238,0.1161265970120508,0.09301264964639538,0.02182800595588341,0.0807778713844427,0.7927116893325479,0.08071417738943787,0.6557150183465456,0.9734181408168925,0.5264508684320472,2.6360688611474495e-10,0.016386980515823657,0.7977965531811401,0.6941723688072632,0.21495866467280594,0.8868648677508659,0.13547991062957673,0.06910033,7
675,3,62,61,True,False,False,False,True,2.033333333333333,0.0,1.0,0.5092627599243856,0.5119133947995442,0.8133333333333334,0.281496062992126,0.14413769300987347,0.13563250660786919,0.11681292289478154,0.10282524177105323,0.01688523667473385,0.08559627445474116,0.7946088958566432,0.08266002496471114,0.6806916167299021,0.9707740764412449,0.5235163042396991,3.7679640625242563e-10,0.016110536608340387,0.7996452872143575,0.694382774689403,0.21509662083732295,0.8934097448796463,0.13204517370109584,0.08247954,8
676,2,62,61,True,False,False,False,True,2.033333333333333,0.016129032258064516,0.9838709677419355,0.691401729965057,0.698048965779205,0.8133333333333334,0.2076771653543307,0.15340797295684516,0.1450102028239225,0.11747895852382287,0.1123625512944959,0.0166089328018747,0.08385285032294298,0.7964147801544534,0.08190408418007256,0.7077663357032292,0.9676866787775378,0.5084157332431409,5.355660659641188e-10,0.012977505656861288,0.8012944847984237,0.694251594603224,0.21506958016201153,0.8994889391668432,0.1335323452725327,0.09566146,9
677,1,62,61,False,True,False,False,True,2.033333333333333,0.0,1.0,0.8289305149796643,0.8234452156497116,0.8133333333333334,0.13385826771653545,0.16244601207007225,0.1545111546309864,0.11808251305420173,0.12201798581472861,0.013477488909469426,0.08307825517176826,0.7980257528349685,0.08231005237923028,0.7068297892899656,0.9677843131856299,0.5034717386546763,7.51521940423605e-10,0.009488681157788004,0.8028670722549798,0.694235178827317,0.21511596297042987,0.9214530852188786,0.1313812961763933,0.10877445,10
678,0,62,61,False,True,False,False,True,2.033333333333333,0.0,1.0,0.8139497049894026,0.8164698366656308,0.8133333333333334,0.060039370078740155,0.17149372788470532,0.16391966474479247,0.11866996420863662,0.13151420838276606,0.00999043169921765,0.08119208087615848,0.7995618910483088,0.0810431516197897,0.680698884235439,0.9702856548901253,0.49393191811073733,1.0407715762346692e-09,0.008651670437907488,0.8043442539196161,0.6943561077170277,0.2150988552774956,0.3997914117330147,0.12966953299377548,0.12182693,11
679,9,63,62,False,False,True,False,True,2.066666666666667,0.031746031746031744,0.9682539682539683,0.10844933264592993,0.08524120308021699,0.8266666666666667,0.7253937007874015,0.2886043938675518,0.8907556024231136,0.040755175329799824,0.8927544866099324,0.7591797697808841,0.5391018440512965,0.8023332687587446,0.5736062341783227,0.46648997189489805,0.9890890766699307,0.5402184509480135,0.0009954579340655638,0.7650130798922893,0.8057004013620728,0.6628187150127154,0.18723856026788174,0.9385808480783702,0.25666968023277215,0.0,0
680,10,63,62,True,False,False,False,True,2.066666666666667,0.0,1.0,0.49093200435355444,0.48118028937463314,0.8266666666666667,0.7992125984251968,0.28862374727036383,0.890596967912461,0.04076730653967759,0.8921570138000812,0.7613606149296192,0.5462393522418797,0.8023355408144608,0.5711297115059321,0.4649200230296155,0.989195258619858,0.5610687782265285,0.0014528589139586679,0.7620082881978929,0.8057017025972745,0.6688971154452279,0.18967681561324745,0.9426380223919706,0.35785953752746935,0.00015981,2
681,11,60,62,False,True,False,False,True,2.066666666666667,0.0,1.0,0.632534799793779,0.6240546980213405,0.8266666666666667,0.873031496062992,0.28851407798776224,0.8864336679494378,0.04081851527517933,0.8883667421639472,0.7568132416072697,0.5210849012449688,0.8023432795643596,0.5486142252190245,0.4577528750103145,0.9896290924538138,0.5804667449217116,0.0007487455968104929,0.7612396691887907,0.8057065347416567,0.6747289642792629,0.1859184031192309,0.9302575872892536,0.23845097083974004,0.00432288,3
682,7,63,62,True,False,False,False,True,2.066666666666667,0.0,1.0,0.9025147505298734,0.8896267136296143,0.8266666666666667,0.577755905511811,0.2884785967492734,0.8982593571536175,0.0407080461162039,0.8989825842667776,0.761511433351924,0.6337012075259759,0.8023284529583518,0.6466551953430315,0.46827778617669,0.988986140971142,0.5408352068121678,0.16215806070229963,0.7603081837635279,0.8056981233313122,0.691871638392571,0.19727737864300207,0.9626931405542579,0.5745753337972641,0.00750481,4
683,6,63,62,False,True,False,False,True,2.066666666666667,0.0,1.0,0.9862175631551813,0.973427949860147,0.8266666666666667,0.5039370078740156,0.28844311551078466,0.9002494213834755,0.04069733737120118,0.9006080869399977,0.7621380547184001,0.6608788495740897,0.8023274641283963,0.6673653480477363,0.4640618694960509,0.9892625795534076,0.5488729283966334,0.202483994061085,0.7599525245983885,0.8056977471671114,0.6969321633150184,0.19994325897631202,0.969383130957445,0.6547819506115687,0.00949519,5
684,5,63,62,True,False,False,False,True,2.066666666666667,0.015873015873015872,0.9841269841269841,0.6264180557942373,0.6303584377913602,0.8266666666666667,0.43011811023622043,0.28837860416807787,0.9018828432782335,0.04069076182602407,0.9019476928818562,0.7622335671682774,0.6890839027738775,0.8023270207895871,0.6881738430489612,0.4640618694960509,0.9892625795534076,0.5488729283966334,0.2694541509554084,0.7551281624671083,0.8056975801491297,0.7240583595375536,0.20532252861970107,0.9812129824654384,0.8575573168408638,0.01112953,6
685,4,63,62,False,True,False,False,True,2.066666666666667,0.0,1.0,0.920822592656241,0.919437825891778,0.8266666666666667,0.3562992125984251,0.2881528144686039,0.9033864473630151,0.040686467592439025,0.90340713577698,0.7560804121021095,0.724368155012637,0.8023268080054607,0.7207195436357485,0.4640618694960509,0.9892625795534076,0.5488729283966334,0.40225171983114694,0.7534709068384032,0.8056975510034822,0.7280504650477926,0.2089233975576528,0.9893649280162596,0.9803639587785498,0.01263891,7
686,3,63,62,True,False,False,False,True,2.066666666666667,0.0,1.0,0.5118405224265338,0.5154701474498429,0.8266666666666667,0.2824803149606299,0.2880237917831903,0.9042338295512127,0.04068485725484463,0.9044214699885469,0.7535957879009603,0.7381915192361697,0.8023267653002909,0.7372697472031358,0.4640618694960509,0.9892625795534076,0.5488729283966334,0.7899556612689427,0.7534709068384032,0.8056975510034822,0.694399092473775,0.21414676282273754,0.8593585592962321,0.13306564839118407,0.01349073,8
687,0,63,62,False,True,False,False,True,2.066666666666667,0.0,1.0,0.8267422810333963,0.8266877309299354,0.8266666666666667,0.06102362204724409,0.06879521841927855,0.05705227406565411,0.10942243953906988,0.02482833356444744,0.006250095938844735,0.07703828512590105,0.7726177286531627,0.07861434187655303,0.5355371568973233,0.9834418604813333,0.7195849829894752,1.2673940788886882e-11,0.008894838689860629,0.7794081320895764,0.6945386611111517,0.21500597703595944,0.8769077516096843,0.12843778695629116,0.86219332,9
688,1,63,62,False,True,False,False,True,2.066666666666667,0.0,1.0,0.8373477688033454,0.8252494906592078,0.8266666666666667,0.13484251968503935,0.058884018282514515,0.04822477711280623,0.10792450350876459,0.01605935010708287,0.0005065571002420555,0.08561265562108034,0.7678381325444978,0.08771362909905378,0.4955338390692887,0.9867870259848872,0.8100889322165408,7.441021907508646e-12,0.0057464497435215645,0.7752835830597717,0.6946511339376582,0.21551764813283625,0.8772005718568205,0.1208245379553926,0.87328669,10
689,2,63,62,True,False,False,False,True,2.066666666666667,0.015873015873015872,0.9841269841269841,0.6789918084436043,0.6935425947028557,0.8266666666666667,0.20866141732283464,0.04934827416030423,0.03990947561593555,0.10623815797991523,0.007495801426744497,0.0,0.09803660020593474,0.7623773557225967,0.09748836341153277,0.4338741596302716,0.5015920378412795,0.5285498279052185,4.2160802083272475e-12,0.0,0.7703905774547964,0.6944168413154289,0.215993707497299,0.8770906989875935,0.12006156179739022,0.88384536,11
690,9,64,63,False,False,True,False,True,2.1,0.03125,0.96875,0.09529701552385861,0.09751717946061678,0.84,0.7263779527559054,0.28837860416807787,0.8467887353519861,0.042161536828903896,0.8483292160780103,0.753135699313163,0.4752542981060252,0.802786318690101,0.4798415790763057,0.47176463209108827,0.9887373225115326,0.5161284974368157,0.00022149490377813713,0.7537416938844465,0.8060769992031318,0.7153161002254205,0.18295561978223301,0.8848046530535836,0.16330930813206,0.0,0
691,10,64,63,True,False,False,False,True,2.1,0.0,1.0,0.481560405567967,0.48641182361269386,0.84,0.8001968503937007,0.28843988994364933,0.8470877442857336,0.042166045774168194,0.848599705201095,0.7537630643122847,0.4780351961059628,0.8027934644093477,0.48279418112247874,0.4820431953305613,0.9880342207675126,0.52514772297714,0.00022151094514891783,0.7534082129437181,0.8060852239804627,0.7255639585109557,0.18250495595730376,0.8846094418291881,0.14916977629548278,0.00030522,2
692,11,61,63,False,True,False,False,True,2.1,0.0,1.0,0.6404754539726184,0.6361960012431369,0.84,0.874015748031496,0.28844634107792005,0.8431778030375656,0.042368948311061826,0.8441879933644567,0.7537909530948591,0.4771178507909764,0.8028932340647285,0.4772156181099147,0.49288861962700875,0.9872589100594849,0.5511409983486859,0.00021942140347077545,0.7536382680277264,0.806175323874774,0.7181541988176112,0.18245970129637995,0.8829545431778054,0.15140287556724494,0.00361157,3
693,7,64,63,True,False,False,False,True,2.1,0.0,1.0,0.8992724981382826,0.8950429918160158,0.84,0.5787401574803149,0.28844311551078466,0.8553527164162751,0.04179180331723103,0.8570430745368729,0.7538385259700056,0.484538519142563,0.8026289776596373,0.49253741790226435,0.45920638130785985,0.9894833514023094,0.492131388894415,0.00022724945120917544,0.7542794719921367,0.8059403822725423,0.64501721704575,0.18267818878470898,0.8881075583144434,0.13317697149727326,0.00856422,4
694,6,64,63,False,True,False,False,True,2.1,0.0,1.0,0.9817838116514865,0.9780379156738838,0.84,0.5049212598425197,0.28848827345067946,0.8593482518248674,0.041623684072376314,0.8606844059596628,0.7544039434702742,0.48727885425442297,0.8025639682553584,0.4927474014535528,0.44620533800132434,0.9902401882180598,0.5102958438612895,0.00023242960710070706,0.7543221032262029,0.805883997969163,0.6365992654146924,0.1826654892995526,0.8906958529267622,0.13539306157239736,0.01256,5
695,5,64,63,True,False,False,False,True,2.1,0.015625,0.984375,0.6348490576845964,0.6348527228150144,0.84,0.43110236220472437,0.28848182231640873,0.8633506347662936,0.0414674813257201,0.8643770960767092,0.754446553109186,0.4904474398577179,0.8025088908205916,0.4936188331914,0.44729472541136706,0.9901718504301975,0.5587410222231064,0.00024035606839061422,0.753941562829557,0.8058376962329769,0.6558941438919184,0.1822031205806729,0.8934324456361917,0.12410522165487939,0.01656222,6
696,4,64,63,False,True,False,False,True,2.1,0.0,1.0,0.915208798762674,0.9155875548188819,0.84,0.3572834645669291,0.28844311551078466,0.8669627083361864,0.04132544954989454,0.8677102753339601,0.75406620547798,0.48997472620050553,0.8024636622604864,0.49112002893106704,0.4363602976771369,0.9908392866170193,0.6006306826094738,0.0002539419538475578,0.7535449093366371,0.805799517844354,0.6455675189629551,0.18247845806729757,0.8974515538929293,0.1404862064549819,0.02017408,7
697,3,64,63,True,False,False,False,True,2.1,0.0,1.0,0.5018273471959672,0.5039883973894127,0.84,0.2834645669291338,0.2884140854065666,0.8707185800955914,0.04119501220474863,0.8714594600146885,0.7536697529127032,0.49136946550594407,0.8024263687659702,0.49343684744695,0.42301069425954596,0.9916851937003552,0.6274197719992833,0.0002756814881738386,0.7537281711699721,0.8057688933956332,0.657341541661492,0.1822862250980181,0.9017577274912529,0.1430195416563919,0.02392987,8
698,2,64,63,True,False,False,False,True,2.1,0.015625,0.984375,0.6791224150770464,0.6951034220794917,0.84,0.20964566929133854,0.28842376210797266,0.8742519070378942,0.04107810169539563,0.8752343240425455,0.7538529219134553,0.49084994851633446,0.8023964541270442,0.4964536111337945,0.4344043051010437,0.9910235938009571,0.6536915822772218,0.000312479158451614,0.7539064774902989,0.8057446306107192,0.7085550266065137,0.1829777860873007,0.9083224584292661,0.18221217918677549,0.02746321,9
699,1,64,63,False,True,False,False,True,2.1,0.0,1.0,0.8326940482328006,0.819460271418212,0.84,0.1358267716535433,0.288417310973702,0.8781618482860627,0.04097407388679778,0.879687122834589,0.7540311379114496,0.4957689787512871,0.8023727537020452,0.5100605452572882,0.4439859279722274,0.9904806612458117,0.6420428545848833,0.00037485428013676176,0.7548330509168724,0.8057268981936535,0.6991485870943536,0.18318787269240655,0.9143313528113641,0.19002443669572408,0.03137314,10
700,0,64,63,False,True,False,False,True,2.1,0.0,1.0,0.8247304806094976,0.8235954280189233,0.84,0.062007874015748025,0.28844956664505533,0.8820717895342307,0.04088775979173826,0.8839755738050115,0.7549572419756749,0.5023471871197229,0.8023554322848127,0.5251391141027286,0.44927865786167515,0.9901364567208701,0.6056045202236235,0.0004928982880168498,0.7566899911947497,0.8057144571153821,0.6800231054471113,0.18483281608053753,0.9226814559795801,0.2307862953585491,0.03528313,11
701,9,65,64,False,False,True,False,True,2.1333333333333333,0.03076923076923077,0.9692307692307692,0.10191900097382145,0.09413308470596371,0.8533333333333334,0.7273622047244094,0.28837860416807787,0.8052299173274535,0.044630721140307965,0.8052906302910157,0.7535646568118284,0.478475927486037,0.8045158602780338,0.47037482063904995,0.5562057307811996,0.9825495755537066,0.5705754398530396,0.00020602394566260497,0.7525031995822626,0.8077117164270271,0.7564143581820454,0.18175411349891193,0.8725689885583441,0.12626256000675667,0.0,0
702,10,65,64,True,False,False,False,True,2.1333333333333333,0.0,1.0,0.4821103282350919,0.488276528885666,0.8533333333333334,0.8011811023622046,0.28835279963099514,0.8050575877511332,0.04463050642862872,0.8055097607198435,0.7532751295813995,0.476764485631377,0.8045229654899092,0.47198352795697673,0.5667048097770203,0.9816498854239657,0.5740604420746869,0.00020634377582871887,0.7528339237629136,0.8077191583458766,0.723229370235058,0.18231040437699164,0.8726196851074296,0.13085049043525346,0.00017425,2
703,11,62,64,False,True,False,False,True,2.1333333333333333,0.0,1.0,0.6301701323251417,0.634067129389827,0.8533333333333334,0.8749999999999999,0.2884011831380252,0.8016098549692545,0.04487302327034446,0.8022073966791469,0.7537447412721233,0.47969905457268563,0.804753118520189,0.47656466910092043,0.5782526156138355,0.9806387067877922,0.5656745518572306,0.00020395422657338392,0.7531500860047713,0.8079458622819119,0.7225137224210401,0.1819966503530512,0.8718343003663359,0.11762178256125075,0.00362013,3
704,7,65,64,True,False,False,False,True,2.1333333333333333,0.0,1.0,0.8983674170819729,0.8988293794675231,0.8533333333333334,0.5797244094488189,0.28830441612396496,0.8123981429490954,0.04414225207000846,0.8133881844187995,0.7526280847536545,0.4739445848544417,0.804091874002369,0.4727009717572123,0.5456005984873817,0.9834058648031574,0.5709169767025446,0.0002115855781048965,0.7524333304323788,0.807301777654742,0.7387095835463839,0.18264399930695657,0.8740987451435305,0.15050908125807083,0.00716861,4
705,6,65,64,False,True,False,False,True,2.1333333333333333,0.0,1.0,0.9757690324798075,0.9767947788252357,0.8533333333333334,0.5059055118110236,0.2883108672582357,0.8164210684890234,0.04390037936333049,0.8178872060356737,0.7525587370866313,0.4753323036600206,0.8038938093788796,0.4781115479287456,0.5452642813914886,0.9834338790458022,0.5764876748303922,0.00021349465547577473,0.7525793440088463,0.8071160603109242,0.57257954597795,0.18257479164254448,0.874554824870367,0.14317593093769312,0.01119136,5
706,5,65,64,True,False,False,False,True,2.1333333333333333,0.015384615384615385,0.9846153846153847,0.6180672509595004,0.6279671259366691,0.8533333333333334,0.4320866141732283,0.2883366717953184,0.8203549761021105,0.04366655834462448,0.8220523961398805,0.752704676698885,0.47610455864457557,0.803712396569354,0.4812962984566209,0.5445879294640467,0.9834883225154001,0.5754829596323339,0.00021488818640101918,0.7530943001361743,0.8069445487384042,0.5895861209965189,0.18293414178737327,0.8751980366536967,0.14144260413889628,0.01512512,6
707,4,65,64,False,True,False,False,True,2.1333333333333333,0.0,1.0,0.917637623875809,0.9202147864221831,0.8533333333333334,0.35826771653543305,0.28839795757088993,0.8246244128240594,0.04343821247373943,0.8261200047249997,0.7532193719715303,0.47995413273425075,0.803544860271465,0.48399808681653267,0.5412085457421085,0.9837580297691151,0.5707976045998049,0.000215429541529215,0.7535416529297936,0.8067878195738156,0.5842241066031152,0.18251290670016518,0.8758606485482638,0.1293317417994877,0.01939451,7
708,3,65,64,True,False,False,False,True,2.1333333333333333,0.0,1.0,0.5014263619178553,0.4974619289340102,0.8533333333333334,0.2844488188976378,0.28844634107792005,0.8285035401744751,0.04321663002075082,0.82972538506181,0.7536664981554156,0.48082701488345975,0.8033917637566316,0.48296216796350955,0.5416157938190957,0.983728195803689,0.5782384656705726,0.0002157721670144575,0.7539533265416868,0.806643692357351,0.5793268862503601,0.18250060490570713,0.8768128679182612,0.12823104892845233,0.02327372,8
709,2,65,64,True,False,False,False,True,2.1333333333333333,0.015384615384615385,0.9846153846153847,0.6836913559030762,0.6992437584170724,0.8533333333333334,0.2106299212598425,0.28848504788354407,0.8324032101233925,0.042999234445507635,0.8333050860514921,0.7540779632311179,0.4820134793597305,0.803250977103482,0.4815972748801344,0.5362820652881852,0.9841381771248834,0.589290332849213,0.00021578181977180666,0.7536962905323081,0.806511839263519,0.5862175557289327,0.18203949879228776,0.8778874878606227,0.11948568499581234,0.0271735,9
710,1,65,64,False,True,False,False,True,2.1333333333333333,0.0,1.0,0.832534799793779,0.8175334093028075,0.8533333333333334,0.13681102362204725,0.2884527922121907,0.8359057231679425,0.04278666988304763,0.836607450092189,0.7538210574251548,0.4797762800711411,0.8031221800848245,0.47757958959881475,0.5267215721811329,0.9848480878219315,0.5841473847561824,0.00021643163800754583,0.7536935235335676,0.8063896376883876,0.7204756891096491,0.18229889310816205,0.8793840855474407,0.13015544615308314,0.0306759,10
711,0,65,64,False,True,False,False,True,2.1333333333333333,0.0,1.0,0.8295285558801626,0.8313512206913223,0.8533333333333334,0.06299212598425197,0.28844956664505533,0.8396513236280969,0.04257603772570089,0.8403258195563637,0.7538182918280569,0.47944865674436027,0.8030028108831263,0.4768026504590474,0.5104552272019873,0.9860258364742727,0.5750154188966039,0.00021747284767914082,0.7536661709447215,0.8062774608486701,0.7188501952832427,0.1820534348965217,0.8810161360200673,0.13417052520259354,0.03442148,11
712,9,66,65,False,False,True,False,True,2.1666666666666665,0.030303030303030304,0.9696969696969697,0.10233144297416508,0.08546565834455622,0.8666666666666667,0.7283464566929133,0.2883732282228522,0.7629578146327209,0.04746062107285629,0.7646830226988309,0.753429681517147,0.47707182751411903,0.807878793186879,0.4825538666137819,0.6633965863056474,0.972702208388224,0.6033032913541434,0.00017312611004463582,0.7533085216394149,0.8109980128731746,0.7466524560663065,0.18273440340868255,0.8681309972608002,0.12189468267383992,0.0,0
713,10,66,65,True,False,False,False,True,2.1666666666666665,0.0,1.0,0.47241794122701497,0.47525812355399016,0.8666666666666667,0.8021653543307087,0.28837537860094253,0.763003464851614,0.04746373439220545,0.764433077053449,0.7534734006354987,0.4776022652812881,0.8078921168276377,0.4802988765880006,0.6651657613839032,0.9725122903700707,0.6057039969759068,0.00017300447974505373,0.7535339795636282,0.811009551209704,0.72547929162845,0.1823168255332817,0.8681803097828065,0.1225050731741433,4.57e-05,2
714,11,63,65,False,True,False,False,True,2.1666666666666665,0.0,1.0,0.6238414389643123,0.6324493249076281,0.8666666666666667,0.8759842519685039,0.288333446228183,0.7588230460565057,0.047733304905507,0.7606530771561664,0.753102539437261,0.4747519423382945,0.8082891657014234,0.4802428809743237,0.6734422622327827,0.9716450220687936,0.6123490440284103,0.0001697713986233522,0.7533484575453829,0.811394956306746,0.7420504234311621,0.182763201666162,0.8680283848995408,0.13282899441471716,0.00413496,3
715,7,66,65,True,False,False,False,True,2.1666666666666665,0.0,1.0,0.8998453342498711,0.9008529300044891,0.8666666666666667,0.5807086614173228,0.28836892746667186,0.7705905312315973,0.0469345774586876,0.7714332670806177,0.7534116083443768,0.47719507628943186,0.8071515380758341,0.4751857771141261,0.6537491581623446,0.9736821273947416,0.6116228637367445,0.0001797189251588523,0.7531912044763436,0.8102814423873317,0.7150057768980832,0.18203142705151795,0.8687785058773845,0.12040783417833091,0.00763272,4
716,6,66,65,False,True,False,False,True,2.1666666666666665,0.0,1.0,0.9856905539325199,0.9874477709865672,0.8666666666666667,0.5068897637795275,0.28836247633240114,0.7740690779112287,0.04667241449832025,0.7748486202486788,0.7533162272241181,0.4742160441823458,0.8068044118001256,0.4714480699011911,0.6453022781423561,0.9745149214374718,0.61246841613115,0.00018360942109797376,0.7532082928052914,0.8099335438888284,0.7188341748501516,0.1823309534703584,0.8692941278369563,0.1344929643217236,0.01111127,5
717,5,66,65,True,False,False,False,True,2.1666666666666665,0.015151515151515152,0.9848484848484849,0.6155925989574382,0.6167288235090991,0.8666666666666667,0.4330708661417323,0.2883657018995365,0.7778694586340542,0.04640638672772638,0.7788032397064337,0.7533333068968515,0.4736544041935786,0.8064645768512415,0.4719520304242834,0.6353315457191056,0.975465359162254,0.6109364741459922,0.00018758019634557618,0.753311941352937,0.8096001033350779,0.7350153615953485,0.18222121556607435,0.869654461952389,0.13886261627091456,0.01491165,6
718,4,66,65,False,True,False,False,True,2.1666666666666665,0.0,1.0,0.9153233659849916,0.9135501916502642,0.8666666666666667,0.35925196850393704,0.2883786041680778,0.7815773976636218,0.04614164722720802,0.7829067993775326,0.7534369029405894,0.47220584105588326,0.8061388647426029,0.47379638594976725,0.6217398422527742,0.9767388350454786,0.602132781568947,0.00019169460473672108,0.7532889606732945,0.8092792378309496,0.7486310413232146,0.18263703825110017,0.870107728616835,0.14966638342799812,0.01861958,7
719,3,66,65,True,False,False,False,True,2.1666666666666665,0.0,1.0,0.5081285444234405,0.5035049552816051,0.8666666666666667,0.2854330708661417,0.2883786041680778,0.7857064599624755,0.04587690772668964,0.7873647340390016,0.7534139339019734,0.47426518768136294,0.8058254362205964,0.4789479824080447,0.6155662989507846,0.9773322897132077,0.5893500189005829,0.00019494751867506563,0.7535665001177447,0.808980429098351,0.7318653615081183,0.18254759998002637,0.8702452861068413,0.13777354629285155,0.02274865,8
720,2,66,65,True,False,False,False,True,2.1666666666666665,0.015151515151515152,0.9848484848484849,0.6765034083748639,0.6965589281397838,0.8666666666666667,0.21161417322834644,0.28840763427229593,0.7897225379695696,0.045620219914143244,0.7913347611050336,0.7536913327568473,0.4755897219882056,0.805533553240918,0.4805193593168535,0.6070656298607511,0.9781438555410777,0.5736227443646416,0.00019779982574858962,0.7539262048346969,0.8086973728009074,0.7200559818931305,0.18276776028785918,0.870599143811957,0.13531187670203398,0.02676475,9
721,1,66,65,False,True,False,False,True,2.1666666666666665,0.0,1.0,0.8262840121441255,0.8131461721744535,0.8666666666666667,0.13779527559055116,0.28843988994364933,0.7939508894945151,0.0453670748443045,0.7952020707825523,0.7540508552628211,0.4789853037536273,0.8052570575883443,0.4813557937961526,0.5967889094717949,0.9790686302810805,0.5651970634462724,0.00019998553408533953,0.7540375016637828,0.8084331790778969,0.7196571650244014,0.1823622778011014,0.8708610763746744,0.12408204247182618,0.03099315,10
722,0,66,65,False,True,False,False,True,2.1666666666666665,0.0,1.0,0.8243718852036432,0.8267688801408889,0.8666666666666667,0.0639763779527559,0.28844634107792005,0.7977855078815104,0.045119726989805604,0.7986533750365931,0.7541620957137081,0.4793644107460452,0.8049989873157187,0.4786855029689341,0.5848711360826366,0.9800829584455744,0.5594870978652289,0.00020214556279189925,0.7536199357011949,0.8081814763466902,0.727524926084325,0.18234455600918364,0.8714206011724924,0.1257089272762856,0.03482777,11
723,9,67,66,False,False,True,False,True,2.2,0.029850746268656716,0.9701492537313433,0.0903477115197342,0.0858455057149764,0.88,0.7293307086614174,0.2883624763324012,0.7199838398225118,0.05059433803154694,0.7217557140827251,0.7534805461606552,0.47210287372460924,0.81327880895191,0.4759452176246194,0.7098103472580946,0.9677369166713623,0.6461943510468269,0.0001300592192735262,0.7538868269358753,0.816302005171237,0.736821416788731,0.18237399445696584,0.8664057129072295,0.13962354357908185,0.0,0
724,10,67,66,True,False,False,False,True,2.2,0.0,1.0,0.4783066964541444,0.4762077419800408,0.88,0.8031496062992126,0.2884140854065666,0.7199290595598407,0.05059873962097162,0.7215382956103724,0.7539872746716332,0.4717588692314893,0.8132977488849524,0.47448583194316446,0.7115662996267134,0.9675080215416632,0.6379842030917371,0.00013000535538198278,0.753546331794121,0.8163177520025373,0.7370313647534997,0.18264968294787748,0.8664415254792998,0.146092659100419,7.526e-05,2
725,11,64,66,False,True,False,False,True,2.2,0.0,1.0,0.6306891218422409,0.6396111744190062,0.88,0.8769685039370079,0.288436664376514,0.7161868828661033,0.05090438169638759,0.7173885131144426,0.7541688702753315,0.47296873537395867,0.8139145557217209,0.47223200849266805,0.7335146300962827,0.9649351734286751,0.6395459881025802,0.00012571458263930006,0.753862592019986,0.8169288523417947,0.7305059970493103,0.18215746364044877,0.8662923011424234,0.13994647448690195,0.00379768,3
726,7,67,66,True,False,False,False,True,2.2,0.0,1.0,0.9019190009738214,0.9038347318622881,0.88,0.5816929133858267,0.2883947320037545,0.7281460989605446,0.05000098230593258,0.7296683769111855,0.753861339510942,0.4757956566507536,0.8121358989461513,0.47865750516209565,0.6958522907858146,0.9692762800049834,0.6328810456996201,0.00013756567174738453,0.7540014518936409,0.8151828033394489,0.9895093681777576,0.18264743819637433,0.8665673543955627,0.13224344550392164,0.00816232,4
727,6,67,66,False,True,False,False,True,2.2,0.0,1.0,0.9844761413759524,0.9880348078317621,0.88,0.5078740157480315,0.28841731097370193,0.7322820087922322,0.049710155336385016,0.7334535126778936,0.7541260642048331,0.47839792193204156,0.8115921695966998,0.478542014208887,0.6906774699480425,0.9698385646131653,0.6282553767184609,0.00014101869496762395,0.7538983152791572,0.8146521295207695,0.9715874919638514,0.18216981309413688,0.8666495827309102,0.11990532919009987,0.01229829,5
728,5,67,66,True,False,False,False,True,2.2,0.014925373134328358,0.9850746268656716,0.6231311221859426,0.6197313443143755,0.88,0.43405511811023617,0.2884011831380252,0.7359557101576302,0.0494251255821773,0.7367918278045698,0.7540229798349338,0.4772699616212675,0.811073795672061,0.4745348281051317,0.6889546277163188,0.970024908908059,0.6268825975369556,0.00014485436465838748,0.7534028433279751,0.8141350394455321,1.0,0.18230711047778697,0.8668959815164563,0.1272310833355498,0.01597192,6
729,4,67,66,False,True,False,False,True,2.2,0.0,1.0,0.9191842813770981,0.9161745916640768,0.88,0.3602362204724409,0.2883463484967244,0.7397629384132896,0.0491394516929318,0.7404537027050624,0.7535277588685867,0.4771786951230928,0.81056869064849,0.4728374610655499,0.6930359080759169,0.9695806671564715,0.630682609474166,0.000148734905837541,0.7530765250488897,0.813637518030402,0.9937117034331506,0.18196805336596428,0.8670617130943227,0.12422597993322707,0.01977911,7
730,3,67,66,True,False,False,False,True,2.2,0.0,1.0,0.4997651371942487,0.4901757657377672,0.88,0.28641732283464566,0.28831409282537107,0.7431935523630835,0.048856676411356235,0.7440385395641701,0.7532016058883424,0.4737948141907704,0.8100827007249723,0.47023016530371786,0.6938911194132277,0.9694837997001118,0.6301454350118376,0.0001531589468019927,0.7529929250837011,0.813149444714052,0.6720089648952162,0.1823290585852912,0.8673834366738824,0.1377645118351218,0.02320976,8
731,2,67,66,True,False,False,False,True,2.2,0.014925373134328358,0.9850746268656716,0.6786389413988657,0.6984667978866674,0.88,0.21259842519685038,0.2883108672582357,0.7469870855530751,0.04857100252211075,0.7481318274964177,0.7531180482713098,0.47313254703734914,0.8096059399133361,0.47174554659884976,0.6907976726473353,0.9698140050504964,0.62749935340111,0.0001576540652443767,0.7528686302716318,0.8126793597708247,0.7441835262988931,0.18222945991204578,0.8675831295191004,0.14096325019082115,0.0270033,9
732,1,67,66,False,True,False,False,True,2.2,0.0,1.0,0.8295285558801626,0.8214130322179634,0.88,0.1387795275590551,0.288304416123965,0.7506881770498091,0.048287583105497404,0.752317561078327,0.7529938164216601,0.4715739960685202,0.8091467505424702,0.47425135031089233,0.6880893127040244,0.9700982849878059,0.6253307602013407,0.00016224773721207323,0.7526919365407653,0.8122266243613007,0.7604971605743105,0.1826934777971118,0.867808924526874,0.14934695636754416,0.03070439,10
733,0,67,66,False,True,False,False,True,2.2,0.0,1.0,0.830107120352867,0.8357574501881971,0.88,0.06496062992125984,0.28829473942255895,0.7548343581807475,0.04800609609399734,0.7567600881315192,0.7528172121962575,0.4737222690255547,0.8087045085798991,0.4793364519779284,0.6836729753730073,0.970563293069362,0.620346974911963,0.00016612634849527127,0.7529774083895607,0.8118014262930614,0.7311859503346841,0.1825751120868194,0.8678356683686469,0.13558810420656006,0.03485058,11
734,9,68,67,False,False,True,False,True,2.2333333333333334,0.029411764705882353,0.9705882352941176,0.08485994157071663,0.07564142408232333,0.8933333333333333,0.7303149606299212,0.28631961714668475,0.6779399882222434,0.053926663293546194,0.6779210685347535,0.7378524366760983,0.4746887578395582,0.8208263175296195,0.46590683729774496,0.8201157500900789,0.9542464768849244,0.5659331914131667,8.883291430649359e-05,0.738345073667182,0.8238800976863926,0.6955484996575204,0.1840928665003727,0.8645475211122947,0.14062033962425408,0.0,0
735,10,68,67,True,False,False,False,True,2.2333333333333334,0.0,1.0,0.47310534456092107,0.4694050208916054,0.8933333333333333,0.8041338582677164,0.2864303616183316,0.6782344321341021,0.053926341226027304,0.6784534869985465,0.7388885420877315,0.47694467846110655,0.820835240099232,0.4702161664002986,0.8249799887424518,0.9535922230162077,0.5649583192407932,8.887550286721332e-05,0.741370608893303,0.8239064918413481,0.7010361155916719,0.1835938488918981,0.8644295698584391,0.12614844787725688,0.00031458,2
736,11,65,67,False,True,False,False,True,2.2333333333333334,0.0,1.0,0.6218594260182162,0.6265824096135917,0.8933333333333333,0.8779527559055117,0.28627230882869986,0.6744135088127747,0.054215879925499345,0.6748172914451823,0.7391552009087325,0.4769774407937846,0.8215798093745004,0.472396495607844,0.8254915262862194,0.9535232396996967,0.5556870859280185,8.56318633505771e-05,0.7387562071895893,0.82464519194883,0.6932927621288695,0.18396761953901122,0.864394980987018,0.12555082886374916,0.0035268,3
737,7,68,67,True,False,False,False,True,2.2333333333333334,0.0,1.0,0.9050237726986309,0.9110811837425326,0.8933333333333333,0.5826771653543307,0.2873206181476859,0.6855475972007286,0.053342754881818936,0.6865065302579747,0.7445007163433739,0.4735982401947019,0.8193802591158006,0.4718645372779132,0.8223851868765665,0.9539391443191696,0.601655293157989,9.63237068905443e-05,0.7477878165026774,0.8224174916474547,0.7064561140485144,0.18337267118475234,0.8648779373332204,0.14246287868543903,0.00767318,4
738,6,68,67,False,True,False,False,True,2.2333333333333334,0.0,1.0,0.9916824196597354,1.0,0.8933333333333333,0.5088582677165354,0.28776897197949836,0.6894198770183102,0.0530441982918183,0.6907487584035663,0.7479155763749954,0.47360760086118137,0.8186591731679171,0.47491979794916067,0.8195314127871544,0.9543149738686201,0.6227941030181243,0.00010002210296686325,0.7511163675270557,0.8216856842810758,0.7110771385702775,0.18332126581235522,0.8650732955806134,0.1445515638735287,0.01157102,5
739,5,68,67,True,False,False,False,True,2.2333333333333334,0.014705882352941176,0.9852941176470589,0.6192587500716045,0.6180116716737457,0.8933333333333333,0.43503937007874016,0.28816571673714536,0.6936002958134184,0.05274209895910998,0.6950218017657118,0.7512424412982187,0.4763175138069831,0.8179443275447934,0.47862950735525717,0.8180590808360158,0.9545113947224761,0.6388297554861428,0.0001033686459496083,0.7539197800735137,0.820967662396903,0.6838913521835396,0.1826863199593416,0.8652114473724091,0.13044640706532332,0.01576874,6
740,4,68,67,False,True,False,False,True,2.2333333333333334,0.0,1.0,0.9195623532107464,0.9197831416830692,0.8933333333333333,0.36122047244094485,0.2884689200478674,0.697486270696668,0.05243935549136391,0.6987453070993123,0.7540444337561464,0.47681362913039416,0.8172429478856246,0.47797855834626285,0.8137184646870327,0.9550917374309313,0.6522591170443466,0.0001067982529737774,0.754347566781681,0.8202457738530871,0.6755394718246049,0.18255560885729605,0.8655056871655857,0.1323953370115627,0.0196641,7
741,3,68,67,True,False,False,False,True,2.2333333333333334,0.0,1.0,0.5036833361975139,0.48983044994647607,0.8933333333333333,0.2874015748031496,0.2885044012863562,0.7015365863679315,0.052128882403164774,0.7025458504742975,0.7544720037659193,0.4787934100907985,0.8165377911877855,0.47792956218429555,0.8085142084189675,0.9557740810755484,0.6520601635397805,0.00011000881514368917,0.7545865141447133,0.8195546504707798,0.6639088988166231,0.18213401715615563,0.8655493134946368,0.11945208774203586,0.02369753,8
742,2,68,67,True,False,False,False,True,2.2333333333333334,0.014705882352941176,0.9852941176470589,0.6824001833075557,0.7001415794744293,0.8933333333333333,0.21358267716535434,0.2885173035548975,0.7052034402004956,0.051824528597824306,0.7058790297315483,0.7547108300884683,0.47765608911354485,0.8158626865802362,0.47378588677220285,0.7955725826876393,0.9573868196325677,0.6486381632612457,0.00011360090207833721,0.7542476860621078,0.818875127067402,0.6820435584628507,0.1821333177391453,0.8657567263933927,0.12743940366930612,0.02735189,9
743,1,68,67,False,True,False,False,True,2.2333333333333334,0.0,1.0,0.8226453571633155,0.8146534756034394,0.8933333333333333,0.13976377952755903,0.28847214561500273,0.7089113792300634,0.051518242387370565,0.7095614481097432,0.7543721736416338,0.47673406346531877,0.815198913088698,0.4721655137014267,0.7786944700190676,0.9594541071028893,0.649414081929053,0.00011727468234606827,0.7540962767101128,0.8182151050778766,0.6803892979746071,0.18185690385450073,0.8658946488092262,0.12437843460061725,0.0310461,10
744,0,68,67,False,True,False,False,True,2.2333333333333334,0.0,1.0,0.8252723835710603,0.8326910459615319,0.8933333333333333,0.06594488188976377,0.28844956664505533,0.7123351456470233,0.051213566514511234,0.7131565567077023,0.754220840987121,0.4732144528690443,0.8145541890095838,0.4696002146498524,0.7562659875288338,0.9622038587122774,0.6428187732526907,0.00012152014110302033,0.7540442796588478,0.8175602946730879,0.7266912066451526,0.1822687375911137,0.8661802804337473,0.14126241168034387,0.03446104,11
745,9,69,68,False,False,True,False,True,2.2666666666666666,0.028985507246376812,0.9710144927536232,0.08495159534857077,0.08524120308021699,0.9066666666666666,0.7312992125984251,0.28632499309191045,0.6361243877164391,0.05743558891173064,0.6375788141962279,0.7496989225854537,0.47865534026022655,0.8307648558047062,0.48250137072595983,0.8434807400514355,0.9510570152738373,0.5125307548959142,5.783571726067588e-05,0.7486527625619867,0.8337613744237836,0.6821455884755637,0.1827251554271692,0.8640454157745622,0.10901359248664563,0.0,0
746,10,69,68,True,False,False,False,True,2.2666666666666666,0.0,1.0,0.4843787592369823,0.47358334196622814,0.9066666666666666,0.8051181102362204,0.2863561735742187,0.635807118695134,0.057444606802259233,0.6370429718194843,0.7499435367919072,0.47619348497613034,0.830804487340899,0.47782107068279656,0.8441327308429224,0.9509676391996305,0.5115094602391421,5.8050539646464574e-05,0.748901545014283,0.8337597493059625,0.6808110530664451,0.1830014580711582,0.8642274068769014,0.13060548421729923,0.0003188,2
747,11,66,68,False,True,False,False,True,2.2666666666666666,0.0,1.0,0.6166122472360658,0.6199005490521082,0.9066666666666666,0.8789370078740156,0.2863884292455721,0.6319348388775523,0.0577946941952805,0.6333965045272689,0.7506496722729062,0.4759009641486474,0.8318999927743607,0.47909497089394665,0.854287298058613,0.9495407995866034,0.5173089548972405,5.575935873916553e-05,0.7498168047179761,0.8348509879035195,0.6829807730971584,0.18272921707748332,0.8641693968262067,0.12857121452504577,0.00419003,3
748,7,69,68,True,False,False,False,True,2.2666666666666666,0.0,1.0,0.9043363693647247,0.9127386995407301,0.9066666666666666,0.5836614173228346,0.28628521109724114,0.6434147276736193,0.05676117952719845,0.644120199888038,0.7481646003571482,0.47590798464850703,0.8287193977758168,0.4730124473582903,0.8287635708571921,0.9530789147505727,0.508286413465173,6.27967659370122e-05,0.7473312924264609,0.8316870516215873,0.6902887022885855,0.1829004078499558,0.864321369090311,0.12778271184322976,0.00729045,4
749,6,69,68,False,True,False,False,True,2.2666666666666666,0.0,1.0,0.9889557197685742,0.9970302841948961,0.9066666666666666,0.5098425196850394,0.28628521109724114,0.647191142031526,0.05642300863237571,0.6478231617439358,0.747459283554291,0.4753791069924179,0.8277138843941519,0.47147956743388436,0.8286494125752883,0.9530963355074635,0.5076000238744205,6.547762299475342e-05,0.7466011221574912,0.8306800389579968,0.6898595165011011,0.18263555936269663,0.864399933421309,0.1306252908938182,0.01106683,5
750,5,69,68,True,False,False,False,True,2.2666666666666666,0.014492753623188406,0.9855072463768116,0.6217104886292032,0.6098052418937119,0.9066666666666666,0.43602362204724404,0.28629166223151187,0.6506559936454896,0.056086770142666255,0.6516493844660494,0.7467294831582555,0.47201394739305447,0.8267302121491459,0.4707971208921968,0.8286947487867734,0.9530904757412215,0.5122853789069493,6.848026897332451e-05,0.7458207568419868,0.8296921914769855,0.6902632495408282,0.18311627774472874,0.8645015451132896,0.14570636680122495,0.01453164,6
751,4,69,68,False,True,False,False,True,2.2666666666666666,0.0,1.0,0.9217849573237097,0.9235816153872717,0.9066666666666666,0.3622047244094488,0.2863013389329178,0.654555663594407,0.05575117578799455,0.6560148734778567,0.7459495131423424,0.4720537302255921,0.8257652608784187,0.47478330864082313,0.8291633193004498,0.9530249129122272,0.5164136641266934,7.141093974050015e-05,0.7447286498274786,0.8287549468026086,0.68952360611514,0.18312829273371145,0.8644360794380938,0.14127159184001342,0.01843129,7
752,3,69,68,True,False,False,False,True,2.2666666666666666,0.0,1.0,0.5140516698172652,0.49848061051831904,0.9066666666666666,0.28838582677165353,0.2862884366643765,0.6583834344485682,0.055426853796483606,0.6601646559737865,0.7448579593423966,0.47147804923710573,0.8248497395485507,0.4773836049509455,0.8300708412405298,0.9529008875121496,0.5227005948709784,7.431587734931667e-05,0.7433667028432769,0.8278583861123034,0.6891722110527752,0.18376098286870585,0.8644058366706253,0.1404159999629076,0.02225908,8
753,2,69,68,True,False,False,False,True,2.2666666666666666,0.014492753623188406,0.9855072463768116,0.6716216990319069,0.6861804620325288,0.9066666666666666,0.21456692913385825,0.28626585769442914,0.6627008039003546,0.055111227627982394,0.6642528080366085,0.7434967022621098,0.475119348497613,0.8239739592342573,0.47977041798392456,0.8340479379060464,0.9523686551692685,0.5280822871694884,7.701895635361738e-05,0.7421318176698851,0.8270104108409928,0.6903229186226449,0.18356880986324745,0.8643255079196674,0.1275953242882797,0.02657648,9
754,1,69,68,False,True,False,False,True,2.2666666666666666,0.0,1.0,0.822959271352466,0.8212887185330986,0.9066666666666666,0.140748031496063,0.2862690832615644,0.6666347115134417,0.05480751795767968,0.667853052503993,0.7422624426285707,0.4758307591500516,0.8231456382319516,0.47819554134926096,0.8311441361889218,0.9527523822503294,0.5360404273521278,7.981545650674715e-05,0.740477633640152,0.8261900065340944,0.6892038238534607,0.18387670299897393,0.8643606949908097,0.12829252759638535,0.03051038,10
755,0,69,68,False,True,False,False,True,2.2666666666666666,0.0,1.0,0.8303878100475454,0.8357937083462827,0.9066666666666666,0.06692913385826771,0.2862497298587524,0.6707158410824579,0.054507673097603536,0.6714995197962086,0.740609096537503,0.4779509501076477,0.8223442491575561,0.4768376477175954,0.8262285186864347,0.9534194249940273,0.5409545789149075,8.255963206660283e-05,0.739023001156969,0.8254074282454443,0.6900961839258974,0.18370074179101695,0.8643308546894692,0.11842493591807134,0.03459154,11
756,9,70,69,False,False,True,False,True,2.3,0.02857142857142857,0.9714285714285714,0.08637222890531027,0.08425705307503717,0.92,0.732283464566929,0.8174307497615767,0.2810855165550519,0.3155743156306775,0.28334078034400056,0.7858157189614384,0.6298250335423883,0.8023961648277779,0.6659231693517341,0.16241753896096536,0.999005283787548,0.6904615058127581,2.6360795660169976e-08,0.7700645590378388,0.8057286322223878,0.7134704155115141,0.1775721976964386,0.9362723001260713,0.2379876724817288,0.0,0
757,10,70,69,True,False,False,False,True,2.3,0.0,1.0,0.48191556395715185,0.4686107945716358,0.92,0.8061023622047243,0.8173716143640957,0.28105698516824384,0.3156644945359635,0.283094258611569,0.7820357583262124,0.6332525975849481,0.8024155713619453,0.66525903804202,0.10605674154964964,0.9986997265353965,0.7226090762588782,3.244021731357539e-08,0.7732664304948347,0.8057421889832702,0.7045809588389093,0.18231556300422408,0.9381507456177299,0.34322620389345215,6.566e-05,2
758,11,67,69,False,True,False,False,True,2.3,0.0,1.0,0.6248175516984591,0.627948133568148,0.92,0.8799212598425196,0.8181005925366827,0.27907120064640706,0.31605097555861805,0.28150727495904143,0.7895589371511023,0.6250582701488346,0.802483289395608,0.6572184178905985,0.09714495233953459,0.9986339243716098,0.7328651294192545,2.132667106253058e-08,0.7819252910340027,0.8057884642412436,0.704305625311951,0.175206950086417,0.9261266849262052,0.20635254051305524,0.00212277,3
759,7,70,69,True,False,False,False,True,2.3,0.0,1.0,0.9072005499226671,0.9156911495562692,0.92,0.5846456692913385,0.8160168761672522,0.28530930305810814,0.3151813932576454,0.28620659548351635,0.7640549793539605,0.6734908265468502,0.8023453823748048,0.6955690087609804,0.15852723592027174,0.9995940483331016,0.7224101227543123,1.8184683676674393e-07,0.7549642824232868,0.8057048856045942,0.7105208782348774,0.19000160168339641,0.9576812419084714,0.41621602511186984,0.00445415,4
760,6,70,69,False,True,False,False,True,2.3,0.0,1.0,0.9956464455519276,0.9959080078732001,0.92,0.5108267716535433,0.8155136876941388,0.2868910831427436,0.31507511097641533,0.287182410674391,0.755088407005838,0.692687681362913,0.8023339299008991,0.7071957979958237,0.13270627574681257,0.9998277522878176,0.7504625668981157,6.8737689334974e-06,0.7541944373342617,0.8056996449358527,0.7068604190755429,0.19649792733765328,0.9642883768926208,0.5396887822768917,0.0061139,5
761,5,70,69,True,False,False,False,True,2.3,0.014285714285714285,0.9857142857142858,0.6331603368276336,0.6172295314064713,0.92,0.437007874015748,0.8154806256310014,0.2879687136224818,0.31502680084858353,0.2878924446224879,0.754499742883896,0.708923055321539,0.8023293220496127,0.7178255765798346,0.11007313000926226,1.0,0.7545411137417184,8.583015732499044e-06,0.7541062830836807,0.8056980636111742,0.7029330987717263,0.1979972752917762,0.9698533686154002,0.5854177718604234,0.00715412,6
762,4,70,69,False,True,False,False,True,2.3,0.0,1.0,0.9223234232686028,0.9200421285265376,0.92,0.3631889763779527,0.815468529754244,0.2887604596064038,0.3149999618886769,0.2884252910753997,0.7544425270888656,0.7236575244157385,0.8023274329356677,0.7278471436404148,0.11007313000926226,1.0,0.7545411137417184,1.1421254114123921e-05,0.7539205121379353,0.805697690486224,0.7090222426036954,0.19456972947354034,0.9726977968258098,0.5014882820813583,0.00792181,7
763,3,70,69,True,False,False,False,True,2.3,0.0,1.0,0.5118863493154608,0.5032632342277013,0.92,0.28937007874015747,0.8154524019185674,0.2890771579999726,0.3149865424087237,0.2886307258524259,0.7542698542241232,0.7266457221754189,0.8023269696750323,0.7297703596551603,0.11007313000926226,1.0,0.7545411137417184,1.7050150164283292e-05,0.7534709068384032,0.8056975510034822,0.7280504650477926,0.21245015233583933,0.9893649280162596,0.98036395877855,0.00823287,8
764,2,70,69,True,False,False,False,True,2.3,0.014285714285714285,0.9857142857142858,0.6719573809932978,0.6838288614938361,0.92,0.21555118110236218,0.8154201462472139,0.28978758953149175,0.3149784907207517,0.28909295410073493,0.7535957879009603,0.7381915192361697,0.8023267653002909,0.7372697472031358,0.11007313000926226,1.0,0.7545411137417184,3.348357471272689e-05,0.7534709068384032,0.8056975510034822,0.694399092473775,0.21414676282273754,0.8593585592962321,0.13306564839118407,0.00893133,9
765,1,70,69,False,True,False,False,True,2.3,0.0,1.0,0.8161367932634473,0.8098449532097103,0.92,0.1417322834645669,0.2864497150211436,0.6237486133746011,0.05852578746313535,0.6250969395354091,0.7518377277588173,0.4722737058878593,0.83424356315975,0.4738033854014769,0.7209720882507351,0.47093755503941837,0.2551777649563296,5.126976537711373e-05,0.751069095618876,0.8371484561941085,0.6836394663674085,0.1825991707269745,0.8642246035329392,0.14144746609881687,0.63194846,10
766,0,70,69,False,True,False,False,True,2.3,0.0,1.0,0.8259849916938764,0.8289340101522843,0.92,0.06791338582677164,0.2864110082155195,0.6276756734548541,0.05815573188394361,0.6292775372478929,0.7511951933359597,0.47260600954787985,0.833048705187352,0.47652267239066276,0.8605601762817154,0.94865214809874,0.5232377693333066,5.357631954250362e-05,0.750523298078203,0.8359724873156752,0.6840602668424267,0.18302688389418947,0.8642118042778412,0.14080887390901276,0.63411884,11
767,9,71,70,False,False,True,False,True,2.3333333333333335,0.028169014084507043,0.971830985915493,0.08236237612419084,0.08089022410994862,0.9333333333333333,0.733267716535433,0.8238012448538765,0.2613874471028088,0.3259395219465932,0.2614362972435789,0.7959781583494083,0.6223489812474648,0.8060522391817948,0.6131391374342343,0.08323979936887996,0.9993009025463406,0.6044804329228257,9.033522894790458e-09,0.7989617142252575,0.8088269395220808,0.6916771371041043,0.17086423566514763,0.8830936331402309,0.15060449579998952,0.0,0
768,10,71,70,True,False,False,False,True,2.3333333333333335,0.0,1.0,0.48889270779629945,0.4786249525190788,0.9333333333333333,0.8070866141732282,0.82397435029014,0.26147304126323284,0.3259416690633858,0.2617906722339491,0.7978223161427977,0.6228056257605542,0.806089204895042,0.6162996231961829,0.08605190557951861,0.9994648783946221,0.7117760579352603,9.041825167109897e-09,0.7947992710071774,0.8088751214635475,0.6961881363670647,0.1702718052948416,0.8827661437796734,0.1317991925975446,0.00019311,2
769,11,68,70,False,True,False,False,True,2.3333333333333335,0.0,1.0,0.618834851349029,0.6199333540522809,0.9333333333333333,0.8809055118110236,0.8245485012402307,0.2599323463756008,0.32733622142013097,0.2598133625050717,0.7979712132298387,0.6239953664700927,0.8068260066081754,0.6146120553889945,0.08268623673319536,0.9994643835514863,0.6210333645027155,8.957167478201097e-09,0.7977198496964237,0.8095492651665521,0.6941714708467113,0.17073029106557946,0.8813348494785559,0.14392723349882913,0.00163576,3
770,7,71,70,True,False,False,False,True,2.3333333333333335,0.0,1.0,0.9103626052586354,0.9139645705998136,0.9333333333333333,0.5856299212598425,0.8226776723017327,0.264198359331133,0.32332648081008997,0.2653857808319081,0.7953747243357193,0.6162524571749509,0.8048479550346282,0.6166915924919215,0.08711398671604553,0.999396079745575,0.6305632373714263,9.337600990824632e-09,0.795734572894163,0.8077455861239594,0.6934903724566976,0.17221072219167716,0.8870288537330328,0.1540162164620719,0.00302715,4
771,6,71,70,False,True,False,False,True,2.3333333333333335,0.0,1.0,0.9916824196597354,0.9849960288684001,0.9333333333333333,0.5118110236220472,0.8221873860971606,0.2659205138388638,0.32208974153759545,0.26749662316585265,0.7958380449965973,0.6157376205185809,0.8043273313086945,0.6199214894833238,0.1193677988547878,0.9994334049428328,0.6136123987824045,9.538291101448814e-09,0.7960309821949647,0.8072944478129837,0.6936658274433843,0.17169539551961455,0.8889777160665493,0.1380957094058669,0.00481178,5
772,5,71,70,True,False,False,False,True,2.3333333333333335,0.014084507042253521,0.9859154929577465,0.6237268717419946,0.6165647985082359,0.9333333333333333,0.43799212598425197,0.8216648442212353,0.2674920226242484,0.3209496225207645,0.2693352644202374,0.796134304149163,0.6135074417298512,0.8038866494273132,0.6209364099812181,0.07049771896855642,0.998897539099262,0.6820225613274176,9.829899456040923e-09,0.7970758377786197,0.8069152058351816,0.6931498360468696,0.17211278609224723,0.8921911344876149,0.13819011681243398,0.00646762,6
773,4,71,70,False,True,False,False,True,2.3333333333333335,0.0,1.0,0.9225296442687747,0.9117890811146794,0.9333333333333333,0.36417322834645666,0.821200362553746,0.2692004820663114,0.3198900203836533,0.2711122752415143,0.7971786304538033,0.6124730880838716,0.8035161974745295,0.6218603376068874,0.04961238315587767,0.9987231930604876,0.6175815211984959,1.0318550891293825e-08,0.7981723986116374,0.8065902517587696,0.6929240130485418,0.17296871029952027,0.8968728530519594,0.178984640198529,0.00823457,7
774,3,71,70,True,False,False,False,True,2.3333333333333335,0.0,1.0,0.5123675316491951,0.5129148105942885,0.9333333333333333,0.2903543307086614,0.8207745876918808,0.2712855558142401,0.31889161107512903,0.2733515143111001,0.7982746358161452,0.6152653748946926,0.8031987751446769,0.6280041063450029,0.06570604801067512,0.9990298883368096,0.6672701589638501,1.0977214082816185e-08,0.7992098311644432,0.8063294371600561,0.6931495895426598,0.17166456894013504,0.8999954918430181,0.16309261651370238,0.01035052,8
775,2,71,70,True,False,False,False,True,2.3333333333333335,0.014084507042253521,0.9859154929577465,0.6770052128086155,0.6868538278255465,0.9333333333333333,0.21653543307086615,0.8203004293229859,0.2730693381174763,0.3180123667485899,0.2753545033871059,0.7993115428501255,0.6149377515679116,0.802944005675411,0.6323542655825294,0.03535642841293182,0.9983546732856632,0.719783936494041,1.1992130278492843e-08,0.7999104116966489,0.806124966516969,0.6935082545301707,0.1716631197668109,0.9051416656287127,0.1777120351455744,0.01219517,9
776,1,71,70,False,True,False,False,True,2.3333333333333335,0.0,1.0,0.8208718565618376,0.8216374874823026,0.9333333333333333,0.14271653543307086,0.8197714363127897,0.2749010531505498,0.31724262537846953,0.27735235659368596,0.8000117684982883,0.6154666292240007,0.8027442742283345,0.6381501615706769,0.0,0.998262293288382,0.7381373972902532,1.3656785254592018e-08,0.7989676867788142,0.8059665913321818,0.6947161639425576,0.17315830587134567,0.9124812547130189,0.23933582700672001,0.01410166,10
777,0,71,70,False,True,False,False,True,2.3333333333333335,0.0,1.0,0.8185575986710202,0.8184467695707724,0.9333333333333333,0.06889763779527558,0.8191166461843155,0.2771744340514113,0.3165727249392018,0.27970458479063626,0.7990695211244543,0.6224398577178696,0.8025895698445611,0.6503614050232732,0.058629225556125694,0.9986370472566377,0.6961880508525158,1.6306057116082625e-08,0.7894522827099695,0.805857789077639,0.70112102826684,0.17133178127730897,0.9182913298213818,0.17968295189121977,0.01646737,11
778,9,72,71,False,False,True,False,True,2.3666666666666667,0.027777777777777776,0.9722222222222222,0.06816749727902849,0.07310335301633353,0.9466666666666667,0.734251968503937,0.8302039956175294,0.2428477519549706,0.34140413064475666,0.24474472161019784,0.8009810493065965,0.6192599613092453,0.8174726903682229,0.6237952193744823,0.17878891993556284,0.9996378212290957,0.6933131727115374,8.780469351545143e-09,0.7976733491008747,0.8196379797880173,0.6961859924484121,0.1713489507758518,0.8724130260189871,0.1721914831916314,0.0,0
779,10,72,71,True,False,False,False,True,2.3666666666666667,0.0,1.0,0.48089591567852435,0.4837701578093167,0.9466666666666667,0.8080708661417323,0.8301513113543187,0.24281693805721793,0.341458882122966,0.24468309117708986,0.8001762716374073,0.6192148740990359,0.8175748346313938,0.6238093349354301,0.1596675211338187,0.9996476969970347,0.7324274317092094,8.722824230993693e-09,0.7994007822338716,0.8197621051664176,0.694553054171544,0.1713002806739082,0.8722661359111068,0.15828713729364252,6.103e-05,2
780,11,69,71,False,True,False,False,True,2.3666666666666667,0.0,1.0,0.6140230280116858,0.6172105390379502,0.9466666666666667,0.8818897637795275,0.8307319134386802,0.2409544091263917,0.3430821024181151,0.24261847166797634,0.8001166616352071,0.6182577459515118,0.8191961695353913,0.6207460248947165,0.19780088501162513,0.9993739785284479,0.7381075542645683,8.558583000865526e-09,0.800074998208234,0.8213074240985919,0.6939646233441629,0.17131654522325493,0.8718969551915148,0.1532827464177072,0.00196556,3
781,7,72,71,True,False,False,False,True,2.3666666666666667,0.0,1.0,0.9156212407630177,0.9112711074277426,0.9466666666666667,0.5866141732283464,0.8287385129490393,0.2467919308673085,0.3383380478650305,0.24897154214751244,0.7977056545075906,0.6236539361602547,0.8146627378165869,0.6326051959263191,0.1899118019233793,0.9989515478587192,0.7531981775858982,8.929499630324807e-09,0.7939026200739232,0.8170446840154532,0.6968511488730376,0.17126155332049547,0.8725706401061265,0.14057345414836164,0.00420763,4
782,6,72,71,False,True,False,False,True,2.3666666666666667,0.0,1.0,0.9921521452712379,0.9898822473151697,0.9466666666666667,0.5127952755905512,0.8278160007483316,0.24851408537503933,0.3368887440300759,0.25065610731912746,0.7940070201650659,0.6240779743517739,0.813410895825989,0.6338811959729821,0.20983932624584153,0.9987474498214897,0.7482243399717483,8.933213063052358e-09,0.7936781373823835,0.8158898640841116,0.6942877916604681,0.17220989594358788,0.8726921379563825,0.11995542744447751,0.00614897,5
783,5,72,71,True,False,False,False,True,2.3666666666666667,0.013888888888888888,0.9861111111111112,0.6218250558515208,0.6162143029800753,0.9466666666666667,0.43897637795275585,0.8272837821710003,0.2502602062476889,0.335507074374086,0.25200170510864933,0.7937826511868273,0.6247383693718993,0.8122828421723336,0.6324039616896676,0.2351885983109195,0.9981704821138524,0.7156854942999822,8.938154289387749e-09,0.7938027931073319,0.8147983733130996,0.6939519003103203,0.17287974269313625,0.873364208433264,0.1277013904131277,0.00796694,6
784,4,72,71,False,True,False,False,True,2.3666666666666667,0.0,1.0,0.9302629317752191,0.9150695811319451,0.9466666666666667,0.3651574803149606,0.8267870448321577,0.2522631096016106,0.3341350667436623,0.2534756996338124,0.7939072437665333,0.6277426752784799,0.8112166498433349,0.6318345562930904,0.21300669122982885,0.9976991059096232,0.6990828243439509,8.892988185874743e-09,0.7942010771073729,0.8137967235383186,0.6937439124607397,0.17170250130789289,0.873810768689519,0.10317541330730835,0.01001621,7
785,3,72,71,True,False,False,False,True,2.3666666666666667,0.0,1.0,0.5196654637108323,0.527936047515453,0.9466666666666667,0.29133858267716534,0.8263128864632626,0.25388939864966653,0.33279526586512653,0.2546004550380311,0.7943053260129861,0.6278096040438079,0.8102382161867454,0.6281027986141086,0.18589416979282364,0.9980045182848527,0.6229632134970058,8.850812409005973e-09,0.7951476415239227,0.8128516278637097,0.6933391133057446,0.17149778082996636,0.8748041017669442,0.09813693606693039,0.01170721,8
786,2,72,71,True,False,False,False,True,2.3666666666666667,0.013888888888888888,0.9861111111111112,0.673538408661282,0.6778790704098899,0.9466666666666667,0.21751968503937008,0.8258903371685327,0.25547460250071896,0.33144902363621315,0.2557046669645471,0.7952514109406099,0.6275388467658898,0.8093150258261861,0.6237368906102355,0.1327266442651498,0.9985215609717182,0.6720748860991184,8.845267721331243e-09,0.795898135539424,0.8119481912438651,0.6933239335108374,0.17177239987486376,0.8761597114766231,0.11417157283809448,0.01334335,9
787,1,72,71,False,True,False,False,True,2.3666666666666667,0.0,1.0,0.8172503866643753,0.8193963879968231,0.9466666666666667,0.1437007874015748,0.8254419833367201,0.25725838480395513,0.3300802366809783,0.25709648757889986,0.796001524788039,0.6289796873537397,0.8084325289518224,0.6212930320458231,0.09021070138187087,0.9985130509877918,0.6425402383462984,8.83239485608325e-09,0.7968692727477501,0.8111029730689957,0.6932081990939974,0.1705154427359881,0.8773474391940614,0.10404186171105567,0.01517706,10
788,0,72,71,False,True,False,False,True,2.3666666666666667,0.0,1.0,0.8237726986309217,0.8182447598328672,0.9466666666666667,0.06988188976377951,0.8250033062063138,0.2586484339692409,0.328717891076121,0.25836504732703675,0.7969721700599168,0.6270792380417486,0.8076069011423078,0.6173855881289299,0.036254519938724694,0.9990083767679017,0.672154467500945,8.859091166169017e-09,0.7978688222465675,0.8103035495935523,0.6933051169962398,0.17009702625428585,0.8791474822199512,0.11187528483531875,0.01663456,11
789,9,73,72,False,False,True,False,True,2.4,0.0273972602739726,0.9726027397260274,0.09874548891562118,0.08377361096722957,0.96,0.735236220472441,0.8354240384315572,0.22483303432439955,0.36061009035389535,0.22464635259113175,0.7937536563359717,0.629179927610846,0.8412045359497445,0.619390231098564,0.16142482036264202,0.9992406787819537,0.6750923475850361,6.7422523883622184e-09,0.7962672393492306,0.842829531865198,0.6920244685929057,0.17113840091679391,0.8681053863889571,0.11284802985393708,0.0,0
790,10,73,72,True,False,False,False,True,2.4,0.0,1.0,0.48379446640316204,0.49008943678994443,0.96,0.8090551181102362,0.8352928653680534,0.22457511058765522,0.3605832513939887,0.22468401563358653,0.7927562334665389,0.6270261162594777,0.841221231555461,0.6194255783296976,0.18173372768447496,0.9986943497433547,0.6966854346139306,6.770315429797244e-09,0.7935219977679715,0.8428258893597371,0.6933007327501033,0.17224557484104255,0.8682085803896469,0.1264938381237319,0.00028936,2
791,11,70,72,False,True,False,False,True,2.4,0.0,1.0,0.6222031276851693,0.6245433198660175,0.96,0.8828740157480315,0.8358799185866856,0.22307207713060984,0.36234174004706693,0.22335382545234173,0.7935928201926963,0.6279860526069456,0.8438943896196028,0.6224801390557739,0.11968854074611356,0.9993328129261596,0.654964884706444,6.612323201997283e-09,0.7926511994593987,0.8455148989681062,0.6944065878095305,0.17147508111430051,0.8677708682645777,0.10952771437772651,0.00181901,3
792,7,73,72,True,False,False,False,True,2.4,0.0,1.0,0.9170189608752936,0.9041593287061017,0.96,0.5875984251968503,0.8344703457485413,0.22755721113682742,0.3570276259855669,0.22779121663610818,0.7945688380398797,0.6247318169053637,0.8360750984767038,0.6162058305432742,0.21201714818414336,0.9980811585198599,0.695899568270895,7.081760145668736e-09,0.7950252894982032,0.8377232435558474,0.6937643413831648,0.17081898573226165,0.868910901991159,0.12342057879631307,0.00288629,4
793,6,73,72,False,True,False,False,True,2.4,0.0,1.0,0.9880850088789597,0.9878621499361167,0.96,0.5137795275590551,0.8340090896481875,0.2288103096454347,0.355233709905412,0.22943469485231804,0.7951291208931777,0.6211506599269868,0.8336101701966467,0.6150043746573185,0.22759181912343046,0.9981644083604935,0.6873346198993295,7.277048537678272e-09,0.7950818581126049,0.8352657291791585,0.6941852058984914,0.171622025677669,0.8693784302749007,0.14177536636859459,0.00422147,5
794,5,73,72,True,False,False,False,True,2.4,0.0136986301369863,0.9863013698630136,0.6277539096064616,0.6253237335543355,0.96,0.4399606299212598,0.8334897733393973,0.23035100453306667,0.3534269111245019,0.23138118936464164,0.7951856608523461,0.6196377422072452,0.8312096157930576,0.6163475694403938,0.21184592480078707,0.9984594731910521,0.7411515428844277,7.43951180361675e-09,0.793725491199869,0.8329519536718135,0.6952587502722558,0.17129363261811448,0.8695768536895917,0.12572988106980235,0.00584717,6
795,4,73,72,False,True,False,False,True,2.4,0.0,1.0,0.9276737125508392,0.9129804205946338,0.96,0.3661417322834645,0.8328317576437878,0.23171708733343366,0.35166198112104624,0.2330554827974053,0.7938299810169005,0.6163947393054386,0.8289494686965603,0.6154404404988276,0.18783507943620614,0.9991408771134656,0.6815948112926007,7.606223625081513e-09,0.7949170156344388,0.8307635924294166,0.6931328352163396,0.17211194791689577,0.8698713066665442,0.1247514092410716,0.00735596,7
796,3,73,72,True,False,False,False,True,2.4,0.0,1.0,0.5092856733688491,0.5180945474636556,0.96,0.29232283464566927,0.8324414640204114,0.2332440871553979,0.34992281651910073,0.23472464036074348,0.7950209018763078,0.6141205653842554,0.826811829028239,0.6144181705766382,0.1778146231085297,0.9994394834412428,0.7594751606549546,7.798735857755273e-09,0.7965083598685356,0.8286485296046031,0.6929229925509911,0.17281620805597592,0.8703809776027361,0.14126546203734475,0.00892421,8
797,2,73,72,True,False,False,False,True,2.4,0.0136986301369863,0.9863013698630136,0.6768367989918085,0.6802185848958873,0.96,0.218503937007874,0.8320769749341178,0.23514085375039367,0.3481772105667776,0.23667627074249264,0.7966114400036839,0.6148249555368343,0.8247457888755809,0.6157204185672123,0.1985538103377688,0.9993848169372987,0.7612955852217336,7.962473561736978e-09,0.7981869887067545,0.826669640445484,0.692953446042148,0.1720396364138757,0.8706241562131551,0.12742454539933118,0.01083762,9
798,1,73,72,False,True,False,False,True,2.4,0.0,1.0,0.8176651200091654,0.8214061259021375,0.96,0.14468503937007873,0.831699583579283,0.23688355085662632,0.3464766940670976,0.23838137939181037,0.7982892185205461,0.614298418047365,0.8228127661717468,0.6150295726834731,0.21533399781613105,0.9992184659048444,0.7266179893758826,8.151121419452749e-09,0.7996710829434109,0.8247781714174277,0.6930934547393363,0.17197269135865698,0.871199848102971,0.13690780551674295,0.01261295,10
799,0,73,72,False,True,False,False,True,2.4,0.0,1.0,0.8193664432605832,0.8121758348009255,0.96,0.07086614173228345,0.8312834854188238,0.23876319861953732,0.3447793982426064,0.24026110760160035,0.7997725609787296,0.6148787793690911,0.8209651373856761,0.615761715332299,0.20436258349736264,0.999283617582448,0.7140441278873126,8.38125196862679e-09,0.8000153579948602,0.8229672297793313,0.6936708895590711,0.17229714847144853,0.8718209829111736,0.168140275841827,0.0145325,11
800,9,74,73,False,False,True,False,True,2.433333333333333,0.02702702702702703,0.972972972972973,0.09788623474823843,0.0889533478365967,0.9733333333333334,0.7362204724409448,0.8411924276585931,0.20338884399950696,0.3809379185871285,0.20563507593382946,0.793578834441107,0.6091664326500048,0.877316310019334,0.6144515346297873,0.18714625674878235,0.9986365487447948,0.6500905238445776,4.989391432369565e-09,0.7918612012682291,0.878333873171322,0.6950322756338826,0.1737958508983637,0.8663719659515435,0.14019275910681397,0.0,0
801,10,74,73,True,False,False,False,True,2.433333333333333,0.0,1.0,0.47508735750701725,0.47662212092959017,0.9733333333333334,0.81003937007874,0.8414020895223904,0.20365247401361286,0.38092503588637333,0.20585591831913258,0.7954130998736164,0.6114340541046523,0.8773553394189272,0.6162660258279768,0.15788708760528983,0.9991841578923646,0.681803712472395,4.992689812276454e-09,0.7944823843798954,0.8784309319322202,0.694654289091422,0.17266265518756016,0.8662700233979331,0.13133672183836692,0.00033684,2
802,11,71,73,False,True,False,False,True,2.433333333333333,0.0,1.0,0.6174027610700579,0.615898339031044,0.9733333333333334,0.8838582677165353,0.8420181728452405,0.20176940248428488,0.3829572819304985,0.20376048359346505,0.7962241029078423,0.6112187587756248,0.8815634531548673,0.6138120180585854,0.16092134739951608,0.9991811594040692,0.7145813023496408,4.815211801911018e-09,0.7953094124031167,0.8825063911961203,0.6946616814082136,0.172606788550954,0.8662776792864465,0.1491335565210836,0.00181781,3
803,7,74,73,True,False,False,False,True,2.433333333333333,0.0,1.0,0.9148650970957208,0.8989070755205636,0.9733333333333334,0.5885826771653543,0.8400860581311711,0.20747339733494025,0.37697326742973053,0.20953320082790217,0.7926142439763196,0.6123841617523168,0.8694853045825879,0.6173439413912577,0.13996807438603964,0.9984595879823281,0.6526868670791637,5.407345806813399e-09,0.7943584965546899,0.8705868244413236,0.692538337892563,0.17422877770946157,0.866670959090419,0.16142887793214925,0.00423174,4
804,6,74,73,False,True,False,False,True,2.433333333333333,0.0,1.0,0.9926218708827405,0.9923167236437722,0.9733333333333334,0.514763779527559,0.8397764036861781,0.20972965940371685,0.3750086555645699,0.21176216815863674,0.7944626657183643,0.6160387999625574,0.8657120429509509,0.621441420422067,0.10137023819429182,0.99921836755412,0.7008435628593597,5.596225319883886e-09,0.796215278133287,0.8669609063898511,0.692719495739608,0.17287113609162003,0.8666203514977784,0.14534756190509512,0.006497,5
805,5,74,73,True,False,False,False,True,2.433333333333333,0.02702702702702703,0.972972972972973,0.6283542418514063,0.6242290824959426,0.9733333333333334,0.4409448818897638,0.8394441702712379,0.21164354483079745,0.37311489855356256,0.21368298332383195,0.7963185067310692,0.6171503791069924,0.8621701659926385,0.6233627699163565,0.1326237429935707,0.9985561537547891,0.7157451803513517,5.782552020571194e-09,0.7980375042234487,0.8634906634179254,0.692841965052269,0.17239570403851703,0.86673675983607,0.14584290873542755,0.0084378,6
806,4,74,73,False,True,False,False,True,2.433333333333333,0.0,1.0,0.9191842813770981,0.9162954521910287,0.9733333333333334,0.3671259842519685,0.8390861323192152,0.2135574302578781,0.37125012761925436,0.21556784740304763,0.7981398097596667,0.6183855190489563,0.8587803558955741,0.6252375730567772,0.14508294421115703,0.9984926285800948,0.7512782762668364,5.968000805518964e-09,0.7989392744883229,0.8601402868949377,0.69348774976927,0.17252258678105317,0.8668973251635639,0.15413768013988355,0.01038444,7
807,3,74,73,True,False,False,False,True,2.433333333333333,0.0,1.0,0.5023199862519333,0.5076660105666633,0.9733333333333334,0.2933070866141732,0.8386151995174551,0.21574864076473244,0.3694014600608901,0.21756056474020197,0.7990411232264104,0.622209351305813,0.8555076339972892,0.6282536367984508,0.1650684840647076,0.9990593386756128,0.7315520362891188,6.111084944992461e-09,0.7979438204548015,0.8569941708704915,0.6947327322289604,0.17115175906634375,0.8668892016047495,0.13078653225045966,0.01262564,8
808,2,74,73,True,False,False,False,True,2.433333333333333,0.013513513513513514,0.9864864864864865,0.6827232628744916,0.684945958078663,0.9733333333333334,0.21948818897637795,0.8379442815533041,0.2175529656664703,0.36761398533111284,0.21914754839272965,0.7980461734471976,0.6231447159037724,0.8524344382722401,0.6281146976820149,0.1499332357961952,0.9990552893488007,0.682738793943855,6.241481742711825e-09,0.7963455651230176,0.8539768314237264,0.6951749753033352,0.17148410148797563,0.8670301036177576,0.12112420274332622,0.01453179,9
809,1,74,73,False,True,False,False,True,2.433333333333333,0.0,1.0,0.811783238815375,0.8173952829862909,0.9733333333333334,0.14566929133858267,0.8372249800821231,0.21940522329804574,0.3658458346524683,0.22058559183191329,0.7964487277230001,0.6246021716746233,0.8494870343568195,0.6266871595058388,0.15500760973368552,0.9990353762633912,0.6623659550762988,6.3786973337588255e-09,0.7948850198118135,0.8510405237138312,0.6948879058743453,0.1722841037651484,0.8672770790304042,0.12829500929684545,0.01650046,10
810,0,74,73,False,True,False,False,True,2.433333333333333,0.0,1.0,0.8255187030990434,0.8135829966504369,0.9733333333333334,0.0718503937007874,0.8365411598494306,0.22144578808255383,0.3640776839738236,0.22214176026788685,0.7949889222613935,0.6279048488252365,0.8466187840344027,0.6261401523547322,0.10347196826966087,0.999632159423292,0.6835545033125756,6.485297202835718e-09,0.7934882101792791,0.8482514853016498,0.6947661561897287,0.1714173165306544,0.8673798140311825,0.10523101776404899,0.01864638,11
811,9,75,74,False,False,True,False,True,2.466666666666667,0.02666666666666667,0.9733333333333334,0.10928567336884909,0.10152284263959399,0.9866666666666667,0.7372047244094487,0.8467834106931851,0.18747403643800464,0.4030263825902323,0.18888358182381576,0.7945757456367012,0.6287547973415708,0.9284661719658336,0.6346012062388446,0.06523026420129333,0.999235280807742,0.7385585155415844,3.3983123729764564e-09,0.7906581583375142,0.9297500792945419,0.697595187889286,0.17219320467411633,0.8644697257938604,0.10890575338178868,0.0,0
812,10,75,74,True,False,False,False,True,2.466666666666667,0.0,1.0,0.4804834736781807,0.4748955419731345,0.9866666666666667,0.811023622047244,0.8464759066262826,0.18744436379572438,0.40302530903183603,0.188784288348253,0.7915269370692345,0.628802302723954,0.9285176272752551,0.6336264159307521,0.09672205339714865,0.999400000659147,0.7762270457394105,3.3898689609561107e-09,0.7905658397239657,0.9298643979274703,0.694878327572949,0.17254832778179388,0.8644192737854487,0.1010131213476366,0.00030893,2
813,11,72,74,False,True,False,False,True,2.466666666666667,0.0,1.0,0.613518932233488,0.6112711074277427,0.9866666666666667,0.8848425196850392,0.8470307041735614,0.18556129226639634,0.4049770381962416,0.18732570143136673,0.7922194876098179,0.6266217354675654,0.9336363357688846,0.6341387757958961,0.11293015351220768,0.9994079820963133,0.7847621510852911,3.312435624469007e-09,0.7914212800376783,0.934882649681757,0.6947856643138277,0.1727767637749228,0.8644237213776174,0.12618159505707607,0.00192866,3
814,7,75,74,True,False,False,False,True,2.466666666666667,0.0,1.0,0.911382253537263,0.8986808936772679,0.9866666666666667,0.5895669291338582,0.8453598603974546,0.19108725126336978,0.3991766021812345,0.19109542958979808,0.7898281799249884,0.6327997753440046,0.9187252439748022,0.6266938089849629,0.10637610737945935,0.9994981838393091,0.7547599625967407,3.561379411270863e-09,0.7892732084898996,0.9199573434591248,0.6943930958453784,0.17226098817930716,0.86471852468299,0.09343722485844591,0.00388353,4
815,6,75,74,False,True,False,False,True,2.466666666666667,0.0,1.0,0.9871226442114911,0.9865672157187748,0.9866666666666667,0.515748031496063,0.8448566719243412,0.1926176748517509,0.39723775571758413,0.19213287521378053,0.78937995364235,0.6326825329963494,0.9139382580078693,0.6215453622799547,0.11395870375037376,0.9994221358309847,0.7535065555179756,3.6630388223059723e-09,0.7887297914384299,0.9150416422432005,0.6944926225613667,0.1718108693539751,0.8649813630155387,0.09433977160290012,0.00549266,5
816,5,75,74,True,False,False,False,True,2.466666666666667,0.02666666666666667,0.9733333333333334,0.6283542418514063,0.6242290824959426,0.9866666666666667,0.44192913385826765,0.8443502578840925,0.19392212985661267,0.395250599126102,0.19327303822627617,0.7888368118626461,0.63054783300571,0.9091364923244004,0.6166418963847832,0.134373416487279,0.9996568769202421,0.732079263076219,3.7996806196650586e-09,0.7911317818345638,0.910088955587211,0.6919501865250904,0.17271438771904846,0.8652746619762052,0.12240427720454783,0.00689189,6
817,4,75,74,False,True,False,False,True,2.466666666666667,0.0,1.0,0.9147963567623303,0.9157256811353983,0.9866666666666667,0.3681102362204724,0.8441405960202955,0.1954491296785768,0.39320547038122167,0.19488570122593202,0.7912375855134901,0.6301226247308809,0.9042985984449547,0.6152861025886306,0.15172130909933834,0.9996568659903597,0.7588683524660282,3.937894521607556e-09,0.7937628623206955,0.9052438629386836,0.6919644550846907,0.1712577320019556,0.8654088283580286,0.11627431139360284,0.00840158,7
818,3,75,74,True,False,False,False,True,2.466666666666667,0.0,1.0,0.5003723434725325,0.5051624710798025,0.9866666666666667,0.29429133858267714,0.8439244830222276,0.19664402415809584,0.39116356231153016,0.19641619031477742,0.7938673332071203,0.6267357015819527,0.8995658047719872,0.6130245797412536,0.1361594833490334,0.9998010876020693,0.7275033324712015,4.101187138949233e-09,0.7958413109584414,0.9004155818538223,0.692614711514552,0.17053579016595155,0.8656820895878616,0.13025135591734077,0.00960532,8
819,2,75,74,True,False,False,False,True,2.466666666666667,0.013333333333333334,0.9866666666666667,0.6720582001489374,0.6699523464208018,0.9866666666666667,0.2204724409448819,0.8436180541443701,0.19774647694435693,0.3890830061395731,0.1982137446137569,0.7959447289919512,0.6220703454085932,0.8948494330062818,0.6127925479170798,0.1457418043835549,0.9998799349619576,0.7645285796709307,4.2816992971436874e-09,0.7972332572259366,0.8956787556753036,0.6932153796139705,0.17096668004604673,0.8658673786040167,0.145634036507101,0.01074907,9
820,1,75,74,False,True,False,False,True,2.466666666666667,0.0,1.0,0.8191923010826603,0.8262336406643875,0.9866666666666667,0.1466535433070866,0.843221309386723,0.19911255974472397,0.3869992292924273,0.20026295651459353,0.7973359701591816,0.6191140129177197,0.8902223964160829,0.6147457449166482,0.1206775029631004,0.9999256521521227,0.7563018522571274,4.444902469212795e-09,0.7966829290767798,0.8911831754353914,0.694549645541922,0.17049224166348806,0.865861522995123,0.12926685126980855,0.01217143,10
821,0,75,74,False,True,False,False,True,2.466666666666667,0.0,1.0,0.8209027897118635,0.8082185158327291,0.9866666666666667,0.07283464566929133,0.8426181283324141,0.20034169188841255,0.3849734245986797,0.20201428798874216,0.7967859207826562,0.6145935130581298,0.8858310141950966,0.6143523757305678,0.16272729571697697,0.9991671778656102,0.7680202136760639,4.616792654524978e-09,0.7961208264648968,0.8868143543855205,0.694494976567443,0.1712095476316422,0.8660223326723321,0.1281737497288548,0.01352502,11
822,9,76,75,False,False,True,False,True,2.5,0.02631578947368421,0.9736842105263158,0.1243398063813943,0.12578127697779629,1.0,0.7381889763779527,0.8529173641955599,0.1666518303455265,0.42780947816795545,0.1678693160905077,0.7963589289643208,0.6162727386189897,0.9999999999999999,0.612179045974732,0.19608676450652016,0.18745688586305076,0.1326124584684557,2.1314428861529365e-09,0.8003456402065481,0.9999999999999999,0.6911668503545804,0.17169389253857859,0.8645353520980192,0.152177621846467,0.0,0
823,7,76,75,True,False,False,False,True,2.5,0.0,1.0,0.9081629145901358,0.8970181981422011,1.0,0.5905511811023622,0.8520432355018821,0.17006532546323555,0.42284856481882577,0.1720875768454463,0.7992368384696857,0.6147126275390808,0.9846969720192595,0.6176116704191505,0.15970881873403212,0.9993803124907363,0.6357559238405981,2.3580951352904553e-09,0.7994094850976257,0.9850046455954262,0.6937572894954676,0.17142349446238297,0.8645097062807039,0.13393983901263193,0.00352364,2
824,6,76,75,False,True,False,False,True,2.5,0.0,1.0,0.9850833476542361,0.9847543078144964,1.0,0.5167322834645669,0.8514948890888739,0.17181144633588513,0.42046526517912264,0.1738799952750001,0.7995110956471905,0.6141509875503136,0.977477901586794,0.6179129968152495,0.12701841755287593,0.999140300695875,0.6541591230129518,2.484011519408777e-09,0.7990997655346118,0.9777168327462361,0.6942325683962784,0.17216056583409786,0.8646423043852407,0.1560729217326804,0.00535211,3
825,5,76,75,True,False,False,False,True,2.5,0.02631578947368421,0.9736842105263158,0.6330285845219683,0.6265478780344625,1.0,0.44291338582677164,0.8508852569002946,0.17388967255097987,0.41807230351385327,0.1760165169560729,0.7992015329748203,0.6164588598708228,0.9703590047886281,0.6212933820184086,0.09325192876997629,0.9996562032039007,0.6823508346099516,2.5974405288556715e-09,0.7978596074496515,0.9708156858613628,0.6948989995001711,0.17136939201871937,0.8645698605207608,0.1370878357623745,0.0075177,4
826,4,76,75,False,True,False,False,True,2.5,0.0,1.0,0.918336483931947,0.9228219206464312,1.0,0.36909448818897633,0.8501885343990607,0.17565291225571428,0.4157695207538699,0.17781407125505239,0.7979620031007433,0.6162973883740523,0.9636178118574927,0.6221046184715531,0.1091612543632649,0.9996433664118749,0.7049320573781905,2.7155766560502554e-09,0.7944186487012256,0.9641465385550796,0.6965622902993458,0.17169555322491342,0.8646180081420676,0.13463483152791011,0.00940564,5
827,3,76,75,True,False,False,False,True,2.5,0.0,1.0,0.4930400412442,0.4782796367277876,1.0,0.2952755905511811,0.8492918267354359,0.17742984702611642,0.41350538609615195,0.17955513099034975,0.7945227873944032,0.6162271833754563,0.9571032412465759,0.6225179360950059,0.10911239499977296,0.999644653086369,0.7430217058273481,2.855765909978327e-09,0.7943631039531479,0.957645506885456,0.6940331858412688,0.1734674574978098,0.8646973820358933,0.16609327381706585,0.01137146,6
828,2,76,75,True,False,False,False,True,2.5,0.013157894736842105,0.9868421052631579,0.6730251475052987,0.6694481853655168,1.0,0.22145669291338582,0.8487725104266457,0.1796039387008861,0.4112573548143781,0.181758418973956,0.794467270782912,0.6196314237573716,0.9507528897082811,0.6270584804190338,0.1339123466237664,0.9995675265310169,0.7904920120167915,2.979451150842144e-09,0.7938624333207057,0.9515429092747154,0.6944290243081777,0.17257081341711059,0.864569519826613,0.14954240214893333,0.01359915,7
829,1,76,75,False,True,False,False,True,2.5,0.0,1.0,0.817772813198144,0.8231361580165061,1.0,0.14763779527559054,0.8482080361779611,0.18145619633246135,0.4091091644634565,0.18366382653087426,0.7939668537687335,0.6206540765702518,0.9447917373721006,0.6295954316911843,0.13667330056444596,0.999626816201634,0.7781171040327874,3.0958513682018912e-09,0.7931127072049474,0.9457462821226952,0.6946132111010073,0.17263744949054632,0.8645199497416618,0.14045342694249016,0.01553535,8
830,0,76,75,False,True,False,False,True,2.5,0.0,1.0,0.8256034828435584,0.8116060637452951,1.0,0.07381889763779527,0.8476274340935996,0.18330160643120286,0.4070318289666882,0.18538434278846894,0.7932175074320623,0.621747402415052,0.9391294637480923,0.6308357345341282,0.14421511631906359,0.9996056096416113,0.8268507649762251,3.2187166631705455e-09,0.792114181572454,0.9401228140764343,0.6948240584043289,0.17378289196403332,0.8645684864323511,0.15668378790961537,0.01746993,9
831,10,76,75,True,False,False,False,True,2.5,0.0,1.0,0.472761642893968,0.4659345971891295,1.0,0.8120078740157479,0.48067078894146564,0.5224325175639217,0.11991829791181086,0.49044471493356756,0.7535957879009603,0.7381915192361697,0.8023267653002909,0.7372697472031358,0.3405411657747144,0.9956982023174543,0.5238545251974613,0.0024491658403517536,0.7534709068384032,0.8056975510034822,0.694399092473775,0.21414676282273754,0.8593585592962321,0.13306564839118407,0.51492466,10
832,11,73,75,False,True,False,False,True,2.5,0.0,1.0,0.6215844646846537,0.6184467695707725,1.0,0.8858267716535433,0.8112752924783,0.8557190594228898,0.12981060175417297,0.8567862810655902,0.7535957879009603,0.7381915192361697,0.8023267653002909,0.7372697472031358,0.5416466070261379,0.9837373362613464,0.45158466466386793,0.4605613426640927,0.7534709068384032,0.8056975510034822,0.694399092473775,0.21414676282273754,0.8593585592962321,0.13306564839118407,0.69032435,11
